high_school,fall_term,applicants,admits,enrollees,admit_rate,yield_rate,city,county,cde_district,cds_code,school_type,charter,cohort_students,graduates,grad_rate,ag_completers,ag_completion_rate,hs_completers,college_going_rate,enrolled_uc,enrolled_csu,enrolled_ccc,enrolled_in_state_private,enrolled_out_of_state,enrollment_k12,frpm_count,frpm_pct,caaspp_ela_mean_score,caaspp_mathematics_mean_score,caaspp_ela_pct_met,caaspp_mathematics_pct_met
ABRAHAM LINCOLN HIGH SCHOOL,2005,252.0,214.0,138.0,0.8492063492063492,0.6448598130841121,San Francisco,San Francisco,San Francisco Unified,38684783833241,High Schools (Public),False,,,,,,,,,,,,,,,,,,,
ABRAHAM LINCOLN HIGH SCHOOL,2006,309.0,268.0,172.0,0.8673139158576052,0.6417910447761194,San Francisco,San Francisco,San Francisco Unified,38684783833241,High Schools (Public),False,,,,,,,,,,,,,,,,,,,
ABRAHAM LINCOLN HIGH SCHOOL,2007,216.0,178.0,103.0,0.8240740740740741,0.5786516853932584,San Francisco,San Francisco,San Francisco Unified,38684783833241,High Schools (Public),False,,,,,,,,,,,,,,,,,,,
ABRAHAM LINCOLN HIGH SCHOOL,2008,216.0,176.0,98.0,0.8148148148148148,0.5568181818181818,San Francisco,San Francisco,San Francisco Unified,38684783833241,High Schools (Public),False,,,,,,,,,,,,,,,,,,,
ABRAHAM LINCOLN HIGH SCHOOL,2009,209.0,174.0,97.0,0.8325358851674641,0.5574712643678161,San Francisco,San Francisco,San Francisco Unified,38684783833241,High Schools (Public),False,,,,,,,,,,,,,,,,,,,
ABRAHAM LINCOLN HIGH SCHOOL,2010,274.0,214.0,119.0,0.781021897810219,0.5560747663551402,San Francisco,San Francisco,San Francisco Unified,38684783833241,High Schools (Public),False,,,,,,,,,,,,,,,,,,,
ABRAHAM LINCOLN HIGH SCHOOL,2011,249.0,178.0,114.0,0.714859437751004,0.6404494382022472,San Francisco,San Francisco,San Francisco Unified,38684783833241,High Schools (Public),False,,,,,,,,,,,,,,,,,,,
ABRAHAM LINCOLN HIGH SCHOOL,2012,220.0,156.0,121.0,0.7090909090909091,0.7756410256410257,San Francisco,San Francisco,San Francisco Unified,38684783833241,High Schools (Public),False,,,,,,,,,,,,,,,,,,,
ABRAHAM LINCOLN HIGH SCHOOL,2013,233.0,137.0,87.0,0.5879828326180258,0.635036496350365,San Francisco,San Francisco,San Francisco Unified,38684783833241,High Schools (Public),False,,,,,,,,,,,,,,,,,,,
ABRAHAM LINCOLN HIGH SCHOOL,2014,271.0,153.0,105.0,0.5645756457564576,0.6862745098039216,San Francisco,San Francisco,San Francisco Unified,38684783833241,High Schools (Public),False,,,,,,,,,,,,,1958.0,,,,,,
ABRAHAM LINCOLN HIGH SCHOOL,2015,262.0,145.0,90.0,0.5534351145038168,0.6206896551724138,San Francisco,San Francisco,San Francisco Unified,38684783833241,High Schools (Public),False,,,,,,430.0,83.7,66.0,94.0,180.0,11.0,9.0,2027.0,1304.0,0.643315244203256,,,,
ABRAHAM LINCOLN HIGH SCHOOL,2016,327.0,215.0,154.0,0.6574923547400612,0.7162790697674418,San Francisco,San Francisco,San Francisco Unified,38684783833241,High Schools (Public),False,,,,,,476.0,88.7,105.0,109.0,189.0,10.0,9.0,2046.0,1060.0,0.5180840664711632,2611.5,2624.3,67.0,51.0
ABRAHAM LINCOLN HIGH SCHOOL,2017,365.0,204.0,122.0,0.5589041095890411,0.5980392156862745,San Francisco,San Francisco,San Francisco Unified,38684783833241,High Schools (Public),False,505.0,456.0,90.3,319.0,70.0,469.0,84.0,77.0,129.0,157.0,18.0,13.0,2072.0,1097.0,0.5294401544401545,2622.3,2621.6,70.0,55.0
ABRAHAM LINCOLN HIGH SCHOOL,2018,350.0,209.0,129.0,0.5971428571428572,0.6172248803827751,San Francisco,San Francisco,San Francisco Unified,38684783833241,High Schools (Public),False,529.0,471.0,89.0,247.0,52.4,477.0,82.0,97.0,114.0,147.0,13.0,20.0,2067.0,1031.0,0.4987905176584422,2636.6,2631.7,74.1,57.81
ABRAHAM LINCOLN HIGH SCHOOL,2019,331.0,189.0,103.0,0.5709969788519638,0.544973544973545,San Francisco,San Francisco,San Francisco Unified,38684783833241,High Schools (Public),False,521.0,475.0,91.2,320.0,67.4,496.0,78.0,78.0,145.0,130.0,15.0,19.0,2070.0,1021.0,0.4932367149758454,2608.1,2621.9,65.03,54.67
ABRAHAM LINCOLN HIGH SCHOOL,2020,338.0,251.0,142.0,0.742603550295858,0.5657370517928287,San Francisco,San Francisco,San Francisco Unified,38684783833241,High Schools (Public),False,508.0,473.0,93.1,282.0,59.6,489.0,71.6,91.0,98.0,132.0,10.0,19.0,2046.0,905.0,0.4423264907135875,2605.1,2608.9,64.79,49.06
ABRAHAM LINCOLN HIGH SCHOOL,2021,395.0,254.0,163.0,0.6430379746835443,0.6417322834645669,San Francisco,San Francisco,San Francisco Unified,38684783833241,High Schools (Public),False,526.0,503.0,95.6,360.0,71.6,512.0,77.3,128.0,116.0,97.0,20.0,35.0,1991.0,970.0,0.4871923656454043,,,,
ABRAHAM LINCOLN HIGH SCHOOL,2022,373.0,261.0,169.0,0.6997319034852547,0.6475095785440613,San Francisco,San Francisco,San Francisco Unified,38684783833241,High Schools (Public),False,501.0,473.0,94.4,278.0,58.8,476.0,80.0,133.0,88.0,119.0,9.0,32.0,,,,2582.7,2567.4,54.34,30.73
ABRAHAM LINCOLN HIGH SCHOOL,2023,364.0,286.0,189.0,0.7857142857142857,0.6608391608391608,San Francisco,San Francisco,San Francisco Unified,38684783833241,High Schools (Public),False,508.0,460.0,90.6,271.0,58.9,461.0,84.4,139.0,91.0,137.0,10.0,12.0,1997.0,975.0,0.4882323485227842,2585.2,2573.2,55.8,38.67
ABRAHAM LINCOLN HIGH SCHOOL,2024,353.0,239.0,135.0,0.6770538243626062,0.5648535564853556,San Francisco,San Francisco,San Francisco Unified,38684783833241,High Schools (Public),False,490.0,439.0,89.6,294.0,67.0,,,,,,,,2037.0,1016.0,0.498772704958272,2588.5,2576.0,55.28,34.68
ABRAHAM LINCOLN HIGH SCHOOL,2025,355.0,276.0,141.0,0.7774647887323943,0.5108695652173914,San Francisco,San Francisco,San Francisco Unified,38684783833241,High Schools (Public),False,505.0,466.0,92.3,304.0,65.2,,,,,,,,2074.0,1131.0,0.5453230472516876,2615.0,2581.8,66.67,40.43
ACADEMY-SAN FRAN @ MCATEER,2012,25.0,22.0,12.0,0.88,0.5454545454545454,San Francisco,San Francisco,,,,,,,,,,,,,,,,,,,,,,,
ACADEMY-SAN FRAN @ MCATEER,2013,21.0,15.0,10.0,0.7142857142857143,0.6666666666666666,San Francisco,San Francisco,,,,,,,,,,,,,,,,,,,,,,,
ACADEMY-SAN FRAN @ MCATEER,2014,19.0,13.0,8.0,0.6842105263157895,0.6153846153846154,San Francisco,San Francisco,,,,,,,,,,,,,,,,,,,,,,,
ACADEMY-SAN FRAN @ MCATEER,2015,20.0,11.0,8.0,0.55,0.7272727272727273,San Francisco,San Francisco,,,,,,,,,,,,,,,,,,,,,,,
ACADEMY-SAN FRAN @ MCATEER,2016,20.0,15.0,12.0,0.75,0.8,San Francisco,San Francisco,,,,,,,,,,,,,,,,,,,,,,,
ACADEMY-SAN FRAN @ MCATEER,2017,19.0,8.0,5.0,0.42105263157894735,0.625,San Francisco,San Francisco,,,,,,,,,,,,,,,,,,,,,,,
ACADEMY-SAN FRAN @ MCATEER,2018,24.0,10.0,9.0,0.4166666666666667,0.9,San Francisco,San Francisco,,,,,,,,,,,,,,,,,,,,,,,
ACADEMY-SAN FRAN @ MCATEER,2019,13.0,9.0,7.0,0.6923076923076923,0.7777777777777778,San Francisco,San Francisco,,,,,,,,,,,,,,,,,,,,,,,
ACADEMY-SAN FRAN @ MCATEER,2020,27.0,20.0,13.0,0.7407407407407407,0.65,San Francisco,San Francisco,,,,,,,,,,,,,,,,,,,,,,,
ACADEMY-SAN FRAN @ MCATEER,2021,35.0,18.0,14.0,0.5142857142857142,0.7777777777777778,San Francisco,San Francisco,,,,,,,,,,,,,,,,,,,,,,,
ACADEMY-SAN FRAN @ MCATEER,2022,29.0,21.0,13.0,0.7241379310344828,0.6190476190476191,San Francisco,San Francisco,,,,,,,,,,,,,,,,,,,,,,,
ACADEMY-SAN FRAN @ MCATEER,2023,30.0,22.0,10.0,0.7333333333333333,0.45454545454545453,San Francisco,San Francisco,,,,,,,,,,,,,,,,,,,,,,,
ACADEMY-SAN FRAN @ MCATEER,2024,17.0,12.0,7.0,0.7058823529411765,0.5833333333333334,San Francisco,San Francisco,,,,,,,,,,,,,,,,,,,,,,,
ACADEMY-SAN FRAN @ MCATEER,2025,16.0,12.0,9.0,0.75,0.75,San Francisco,San Francisco,,,,,,,,,,,,,,,,,,,,,,,
ACALANES CENTER FOR INDEPENDNT STDY,2022,6.0,5.0,3.0,0.8333333333333334,0.6,Walnut Creek,Contra Costa,Acalanes Union High,07616300107524,Alternative Schools of Choice,False,33.0,28.0,84.8,10.0,35.7,30.0,66.7,3.0,0.0,9.0,1.0,7.0,,,,,,,
ACALANES HIGH SCHOOL,2005,138.0,129.0,62.0,0.9347826086956522,0.4806201550387597,Lafayette,Contra Costa,Acalanes Union High,07616300730283,High Schools (Public),False,,,,,,,,,,,,,,,,,,,
ACALANES HIGH SCHOOL,2006,149.0,138.0,79.0,0.9261744966442953,0.572463768115942,Lafayette,Contra Costa,Acalanes Union High,07616300730283,High Schools (Public),False,,,,,,,,,,,,,,,,,,,
ACALANES HIGH SCHOOL,2007,150.0,141.0,76.0,0.94,0.5390070921985816,Lafayette,Contra Costa,Acalanes Union High,07616300730283,High Schools (Public),False,,,,,,,,,,,,,,,,,,,
ACALANES HIGH SCHOOL,2008,184.0,173.0,79.0,0.9402173913043478,0.45664739884393063,Lafayette,Contra Costa,Acalanes Union High,07616300730283,High Schools (Public),False,,,,,,,,,,,,,,,,,,,
ACALANES HIGH SCHOOL,2009,167.0,159.0,72.0,0.9520958083832335,0.4528301886792453,Lafayette,Contra Costa,Acalanes Union High,07616300730283,High Schools (Public),False,,,,,,,,,,,,,,,,,,,
ACALANES HIGH SCHOOL,2010,167.0,154.0,68.0,0.9221556886227545,0.44155844155844154,Lafayette,Contra Costa,Acalanes Union High,07616300730283,High Schools (Public),False,,,,,,,,,,,,,,,,,,,
ACALANES HIGH SCHOOL,2011,161.0,124.0,54.0,0.7701863354037267,0.43548387096774194,Lafayette,Contra Costa,Acalanes Union High,07616300730283,High Schools (Public),False,,,,,,,,,,,,,,,,,,,
ACALANES HIGH SCHOOL,2012,149.0,119.0,53.0,0.7986577181208053,0.44537815126050423,Lafayette,Contra Costa,Acalanes Union High,07616300730283,High Schools (Public),False,,,,,,,,,,,,,,,,,,,
ACALANES HIGH SCHOOL,2013,167.0,115.0,41.0,0.688622754491018,0.3565217391304348,Lafayette,Contra Costa,Acalanes Union High,07616300730283,High Schools (Public),False,,,,,,,,,,,,,,,,,,,
ACALANES HIGH SCHOOL,2014,151.0,102.0,48.0,0.6754966887417219,0.47058823529411764,Lafayette,Contra Costa,Acalanes Union High,07616300730283,High Schools (Public),False,,,,,,,,,,,,,1342.0,,,,,,
ACALANES HIGH SCHOOL,2015,141.0,81.0,41.0,0.574468085106383,0.5061728395061729,Lafayette,Contra Costa,Acalanes Union High,07616300730283,High Schools (Public),False,,,,,,283.0,80.6,25.0,45.0,50.0,16.0,92.0,1396.0,37.0,0.0265042979942693,,,,
ACALANES HIGH SCHOOL,2016,158.0,120.0,67.0,0.759493670886076,0.5583333333333333,Lafayette,Contra Costa,Acalanes Union High,07616300730283,High Schools (Public),False,,,,,,332.0,89.2,67.0,37.0,48.0,18.0,126.0,1423.0,45.0,0.0316233309908643,2666.8,2684.0,82.0,74.0
ACALANES HIGH SCHOOL,2017,137.0,90.0,38.0,0.656934306569343,0.4222222222222222,Lafayette,Contra Costa,Acalanes Union High,07616300730283,High Schools (Public),False,312.0,301.0,96.5,238.0,79.1,305.0,87.5,33.0,51.0,69.0,26.0,88.0,1360.0,27.0,0.0198529411764705,2681.9,2681.3,93.0,73.0
ACALANES HIGH SCHOOL,2018,183.0,93.0,47.0,0.5081967213114754,0.5053763440860215,Lafayette,Contra Costa,Acalanes Union High,07616300730283,High Schools (Public),False,373.0,352.0,94.4,287.0,81.5,354.0,89.3,45.0,39.0,59.0,34.0,139.0,1377.0,70.0,0.0508351488743645,2695.2,2702.1,89.61,77.71
ACALANES HIGH SCHOOL,2019,132.0,81.0,34.0,0.6136363636363636,0.41975308641975306,Lafayette,Contra Costa,Acalanes Union High,07616300730283,High Schools (Public),False,327.0,309.0,94.5,251.0,81.2,313.0,88.2,34.0,46.0,64.0,23.0,109.0,1335.0,79.0,0.0591760299625468,2669.2,2672.7,82.51,70.2
ACALANES HIGH SCHOOL,2020,128.0,91.0,49.0,0.7109375,0.5384615384615384,Lafayette,Contra Costa,Acalanes Union High,07616300730283,High Schools (Public),False,313.0,299.0,95.5,251.0,83.9,302.0,89.7,50.0,40.0,56.0,28.0,97.0,1318.0,66.0,0.0500758725341426,2695.3,2683.4,91.42,73.24
ACALANES HIGH SCHOOL,2021,166.0,95.0,48.0,0.572289156626506,0.5052631578947369,Lafayette,Contra Costa,Acalanes Union High,07616300730283,High Schools (Public),False,325.0,319.0,98.2,249.0,78.1,323.0,85.4,46.0,37.0,52.0,14.0,127.0,1303.0,76.0,0.0583269378357636,,,,
ACALANES HIGH SCHOOL,2022,161.0,85.0,44.0,0.5279503105590062,0.5176470588235295,Lafayette,Contra Costa,Acalanes Union High,07616300730283,High Schools (Public),False,309.0,299.0,96.8,229.0,76.6,299.0,88.6,39.0,41.0,62.0,19.0,104.0,,,,2681.1,2698.5,84.8,72.91
ACALANES HIGH SCHOOL,2023,183.0,115.0,60.0,0.6284153005464481,0.5217391304347826,Lafayette,Contra Costa,Acalanes Union High,07616300730283,High Schools (Public),False,317.0,305.0,96.2,263.0,86.2,305.0,91.8,59.0,43.0,57.0,15.0,106.0,1259.0,97.0,0.0770452740270055,2673.2,2681.1,80.39,68.17
ACALANES HIGH SCHOOL,2024,143.0,79.0,45.0,0.5524475524475524,0.569620253164557,Lafayette,Contra Costa,Acalanes Union High,07616300730283,High Schools (Public),False,298.0,284.0,95.3,235.0,82.7,,,,,,,,1250.0,103.0,0.0824,2672.8,2681.5,83.09,68.71
ACALANES HIGH SCHOOL,2025,164.0,121.0,54.0,0.7378048780487805,0.4462809917355372,Lafayette,Contra Costa,Acalanes Union High,07616300730283,High Schools (Public),False,319.0,311.0,97.5,256.0,82.3,,,,,,,,1256.0,92.0,0.0732484076433121,2691.7,2674.2,87.07,67.24
ACE CHARTER HIGH SCHOOL,2016,19.0,13.0,8.0,0.6842105263157895,0.6153846153846154,San Jose,Santa Clara,East Side Union High,43694270125617,High Schools (Public),True,,,,,,63.0,74.6,6.0,14.0,25.0,1.0,1.0,267.0,256.0,0.9588014981273408,2551.8,2544.1,39.0,20.0
ACE CHARTER HIGH SCHOOL,2017,6.0,4.0,4.0,0.6666666666666666,1.0,San Jose,Santa Clara,East Side Union High,43694270125617,High Schools (Public),True,54.0,45.0,83.3,45.0,100.0,46.0,63.0,4.0,7.0,18.0,0.0,0.0,302.0,270.0,0.8940397350993378,2564.3,2532.4,48.0,21.0
ACE CHARTER HIGH SCHOOL,2018,18.0,12.0,9.0,0.6666666666666666,0.75,San Jose,Santa Clara,East Side Union High,43694270125617,High Schools (Public),True,65.0,48.0,73.8,48.0,100.0,48.0,75.0,8.0,5.0,23.0,0.0,0.0,327.0,297.0,0.908256880733945,2602.7,2553.9,53.85,23.44
ACE CHARTER HIGH SCHOOL,2019,8.0,3.0,3.0,0.375,1.0,San Jose,Santa Clara,East Side Union High,43694270125617,High Schools (Public),True,43.0,32.0,74.4,32.0,100.0,32.0,59.4,3.0,4.0,12.0,0.0,0.0,363.0,275.0,0.7575757575757576,2573.4,2542.7,48.78,14.63
ACE CHARTER HIGH SCHOOL,2020,19.0,15,,0.7894736842105263,,San Jose,Santa Clara,East Side Union High,43694270125617,High Schools (Public),True,89.0,79.0,88.8,66.0,83.5,84.0,56.0,2.0,13.0,29.0,0.0,3.0,404.0,317.0,0.7846534653465347,2574.2,2528.5,46.43,24.39
ACE CHARTER HIGH SCHOOL,2021,24.0,19.0,8.0,0.7916666666666666,0.42105263157894735,San Jose,Santa Clara,East Side Union High,43694270125617,High Schools (Public),True,82.0,77.0,93.9,55.0,71.4,78.0,51.3,7.0,17.0,16.0,0.0,0.0,430.0,277.0,0.6441860465116279,,,,
ACE CHARTER HIGH SCHOOL,2022,27.0,24.0,12.0,0.8888888888888888,0.5,San Jose,Santa Clara,East Side Union High,43694270125617,High Schools (Public),True,103.0,77.0,74.8,65.0,84.4,77.0,71.4,12.0,14.0,27.0,1.0,1.0,,,,,,,
ACE CHARTER HIGH SCHOOL,2023,28.0,24.0,4.0,0.8571428571428571,0.16666666666666666,San Jose,Santa Clara,East Side Union High,43694270125617,High Schools (Public),True,105.0,93.0,88.6,93.0,100.0,93.0,75.3,4.0,29.0,34.0,2.0,1.0,370.0,296.0,0.8,2471.7,2443.4,12.96,0.0
ACE CHARTER HIGH SCHOOL,2024,13.0,12,,0.9230769230769231,,San Jose,Santa Clara,East Side Union High,43694270125617,High Schools (Public),True,84.0,67.0,79.8,62.0,92.5,,,,,,,,341.0,305.0,0.8944281524926686,2480.5,2424.2,18.99,2.47
ACE CHARTER HIGH SCHOOL,2025,21.0,15.0,5.0,0.7142857142857143,0.3333333333333333,San Jose,Santa Clara,East Side Union High,43694270125617,High Schools (Public),True,93.0,80.0,86.0,74.0,92.5,,,,,,,,313.0,281.0,0.8977635782747604,2527.9,2456.3,32.56,2.33
ADRIAN C WILCOX HIGH SCHOOL,2005,75.0,71.0,44.0,0.9466666666666667,0.6197183098591549,Santa Clara,Santa Clara,Santa Clara Unified,43696744338802,High Schools (Public),False,,,,,,,,,,,,,,,,,,,
ADRIAN C WILCOX HIGH SCHOOL,2006,93.0,85.0,52.0,0.9139784946236559,0.611764705882353,Santa Clara,Santa Clara,Santa Clara Unified,43696744338802,High Schools (Public),False,,,,,,,,,,,,,,,,,,,
ADRIAN C WILCOX HIGH SCHOOL,2007,80.0,74.0,47.0,0.925,0.6351351351351351,Santa Clara,Santa Clara,Santa Clara Unified,43696744338802,High Schools (Public),False,,,,,,,,,,,,,,,,,,,
ADRIAN C WILCOX HIGH SCHOOL,2008,75.0,69.0,41.0,0.92,0.5942028985507246,Santa Clara,Santa Clara,Santa Clara Unified,43696744338802,High Schools (Public),False,,,,,,,,,,,,,,,,,,,
ADRIAN C WILCOX HIGH SCHOOL,2009,97.0,86.0,41.0,0.8865979381443299,0.47674418604651164,Santa Clara,Santa Clara,Santa Clara Unified,43696744338802,High Schools (Public),False,,,,,,,,,,,,,,,,,,,
ADRIAN C WILCOX HIGH SCHOOL,2010,109.0,97.0,43.0,0.8899082568807339,0.44329896907216493,Santa Clara,Santa Clara,Santa Clara Unified,43696744338802,High Schools (Public),False,,,,,,,,,,,,,,,,,,,
ADRIAN C WILCOX HIGH SCHOOL,2011,73.0,66.0,36.0,0.9041095890410958,0.5454545454545454,Santa Clara,Santa Clara,Santa Clara Unified,43696744338802,High Schools (Public),False,,,,,,,,,,,,,,,,,,,
ADRIAN C WILCOX HIGH SCHOOL,2012,103.0,74.0,44.0,0.7184466019417476,0.5945945945945946,Santa Clara,Santa Clara,Santa Clara Unified,43696744338802,High Schools (Public),False,,,,,,,,,,,,,,,,,,,
ADRIAN C WILCOX HIGH SCHOOL,2013,95.0,69.0,41.0,0.7263157894736842,0.5942028985507246,Santa Clara,Santa Clara,Santa Clara Unified,43696744338802,High Schools (Public),False,,,,,,,,,,,,,,,,,,,
ADRIAN C WILCOX HIGH SCHOOL,2014,108.0,75.0,44.0,0.6944444444444444,0.5866666666666667,Santa Clara,Santa Clara,Santa Clara Unified,43696744338802,High Schools (Public),False,,,,,,,,,,,,,1916.0,,,,,,
ADRIAN C WILCOX HIGH SCHOOL,2015,117.0,91.0,56.0,0.7777777777777778,0.6153846153846154,Santa Clara,Santa Clara,Santa Clara Unified,43696744338802,High Schools (Public),False,,,,,,388.0,69.8,52.0,50.0,127.0,15.0,27.0,1936.0,796.0,0.4111570247933884,,,,
ADRIAN C WILCOX HIGH SCHOOL,2016,123.0,92.0,47.0,0.7479674796747967,0.5108695652173914,Santa Clara,Santa Clara,Santa Clara Unified,43696744338802,High Schools (Public),False,,,,,,432.0,74.5,43.0,51.0,164.0,23.0,41.0,1977.0,823.0,0.4162873039959535,2631.0,2598.4,69.0,42.0
ADRIAN C WILCOX HIGH SCHOOL,2017,155.0,112.0,68.0,0.7225806451612903,0.6071428571428571,Santa Clara,Santa Clara,Santa Clara Unified,43696744338802,High Schools (Public),False,460.0,422.0,91.7,225.0,53.3,425.0,79.3,63.0,59.0,160.0,20.0,35.0,1942.0,710.0,0.3656024716786817,2640.5,2616.1,72.0,48.0
ADRIAN C WILCOX HIGH SCHOOL,2018,137.0,99.0,58.0,0.7226277372262774,0.5858585858585859,Santa Clara,Santa Clara,Santa Clara Unified,43696744338802,High Schools (Public),False,458.0,451.0,98.5,48.0,10.6,461.0,80.7,53.0,60.0,193.0,23.0,43.0,1966.0,899.0,0.4572736520854527,2651.9,2609.0,75.05,47.07
ADRIAN C WILCOX HIGH SCHOOL,2019,141.0,105.0,69.0,0.7446808510638298,0.6571428571428571,Santa Clara,Santa Clara,Santa Clara Unified,43696744338802,High Schools (Public),False,450.0,424.0,94.2,234.0,55.2,429.0,78.3,66.0,52.0,164.0,15.0,39.0,1961.0,745.0,0.3799082100968893,2613.7,2603.1,63.48,43.87
ADRIAN C WILCOX HIGH SCHOOL,2020,134.0,108.0,50.0,0.8059701492537313,0.46296296296296297,Santa Clara,Santa Clara,Santa Clara Unified,43696744338802,High Schools (Public),False,444.0,415.0,93.5,251.0,60.5,422.0,82.7,49.0,76.0,169.0,19.0,36.0,1974.0,704.0,0.3566362715298885,2631.0,2613.6,65.73,47.76
ADRIAN C WILCOX HIGH SCHOOL,2021,169.0,125.0,63.0,0.7396449704142012,0.504,Santa Clara,Santa Clara,Santa Clara Unified,43696744338802,High Schools (Public),False,441.0,417.0,94.6,268.0,64.3,421.0,77.7,60.0,78.0,132.0,23.0,34.0,1981.0,737.0,0.3720343260979303,,,,
ADRIAN C WILCOX HIGH SCHOOL,2022,188.0,141.0,64.0,0.75,0.45390070921985815,Santa Clara,Santa Clara,Santa Clara Unified,43696744338802,High Schools (Public),False,474.0,454.0,95.8,283.0,62.3,458.0,78.4,63.0,66.0,163.0,25.0,42.0,,,,2646.7,2644.4,71.98,54.52
ADRIAN C WILCOX HIGH SCHOOL,2023,179.0,142.0,70.0,0.7932960893854749,0.49295774647887325,Santa Clara,Santa Clara,Santa Clara Unified,43696744338802,High Schools (Public),False,486.0,458.0,94.2,273.0,59.6,467.0,83.3,67.0,68.0,192.0,20.0,42.0,1859.0,739.0,0.3975255513717052,2647.7,2609.6,72.63,43.28
ADRIAN C WILCOX HIGH SCHOOL,2024,176.0,136.0,59.0,0.7727272727272727,0.4338235294117647,Santa Clara,Santa Clara,Santa Clara Unified,43696744338802,High Schools (Public),False,457.0,432.0,94.5,243.0,56.3,,,,,,,,1695.0,480.0,0.2831858407079646,2627.7,2590.3,69.83,41.65
ADRIAN C WILCOX HIGH SCHOOL,2025,145.0,118.0,56.0,0.8137931034482758,0.4745762711864407,Santa Clara,Santa Clara,Santa Clara Unified,43696744338802,High Schools (Public),False,480.0,451.0,94.0,237.0,52.5,,,,,,,,1614.0,420.0,0.2602230483271375,2602.9,2583.3,59.06,38.8
AIMS COLLEGE PREP HIGH SCHOOL,2009,18.0,15.0,8.0,0.8333333333333334,0.5333333333333333,Oakland,Alameda,,01612596113807,,,,,,,,,,,,,,,,,,,,,
AIMS COLLEGE PREP HIGH SCHOOL,2010,30.0,22.0,7.0,0.7333333333333333,0.3181818181818182,Oakland,Alameda,,01612596113807,,,,,,,,,,,,,,,,,,,,,
AIMS COLLEGE PREP HIGH SCHOOL,2011,18.0,18.0,10.0,1.0,0.5555555555555556,Oakland,Alameda,,01612596113807,,,,,,,,,,,,,,,,,,,,,
AIMS COLLEGE PREP HIGH SCHOOL,2012,21.0,16.0,8.0,0.7619047619047619,0.5,Oakland,Alameda,,01612596113807,,,,,,,,,,,,,,,,,,,,,
AIMS COLLEGE PREP HIGH SCHOOL,2013,23.0,18.0,8.0,0.782608695652174,0.4444444444444444,Oakland,Alameda,,01612596113807,,,,,,,,,,,,,,,,,,,,,
AIMS COLLEGE PREP HIGH SCHOOL,2014,34.0,21.0,12.0,0.6176470588235294,0.5714285714285714,Oakland,Alameda,,01612596113807,,,,,,,,,,,,,,,198.0,,,,,,
AIMS COLLEGE PREP HIGH SCHOOL,2015,29.0,23.0,22.0,0.7931034482758621,0.9565217391304348,Oakland,Alameda,,01612596113807,,,,,,,,,,,,,,,196.0,159.0,0.8112244897959183,,,,
AIMS COLLEGE PREP HIGH SCHOOL,2016,26.0,22.0,15.0,0.8461538461538461,0.6818181818181818,Oakland,Alameda,,01612596113807,,,,,,,,,,,,,,,131.0,110.0,0.8396946564885496,,,,
AIMS COLLEGE PREP HIGH SCHOOL,2017,27.0,20.0,15.0,0.7407407407407407,0.75,Oakland,Alameda,,01612596113807,,,,,,,,,,,,,,,144.0,104.0,0.7222222222222222,,,,
AIMS COLLEGE PREP HIGH SCHOOL,2018,66.0,55.0,46.0,0.8333333333333334,0.8363636363636363,Oakland,Alameda,,01612596113807,,,,,,,,,,,,,,,146.0,112.0,0.7671232876712328,,,,
AIMS COLLEGE PREP HIGH SCHOOL,2019,62.0,39.0,22.0,0.6290322580645161,0.5641025641025641,Oakland,Alameda,,01612596113807,,,,,,,,,,,,,,,161.0,119.0,0.7391304347826086,,,,
AIMS COLLEGE PREP HIGH SCHOOL,2020,66.0,55.0,33.0,0.8333333333333334,0.6,Oakland,Alameda,,01612596113807,,,,,,,,,,,,,,,233.0,146.0,0.6266094420600858,,,,
AIMS COLLEGE PREP HIGH SCHOOL,2021,92.0,85.0,53.0,0.9239130434782609,0.6235294117647059,Oakland,Alameda,,01612596113807,,,,,,,,,,,,,,,240.0,159.0,0.6625,,,,
AIMS COLLEGE PREP HIGH SCHOOL,2022,113.0,88.0,60.0,0.7787610619469026,0.6818181818181818,Oakland,Alameda,,01612596113807,,,,,,,,,,,,,,,,,,,,,
AIMS COLLEGE PREP HIGH SCHOOL,2023,91.0,67.0,40.0,0.7362637362637363,0.5970149253731343,Oakland,Alameda,,01612596113807,,,,,,,,,,,,,,,225.0,142.0,0.6311111111111111,,,,
AIMS COLLEGE PREP HIGH SCHOOL,2024,65.0,57.0,29.0,0.8769230769230769,0.5087719298245614,Oakland,Alameda,,01612596113807,,,,,,,,,,,,,,,212.0,165.0,0.7783018867924528,,,,
AIMS COLLEGE PREP HIGH SCHOOL,2025,58.0,48.0,20.0,0.8275862068965517,0.4166666666666667,Oakland,Alameda,,01612596113807,,,,,,,,,,,,,,,200.0,155.0,0.775,,,,
ALAMEDA COMMUNITY LEARNING CTR,2005,11.0,10.0,4.0,0.9090909090909091,0.4,Alameda,Alameda,Alameda Unified,01611190130609,K-12 Schools (Public),True,,,,,,,,,,,,,,,,,,,
ALAMEDA COMMUNITY LEARNING CTR,2006,11.0,11.0,7.0,1.0,0.6363636363636364,Alameda,Alameda,Alameda Unified,01611190130609,K-12 Schools (Public),True,,,,,,,,,,,,,,,,,,,
ALAMEDA COMMUNITY LEARNING CTR,2008,17.0,15.0,4.0,0.8823529411764706,0.26666666666666666,Alameda,Alameda,Alameda Unified,01611190130609,K-12 Schools (Public),True,,,,,,,,,,,,,,,,,,,
ALAMEDA COMMUNITY LEARNING CTR,2009,15.0,11.0,3.0,0.7333333333333333,0.2727272727272727,Alameda,Alameda,Alameda Unified,01611190130609,K-12 Schools (Public),True,,,,,,,,,,,,,,,,,,,
ALAMEDA COMMUNITY LEARNING CTR,2010,17.0,16.0,7.0,0.9411764705882353,0.4375,Alameda,Alameda,Alameda Unified,01611190130609,K-12 Schools (Public),True,,,,,,,,,,,,,,,,,,,
ALAMEDA COMMUNITY LEARNING CTR,2011,13.0,12.0,8.0,0.9230769230769231,0.6666666666666666,Alameda,Alameda,Alameda Unified,01611190130609,K-12 Schools (Public),True,,,,,,,,,,,,,,,,,,,
ALAMEDA COMMUNITY LEARNING CTR,2012,14.0,10.0,7.0,0.7142857142857143,0.7,Alameda,Alameda,Alameda Unified,01611190130609,K-12 Schools (Public),True,,,,,,,,,,,,,,,,,,,
ALAMEDA COMMUNITY LEARNING CTR,2013,11.0,8,,0.7272727272727273,,Alameda,Alameda,Alameda Unified,01611190130609,K-12 Schools (Public),True,,,,,,,,,,,,,,,,,,,
ALAMEDA COMMUNITY LEARNING CTR,2014,11.0,10.0,8.0,0.9090909090909091,0.8,Alameda,Alameda,Alameda Unified,01611190130609,K-12 Schools (Public),True,,,,,,,,,,,,,332.0,,,,,,
ALAMEDA COMMUNITY LEARNING CTR,2015,11.0,6.0,4.0,0.5454545454545454,0.6666666666666666,Alameda,Alameda,Alameda Unified,01611190130609,K-12 Schools (Public),True,,,,,,22.0,77.3,2.0,3.0,7.0,3.0,2.0,376.0,47.0,0.125,,,,
ALAMEDA COMMUNITY LEARNING CTR,2016,27.0,19.0,17.0,0.7037037037037037,0.8947368421052632,Alameda,Alameda,Alameda Unified,01611190130609,K-12 Schools (Public),True,,,,,,52.0,80.8,17.0,4.0,12.0,1.0,8.0,379.0,42.0,0.1108179419525065,2693.7,2638.0,88.0,57.0
ALAMEDA COMMUNITY LEARNING CTR,2017,25.0,21.0,11.0,0.84,0.5238095238095238,Alameda,Alameda,Alameda Unified,01611190130609,K-12 Schools (Public),True,51.0,41.0,80.4,40.0,97.6,42.0,95.2,11.0,6.0,13.0,2.0,8.0,374.0,88.0,0.2352941176470588,2682.4,2642.7,87.0,71.0
ALAMEDA COMMUNITY LEARNING CTR,2018,19.0,14.0,9.0,0.7368421052631579,0.6428571428571429,Alameda,Alameda,Alameda Unified,01611190130609,K-12 Schools (Public),True,38.0,35.0,92.1,33.0,94.3,37.0,75.7,9.0,9.0,7.0,2.0,1.0,368.0,117.0,0.3179347826086957,2655.6,2610.2,77.5,37.84
ALAMEDA COMMUNITY LEARNING CTR,2019,14.0,8.0,6.0,0.5714285714285714,0.75,Alameda,Alameda,Alameda Unified,01611190130609,K-12 Schools (Public),True,35.0,30.0,85.7,28.0,93.3,30.0,80.0,5.0,4.0,10.0,0.0,5.0,351.0,93.0,0.2649572649572649,2649.6,2589.8,78.79,37.5
ALAMEDA COMMUNITY LEARNING CTR,2020,23.0,17.0,9.0,0.7391304347826086,0.5294117647058824,Alameda,Alameda,Alameda Unified,01611190130609,K-12 Schools (Public),True,53.0,47.0,88.7,45.0,95.7,48.0,75.0,10.0,2.0,9.0,1.0,14.0,358.0,111.0,0.3100558659217877,2690.4,2650.7,88.46,62.75
ALAMEDA COMMUNITY LEARNING CTR,2021,28.0,22.0,13.0,0.7857142857142857,0.5909090909090909,Alameda,Alameda,Alameda Unified,01611190130609,K-12 Schools (Public),True,55.0,49.0,89.1,45.0,91.8,56.0,69.6,13.0,11.0,9.0,2.0,4.0,358.0,86.0,0.2402234636871508,,,,
ALAMEDA COMMUNITY LEARNING CTR,2022,19.0,12.0,8.0,0.631578947368421,0.6666666666666666,Alameda,Alameda,Alameda Unified,01611190130609,K-12 Schools (Public),True,38.0,34.0,89.5,30.0,88.2,30.0,56.7,5.0,6.0,2.0,3.0,1.0,,,,,,,
ALAMEDA COMMUNITY LEARNING CTR,2023,22.0,14.0,7.0,0.6363636363636364,0.5,Alameda,Alameda,Alameda Unified,01611190130609,K-12 Schools (Public),True,51.0,48.0,94.1,43.0,89.6,48.0,70.8,7.0,15.0,7.0,1.0,4.0,398.0,135.0,0.3391959798994975,2676.3,2568.5,77.55,33.33
ALAMEDA COMMUNITY LEARNING CTR,2024,18.0,10.0,7.0,0.5555555555555556,0.7,Alameda,Alameda,Alameda Unified,01611190130609,K-12 Schools (Public),True,39.0,35.0,89.7,34.0,97.1,,,,,,,,389.0,143.0,0.3676092544987147,2629.2,2595.2,72.09,40.0
ALAMEDA COMMUNITY LEARNING CTR,2025,12.0,8.0,5.0,0.6666666666666666,0.625,Alameda,Alameda,Alameda Unified,01611190130609,K-12 Schools (Public),True,55.0,51.0,92.7,40.0,78.4,,,,,,,,362.0,147.0,0.4060773480662983,2556.0,2515.0,35.29,26.0
ALAMEDA HIGH SCHOOL,2005,163.0,143.0,88.0,0.8773006134969326,0.6153846153846154,Alameda,Alameda,Alameda Unified,01611190130229,High Schools (Public),False,,,,,,,,,,,,,,,,,,,
ALAMEDA HIGH SCHOOL,2006,159.0,142.0,95.0,0.8930817610062893,0.6690140845070423,Alameda,Alameda,Alameda Unified,01611190130229,High Schools (Public),False,,,,,,,,,,,,,,,,,,,
ALAMEDA HIGH SCHOOL,2007,154.0,146.0,96.0,0.948051948051948,0.6575342465753424,Alameda,Alameda,Alameda Unified,01611190130229,High Schools (Public),False,,,,,,,,,,,,,,,,,,,
ALAMEDA HIGH SCHOOL,2008,210.0,192.0,112.0,0.9142857142857143,0.5833333333333334,Alameda,Alameda,Alameda Unified,01611190130229,High Schools (Public),False,,,,,,,,,,,,,,,,,,,
ALAMEDA HIGH SCHOOL,2009,164.0,145.0,92.0,0.8841463414634146,0.6344827586206897,Alameda,Alameda,Alameda Unified,01611190130229,High Schools (Public),False,,,,,,,,,,,,,,,,,,,
ALAMEDA HIGH SCHOOL,2010,174.0,157.0,97.0,0.9022988505747126,0.6178343949044586,Alameda,Alameda,Alameda Unified,01611190130229,High Schools (Public),False,,,,,,,,,,,,,,,,,,,
ALAMEDA HIGH SCHOOL,2011,190.0,145.0,86.0,0.7631578947368421,0.593103448275862,Alameda,Alameda,Alameda Unified,01611190130229,High Schools (Public),False,,,,,,,,,,,,,,,,,,,
ALAMEDA HIGH SCHOOL,2012,223.0,157.0,104.0,0.7040358744394619,0.6624203821656051,Alameda,Alameda,Alameda Unified,01611190130229,High Schools (Public),False,,,,,,,,,,,,,,,,,,,
ALAMEDA HIGH SCHOOL,2013,235.0,185.0,110.0,0.7872340425531915,0.5945945945945946,Alameda,Alameda,Alameda Unified,01611190130229,High Schools (Public),False,,,,,,,,,,,,,,,,,,,
ALAMEDA HIGH SCHOOL,2014,215.0,148.0,95.0,0.6883720930232559,0.6418918918918919,Alameda,Alameda,Alameda Unified,01611190130229,High Schools (Public),False,,,,,,,,,,,,,1787.0,,,,,,
ALAMEDA HIGH SCHOOL,2015,209.0,141.0,89.0,0.6746411483253588,0.6312056737588653,Alameda,Alameda,Alameda Unified,01611190130229,High Schools (Public),False,,,,,,441.0,81.0,71.0,75.0,151.0,13.0,47.0,1746.0,396.0,0.2268041237113402,,,,
ALAMEDA HIGH SCHOOL,2016,169.0,127.0,92.0,0.7514792899408284,0.7244094488188977,Alameda,Alameda,Alameda Unified,01611190130229,High Schools (Public),False,,,,,,362.0,80.7,85.0,50.0,107.0,15.0,35.0,1718.0,312.0,0.1816065192083818,2639.7,2628.3,73.0,56.0
ALAMEDA HIGH SCHOOL,2017,210.0,161.0,107.0,0.7666666666666667,0.6645962732919255,Alameda,Alameda,Alameda Unified,01611190130229,High Schools (Public),False,420.0,399.0,95.0,262.0,65.7,403.0,82.9,101.0,67.0,107.0,15.0,44.0,1786.0,338.0,0.1892497200447928,2655.6,2656.9,78.0,60.0
ALAMEDA HIGH SCHOOL,2018,221.0,154.0,77.0,0.6968325791855203,0.5,Alameda,Alameda,Alameda Unified,01611190130229,High Schools (Public),False,445.0,430.0,96.6,283.0,65.8,435.0,86.2,75.0,80.0,158.0,19.0,43.0,1776.0,410.0,0.2308558558558558,2651.0,2644.5,75.66,58.43
ALAMEDA HIGH SCHOOL,2019,195.0,146.0,100.0,0.7487179487179487,0.684931506849315,Alameda,Alameda,Alameda Unified,01611190130229,High Schools (Public),False,426.0,410.0,96.2,260.0,63.4,414.0,82.9,93.0,64.0,143.0,7.0,36.0,1767.0,371.0,0.2099603848330503,2640.4,2645.1,74.49,58.35
ALAMEDA HIGH SCHOOL,2020,207.0,165.0,110.0,0.7971014492753623,0.6666666666666666,Alameda,Alameda,Alameda Unified,01611190130229,High Schools (Public),False,431.0,410.0,95.1,292.0,71.2,417.0,83.2,107.0,39.0,139.0,19.0,43.0,1777.0,355.0,0.1997749015194147,2666.3,2657.5,83.33,61.75
ALAMEDA HIGH SCHOOL,2021,208.0,145.0,74.0,0.6971153846153846,0.5103448275862069,Alameda,Alameda,Alameda Unified,01611190130229,High Schools (Public),False,394.0,364.0,92.4,269.0,73.9,367.0,83.4,72.0,55.0,116.0,21.0,42.0,1743.0,350.0,0.2008032128514056,,,,
ALAMEDA HIGH SCHOOL,2022,265.0,182.0,97.0,0.6867924528301886,0.532967032967033,Alameda,Alameda,Alameda Unified,01611190130229,High Schools (Public),False,454.0,434.0,95.6,332.0,76.5,441.0,84.1,93.0,71.0,131.0,13.0,63.0,,,,,,,
ALAMEDA HIGH SCHOOL,2023,238.0,190.0,95.0,0.7983193277310925,0.5,Alameda,Alameda,Alameda Unified,01611190130229,High Schools (Public),False,410.0,398.0,97.1,302.0,75.9,400.0,82.8,91.0,67.0,104.0,10.0,59.0,1802.0,565.0,0.3135405105438402,2659.9,2638.7,77.31,57.33
ALAMEDA HIGH SCHOOL,2024,246.0,178.0,90.0,0.7235772357723578,0.5056179775280899,Alameda,Alameda,Alameda Unified,01611190130229,High Schools (Public),False,459.0,432.0,94.1,346.0,80.1,,,,,,,,1863.0,606.0,0.3252818035426731,2656.8,2630.0,79.85,52.32
ALAMEDA HIGH SCHOOL,2025,244.0,209.0,123.0,0.8565573770491803,0.5885167464114832,Alameda,Alameda,Alameda Unified,01611190130229,High Schools (Public),False,475.0,449.0,94.5,346.0,77.1,,,,,,,,1868.0,568.0,0.30406852248394,2647.1,2623.7,76.82,54.79
ALAMEDA SCIENCE & TECHNICAL INST,2009,11.0,7.0,3.0,0.6363636363636364,0.42857142857142855,Alameda,Alameda,Alameda Unified,01611190106401,Alternative Schools of Choice,False,,,,,,,,,,,,,,,,,,,
ALAMEDA SCIENCE & TECHNICAL INST,2010,20.0,17.0,12.0,0.85,0.7058823529411765,Alameda,Alameda,Alameda Unified,01611190106401,Alternative Schools of Choice,False,,,,,,,,,,,,,,,,,,,
ALAMEDA SCIENCE & TECHNICAL INST,2011,20.0,18.0,15.0,0.9,0.8333333333333334,Alameda,Alameda,Alameda Unified,01611190106401,Alternative Schools of Choice,False,,,,,,,,,,,,,,,,,,,
ALAMEDA SCIENCE & TECHNICAL INST,2012,27.0,18.0,11.0,0.6666666666666666,0.6111111111111112,Alameda,Alameda,Alameda Unified,01611190106401,Alternative Schools of Choice,False,,,,,,,,,,,,,,,,,,,
ALAMEDA SCIENCE & TECHNICAL INST,2013,30.0,25.0,19.0,0.8333333333333334,0.76,Alameda,Alameda,Alameda Unified,01611190106401,Alternative Schools of Choice,False,,,,,,,,,,,,,,,,,,,
ALAMEDA SCIENCE & TECHNICAL INST,2014,29.0,23.0,16.0,0.7931034482758621,0.6956521739130435,Alameda,Alameda,Alameda Unified,01611190106401,Alternative Schools of Choice,False,,,,,,,,,,,,,170.0,,,,,,
ALAMEDA SCIENCE & TECHNICAL INST,2015,28.0,20.0,14.0,0.7142857142857143,0.7,Alameda,Alameda,Alameda Unified,01611190106401,Alternative Schools of Choice,False,,,,,,35.0,82.9,10.0,6.0,3.0,2.0,8.0,170.0,52.0,0.3058823529411765,,,,
ALAMEDA SCIENCE & TECHNICAL INST,2016,30.0,26.0,19.0,0.8666666666666667,0.7307692307692307,Alameda,Alameda,Alameda Unified,01611190106401,Alternative Schools of Choice,False,,,,,,38.0,94.7,19.0,6.0,9.0,1.0,1.0,175.0,53.0,0.3028571428571429,2702.4,2730.3,97.0,92.0
ALAMEDA SCIENCE & TECHNICAL INST,2017,38.0,26.0,19.0,0.6842105263157895,0.7307692307692307,Alameda,Alameda,Alameda Unified,01611190106401,Alternative Schools of Choice,False,46.0,45.0,97.8,42.0,93.3,44.0,77.3,17.0,6.0,6.0,2.0,3.0,183.0,40.0,0.2185792349726776,2704.6,2719.5,93.0,96.0
ALAMEDA SCIENCE & TECHNICAL INST,2018,38.0,31.0,19.0,0.8157894736842105,0.6129032258064516,Alameda,Alameda,Alameda Unified,01611190106401,Alternative Schools of Choice,False,44.0,44.0,100.0,42.0,95.5,44.0,90.9,20.0,5.0,6.0,4.0,5.0,187.0,58.0,0.3101604278074866,2688.5,2701.8,88.89,84.44
ALAMEDA SCIENCE & TECHNICAL INST,2019,36.0,24.0,19.0,0.6666666666666666,0.7916666666666666,Alameda,Alameda,Alameda Unified,01611190106401,Alternative Schools of Choice,False,43.0,43.0,100.0,40.0,93.0,44.0,88.6,19.0,5.0,8.0,3.0,4.0,192.0,55.0,0.2864583333333333,2686.5,2715.0,93.18,88.64
ALAMEDA SCIENCE & TECHNICAL INST,2020,42.0,35.0,21.0,0.8333333333333334,0.6,Alameda,Alameda,Alameda Unified,01611190106401,Alternative Schools of Choice,False,50.0,50.0,100.0,49.0,98.0,49.0,83.7,21.0,8.0,5.0,1.0,6.0,185.0,59.0,0.3189189189189189,2701.7,2719.4,97.92,89.58
ALAMEDA SCIENCE & TECHNICAL INST,2021,37.0,28.0,19.0,0.7567567567567568,0.6785714285714286,Alameda,Alameda,Alameda Unified,01611190106401,Alternative Schools of Choice,False,43.0,43.0,100.0,41.0,95.3,43.0,88.4,19.0,10.0,7.0,1.0,1.0,170.0,64.0,0.3764705882352941,,,,
ALAMEDA SCIENCE & TECHNICAL INST,2022,33.0,27.0,19.0,0.8181818181818182,0.7037037037037037,Alameda,Alameda,Alameda Unified,01611190106401,Alternative Schools of Choice,False,39.0,39.0,100.0,34.0,87.2,41.0,87.8,18.0,4.0,9.0,0.0,5.0,,,,,,,
ALAMEDA SCIENCE & TECHNICAL INST,2023,41.0,29.0,21.0,0.7073170731707317,0.7241379310344828,Alameda,Alameda,Alameda Unified,01611190106401,Alternative Schools of Choice,False,43.0,43.0,100.0,41.0,95.3,41.0,80.5,20.0,4.0,8.0,0.0,1.0,167.0,72.0,0.4311377245508982,2713.0,2681.0,93.18,65.91
ALAMEDA SCIENCE & TECHNICAL INST,2024,27.0,22.0,17.0,0.8148148148148148,0.7727272727272727,Alameda,Alameda,Alameda Unified,01611190106401,Alternative Schools of Choice,False,29.0,29.0,100.0,26.0,89.7,,,,,,,,167.0,79.0,0.4730538922155688,2687.4,2689.7,90.32,77.42
ALAMEDA SCIENCE & TECHNICAL INST,2025,46.0,38.0,24.0,0.8260869565217391,0.631578947368421,Alameda,Alameda,Alameda Unified,01611190106401,Alternative Schools of Choice,False,47.0,46.0,97.9,42.0,91.3,,,,,,,,211.0,96.0,0.4549763033175355,2708.3,2698.2,100.0,76.09
ALBANY HIGH SCHOOL,2005,126.0,119.0,76.0,0.9444444444444444,0.6386554621848739,Albany,Alameda,Albany City Unified,01611270130450,High Schools (Public),False,,,,,,,,,,,,,,,,,,,
ALBANY HIGH SCHOOL,2006,163.0,148.0,106.0,0.9079754601226994,0.7162162162162162,Albany,Alameda,Albany City Unified,01611270130450,High Schools (Public),False,,,,,,,,,,,,,,,,,,,
ALBANY HIGH SCHOOL,2007,122.0,112.0,56.0,0.9180327868852459,0.5,Albany,Alameda,Albany City Unified,01611270130450,High Schools (Public),False,,,,,,,,,,,,,,,,,,,
ALBANY HIGH SCHOOL,2008,139.0,127.0,73.0,0.9136690647482014,0.5748031496062992,Albany,Alameda,Albany City Unified,01611270130450,High Schools (Public),False,,,,,,,,,,,,,,,,,,,
ALBANY HIGH SCHOOL,2009,136.0,112.0,66.0,0.8235294117647058,0.5892857142857143,Albany,Alameda,Albany City Unified,01611270130450,High Schools (Public),False,,,,,,,,,,,,,,,,,,,
ALBANY HIGH SCHOOL,2010,129.0,114.0,61.0,0.8837209302325582,0.5350877192982456,Albany,Alameda,Albany City Unified,01611270130450,High Schools (Public),False,,,,,,,,,,,,,,,,,,,
ALBANY HIGH SCHOOL,2011,123.0,107.0,65.0,0.8699186991869918,0.6074766355140186,Albany,Alameda,Albany City Unified,01611270130450,High Schools (Public),False,,,,,,,,,,,,,,,,,,,
ALBANY HIGH SCHOOL,2012,151.0,113.0,64.0,0.7483443708609272,0.5663716814159292,Albany,Alameda,Albany City Unified,01611270130450,High Schools (Public),False,,,,,,,,,,,,,,,,,,,
ALBANY HIGH SCHOOL,2013,145.0,101.0,58.0,0.696551724137931,0.5742574257425742,Albany,Alameda,Albany City Unified,01611270130450,High Schools (Public),False,,,,,,,,,,,,,,,,,,,
ALBANY HIGH SCHOOL,2014,138.0,94.0,51.0,0.6811594202898551,0.5425531914893617,Albany,Alameda,Albany City Unified,01611270130450,High Schools (Public),False,,,,,,,,,,,,,1182.0,,,,,,
ALBANY HIGH SCHOOL,2015,148.0,102.0,62.0,0.6891891891891891,0.6078431372549019,Albany,Alameda,Albany City Unified,01611270130450,High Schools (Public),False,,,,,,268.0,72.4,44.0,24.0,80.0,8.0,38.0,1195.0,232.0,0.1941422594142259,,,,
ALBANY HIGH SCHOOL,2016,146.0,101.0,48.0,0.6917808219178082,0.4752475247524752,Albany,Alameda,Albany City Unified,01611270130450,High Schools (Public),False,,,,,,283.0,80.2,47.0,30.0,86.0,10.0,54.0,1210.0,206.0,0.1702479338842975,2642.0,2672.2,71.0,63.0
ALBANY HIGH SCHOOL,2017,142.0,102.0,57.0,0.7183098591549296,0.5588235294117647,Albany,Alameda,Albany City Unified,01611270130450,High Schools (Public),False,302.0,280.0,92.7,176.0,62.9,285.0,80.4,54.0,33.0,83.0,19.0,40.0,1164.0,212.0,0.1821305841924398,2678.3,2695.6,83.0,75.0
ALBANY HIGH SCHOOL,2018,153.0,94.0,56.0,0.6143790849673203,0.5957446808510638,Albany,Alameda,Albany City Unified,01611270130450,High Schools (Public),False,282.0,262.0,92.9,175.0,66.8,266.0,86.1,56.0,29.0,80.0,12.0,52.0,1129.0,232.0,0.2054915854738706,2676.5,2693.7,83.33,74.3
ALBANY HIGH SCHOOL,2019,146.0,108.0,66.0,0.7397260273972602,0.6111111111111112,Albany,Alameda,Albany City Unified,01611270130450,High Schools (Public),False,293.0,277.0,94.5,182.0,65.7,286.0,79.4,64.0,26.0,79.0,11.0,47.0,1168.0,214.0,0.1832191780821918,2645.0,2670.2,74.17,62.77
ALBANY HIGH SCHOOL,2020,137.0,112.0,63.0,0.8175182481751825,0.5625,Albany,Alameda,Albany City Unified,01611270130450,High Schools (Public),False,257.0,238.0,92.6,168.0,70.6,245.0,83.3,61.0,25.0,73.0,10.0,35.0,1157.0,173.0,0.1495246326707001,2659.0,2684.0,80.84,70.75
ALBANY HIGH SCHOOL,2021,165.0,106.0,55.0,0.6424242424242425,0.5188679245283019,Albany,Alameda,Albany City Unified,01611270130450,High Schools (Public),False,284.0,270.0,95.1,183.0,67.8,270.0,84.4,51.0,24.0,80.0,11.0,62.0,1182.0,181.0,0.1531302876480541,,,,
ALBANY HIGH SCHOOL,2022,182.0,123.0,72.0,0.6758241758241759,0.5853658536585366,Albany,Alameda,Albany City Unified,01611270130450,High Schools (Public),False,310.0,284.0,91.6,207.0,72.9,295.0,81.4,66.0,40.0,75.0,7.0,52.0,,,,2715.3,2732.4,91.2,83.49
ALBANY HIGH SCHOOL,2023,183.0,132.0,81.0,0.7213114754098361,0.6136363636363636,Albany,Alameda,Albany City Unified,01611270130450,High Schools (Public),False,277.0,262.0,94.6,206.0,78.6,271.0,81.5,77.0,20.0,72.0,12.0,40.0,1151.0,303.0,0.263249348392702,2674.1,2683.9,79.66,71.68
ALBANY HIGH SCHOOL,2024,171.0,130.0,73.0,0.7602339181286549,0.5615384615384615,Albany,Alameda,Albany City Unified,01611270130450,High Schools (Public),False,268.0,258.0,96.3,194.0,75.2,,,,,,,,1117.0,340.0,0.3043867502238138,2687.3,2682.4,84.23,67.5
ALBANY HIGH SCHOOL,2025,198.0,161.0,72.0,0.8131313131313131,0.4472049689440994,Albany,Alameda,Albany City Unified,01611270130450,High Schools (Public),False,288.0,286.0,99.3,222.0,77.6,,,,,,,,1122.0,348.0,0.3101604278074866,2678.3,2694.3,83.9,69.43
ALHAMBRA HIGH SCHOOL,2005,50.0,43.0,17.0,0.86,0.3953488372093023,Martinez,Contra Costa,Martinez Unified,07617390730549,High Schools (Public),False,,,,,,,,,,,,,,,,,,,
ALHAMBRA HIGH SCHOOL,2006,53.0,51.0,31.0,0.9622641509433962,0.6078431372549019,Martinez,Contra Costa,Martinez Unified,07617390730549,High Schools (Public),False,,,,,,,,,,,,,,,,,,,
ALHAMBRA HIGH SCHOOL,2007,39.0,36.0,19.0,0.9230769230769231,0.5277777777777778,Martinez,Contra Costa,Martinez Unified,07617390730549,High Schools (Public),False,,,,,,,,,,,,,,,,,,,
ALHAMBRA HIGH SCHOOL,2008,42.0,37.0,15.0,0.8809523809523809,0.40540540540540543,Martinez,Contra Costa,Martinez Unified,07617390730549,High Schools (Public),False,,,,,,,,,,,,,,,,,,,
ALHAMBRA HIGH SCHOOL,2009,47.0,42.0,18.0,0.8936170212765957,0.42857142857142855,Martinez,Contra Costa,Martinez Unified,07617390730549,High Schools (Public),False,,,,,,,,,,,,,,,,,,,
ALHAMBRA HIGH SCHOOL,2010,33.0,29.0,16.0,0.8787878787878788,0.5517241379310345,Martinez,Contra Costa,Martinez Unified,07617390730549,High Schools (Public),False,,,,,,,,,,,,,,,,,,,
ALHAMBRA HIGH SCHOOL,2011,36.0,25.0,15.0,0.6944444444444444,0.6,Martinez,Contra Costa,Martinez Unified,07617390730549,High Schools (Public),False,,,,,,,,,,,,,,,,,,,
ALHAMBRA HIGH SCHOOL,2012,54.0,36.0,17.0,0.6666666666666666,0.4722222222222222,Martinez,Contra Costa,Martinez Unified,07617390730549,High Schools (Public),False,,,,,,,,,,,,,,,,,,,
ALHAMBRA HIGH SCHOOL,2013,54.0,36.0,19.0,0.6666666666666666,0.5277777777777778,Martinez,Contra Costa,Martinez Unified,07617390730549,High Schools (Public),False,,,,,,,,,,,,,,,,,,,
ALHAMBRA HIGH SCHOOL,2014,52.0,36.0,16.0,0.6923076923076923,0.4444444444444444,Martinez,Contra Costa,Martinez Unified,07617390730549,High Schools (Public),False,,,,,,,,,,,,,1202.0,,,,,,
ALHAMBRA HIGH SCHOOL,2015,53.0,27.0,17.0,0.5094339622641509,0.6296296296296297,Martinez,Contra Costa,Martinez Unified,07617390730549,High Schools (Public),False,,,,,,268.0,70.1,17.0,30.0,106.0,9.0,26.0,1181.0,275.0,0.2328535139712108,,,,
ALHAMBRA HIGH SCHOOL,2016,54.0,32.0,18.0,0.5925925925925926,0.5625,Martinez,Contra Costa,Martinez Unified,07617390730549,High Schools (Public),False,,,,,,254.0,76.0,17.0,28.0,126.0,5.0,17.0,1179.0,331.0,0.280746395250212,2617.6,2605.8,64.0,46.0
ALHAMBRA HIGH SCHOOL,2017,42.0,27.0,18.0,0.6428571428571429,0.6666666666666666,Martinez,Contra Costa,Martinez Unified,07617390730549,High Schools (Public),False,257.0,247.0,96.1,122.0,49.4,248.0,74.2,18.0,30.0,109.0,4.0,23.0,1179.0,207.0,0.1755725190839694,2610.7,2605.2,67.0,44.0
ALHAMBRA HIGH SCHOOL,2018,50.0,24.0,14.0,0.48,0.5833333333333334,Martinez,Contra Costa,Martinez Unified,07617390730549,High Schools (Public),False,258.0,248.0,96.1,153.0,61.7,248.0,72.6,14.0,19.0,100.0,5.0,42.0,1185.0,275.0,0.2320675105485232,2623.4,2598.8,68.9,39.3
ALHAMBRA HIGH SCHOOL,2019,40.0,28.0,11.0,0.7,0.39285714285714285,Martinez,Contra Costa,Martinez Unified,07617390730549,High Schools (Public),False,264.0,250.0,94.7,111.0,44.4,252.0,67.9,11.0,31.0,101.0,7.0,21.0,1232.0,273.0,0.2215909090909091,2576.6,2578.1,49.07,31.27
ALHAMBRA HIGH SCHOOL,2020,47.0,29.0,12.0,0.6170212765957447,0.41379310344827586,Martinez,Contra Costa,Martinez Unified,07617390730549,High Schools (Public),False,240.0,232.0,96.7,1.0,0.4,234.0,68.4,12.0,30.0,93.0,7.0,18.0,1217.0,300.0,0.2465078060805259,2640.1,2605.8,73.71,44.05
ALHAMBRA HIGH SCHOOL,2021,47.0,24.0,16.0,0.5106382978723404,0.6666666666666666,Martinez,Contra Costa,Martinez Unified,07617390730549,High Schools (Public),False,254.0,246.0,96.9,139.0,56.5,247.0,73.3,15.0,24.0,103.0,3.0,36.0,1208.0,276.0,0.2284768211920529,,,,
ALHAMBRA HIGH SCHOOL,2022,67.0,37.0,13.0,0.5522388059701493,0.35135135135135137,Martinez,Contra Costa,Martinez Unified,07617390730549,High Schools (Public),False,282.0,277.0,98.2,159.0,57.4,278.0,74.8,13.0,35.0,116.0,11.0,33.0,,,,2615.9,2615.4,64.38,45.27
ALHAMBRA HIGH SCHOOL,2023,57.0,37.0,22.0,0.6491228070175439,0.5945945945945946,Martinez,Contra Costa,Martinez Unified,07617390730549,High Schools (Public),False,257.0,250.0,97.3,118.0,47.2,253.0,70.4,22.0,22.0,103.0,2.0,29.0,1105.0,423.0,0.3828054298642533,2591.4,2550.3,54.77,27.75
ALHAMBRA HIGH SCHOOL,2024,56.0,34.0,15.0,0.6071428571428571,0.4411764705882353,Martinez,Contra Costa,Martinez Unified,07617390730549,High Schools (Public),False,271.0,264.0,97.4,129.0,48.9,,,,,,,,1070.0,321.0,0.3,2583.2,2538.8,53.91,26.09
ALHAMBRA HIGH SCHOOL,2025,41.0,34.0,11.0,0.8292682926829268,0.3235294117647059,Martinez,Contra Costa,Martinez Unified,07617390730549,High Schools (Public),False,241.0,234.0,97.1,117.0,50.0,,,,,,,,1028.0,316.0,0.3073929961089494,2580.1,2556.7,53.95,29.2
ALPHA CINDY AVITIA HIGH SCHOOL,2019,57.0,33.0,17.0,0.5789473684210527,0.5151515151515151,San Jose,Santa Clara,East Side Union High,43694270132274,High Schools (Public),True,98.0,81.0,82.7,79.0,97.5,81.0,88.9,16.0,30.0,24.0,1.0,1.0,438.0,387.0,0.8835616438356164,2622.5,2615.0,67.03,48.89
ALPHA CINDY AVITIA HIGH SCHOOL,2020,29.0,26.0,8.0,0.896551724137931,0.3076923076923077,San Jose,Santa Clara,East Side Union High,43694270132274,High Schools (Public),True,86.0,66.0,76.7,1.0,1.5,64.0,76.6,8.0,30.0,10.0,1.0,0.0,471.0,406.0,0.861995753715499,2600.4,2582.1,57.89,36.84
ALPHA CINDY AVITIA HIGH SCHOOL,2021,52.0,49.0,21.0,0.9423076923076923,0.42857142857142855,San Jose,Santa Clara,East Side Union High,43694270132274,High Schools (Public),True,103.0,98.0,95.1,0.0,0.0,105.0,69.5,18.0,30.0,24.0,1.0,0.0,515.0,431.0,0.8368932038834952,,,,
ALPHA CINDY AVITIA HIGH SCHOOL,2022,41.0,37.0,14.0,0.9024390243902439,0.3783783783783784,San Jose,Santa Clara,East Side Union High,43694270132274,High Schools (Public),True,118.0,100.0,84.7,0.0,0.0,105.0,73.3,15.0,25.0,35.0,2.0,0.0,,,,2575.0,2570.7,48.39,30.21
ALPHA CINDY AVITIA HIGH SCHOOL,2023,25.0,15.0,6.0,0.6,0.4,San Jose,Santa Clara,East Side Union High,43694270132274,High Schools (Public),True,104.0,91.0,87.5,29.0,31.9,94.0,69.1,6.0,18.0,39.0,0.0,2.0,455.0,303.0,0.6659340659340659,2531.7,2504.1,31.19,11.93
ALPHA CINDY AVITIA HIGH SCHOOL,2024,31.0,18.0,5.0,0.5806451612903226,0.2777777777777778,San Jose,Santa Clara,East Side Union High,43694270132274,High Schools (Public),True,106.0,97.0,91.5,79.0,81.4,,,,,,,,428.0,361.0,0.8434579439252337,2513.1,2515.3,30.48,19.23
ALPHA CINDY AVITIA HIGH SCHOOL,2025,23.0,19.0,5.0,0.8260869565217391,0.2631578947368421,San Jose,Santa Clara,East Side Union High,43694270132274,High Schools (Public),True,104.0,86.0,82.7,82.0,95.3,,,,,,,,405.0,295.0,0.7283950617283951,2544.2,2507.8,35.56,12.22
ALTERNATIVES IN ACTION HIGH SCHOOL,2010,5.0,,,,,Oakland,Alameda,Alameda County Office of Education,01100170130625,High Schools (Public),True,,,,,,,,,,,,,,,,,,,
ALTERNATIVES IN ACTION HIGH SCHOOL,2013,8.0,,,,,Oakland,Alameda,Alameda County Office of Education,01100170130625,High Schools (Public),True,,,,,,,,,,,,,,,,,,,
ALTERNATIVES IN ACTION HIGH SCHOOL,2014,7.0,3.0,3.0,0.42857142857142855,1.0,Oakland,Alameda,Alameda County Office of Education,01100170130625,High Schools (Public),True,,,,,,,,,,,,,,,,,,,
ALTERNATIVES IN ACTION HIGH SCHOOL,2017,7.0,,,,,Oakland,Alameda,Alameda County Office of Education,01100170130625,High Schools (Public),True,,,,,,,,,,,,,,,,,,,
ALTERNATIVES IN ACTION HIGH SCHOOL,2018,7.0,,,,,Oakland,Alameda,Alameda County Office of Education,01100170130625,High Schools (Public),True,,,,,,,,,,,,,,,,,,,
ALTERNATIVES IN ACTION HIGH SCHOOL,2019,27.0,,,,,Oakland,Alameda,Alameda County Office of Education,01100170130625,High Schools (Public),True,,,,,,,,,,,,,,,,,,,
ALTERNATIVES IN ACTION HIGH SCHOOL,2020,17.0,6,,0.35294117647058826,,Oakland,Alameda,Alameda County Office of Education,01100170130625,High Schools (Public),True,,,,,,,,,,,,,,,,,,,
ALTERNATIVES IN ACTION HIGH SCHOOL,2021,16.0,4,,0.25,,Oakland,Alameda,Alameda County Office of Education,01100170130625,High Schools (Public),True,,,,,,,,,,,,,,,,,,,
ALTERNATIVES IN ACTION HIGH SCHOOL,2022,19.0,5,,0.2631578947368421,,Oakland,Alameda,Alameda County Office of Education,01100170130625,High Schools (Public),True,45.0,29.0,64.4,18.0,62.1,30.0,50.0,1.0,3.0,7.0,2.0,2.0,,,,,,,
ALTERNATIVES IN ACTION HIGH SCHOOL,2023,18.0,,,,,Oakland,Alameda,Alameda County Office of Education,01100170130625,High Schools (Public),True,52.0,32.0,61.5,14.0,43.8,41.0,26.8,0.0,6.0,3.0,2.0,0.0,143.0,128.0,0.8951048951048951,2423.1,2405.7,3.03,0.0
ALTERNATIVES IN ACTION HIGH SCHOOL,2024,12.0,6,,0.5,,Oakland,Alameda,Alameda County Office of Education,01100170130625,High Schools (Public),True,36.0,24.0,66.7,16.0,66.7,,,,,,,,132.0,124.0,0.9393939393939394,2455.1,2431.9,23.08,3.7
ALTERNATIVES IN ACTION HIGH SCHOOL,2025,12.0,8,,0.6666666666666666,,Oakland,Alameda,Alameda County Office of Education,01100170130625,High Schools (Public),True,44.0,32.0,72.7,22.0,68.8,,,,,,,,106.0,95.0,0.8962264150943396,2493.9,2462.0,20.0,0.0
AMADOR VALLEY HIGH SCHOOL,2005,117.0,110.0,58.0,0.9401709401709402,0.5272727272727272,Pleasanton,Alameda,Pleasanton Unified,01751010130583,High Schools (Public),False,,,,,,,,,,,,,,,,,,,
AMADOR VALLEY HIGH SCHOOL,2006,156.0,142.0,79.0,0.9102564102564102,0.5563380281690141,Pleasanton,Alameda,Pleasanton Unified,01751010130583,High Schools (Public),False,,,,,,,,,,,,,,,,,,,
AMADOR VALLEY HIGH SCHOOL,2007,164.0,153.0,83.0,0.9329268292682927,0.5424836601307189,Pleasanton,Alameda,Pleasanton Unified,01751010130583,High Schools (Public),False,,,,,,,,,,,,,,,,,,,
AMADOR VALLEY HIGH SCHOOL,2008,199.0,181.0,98.0,0.9095477386934674,0.5414364640883977,Pleasanton,Alameda,Pleasanton Unified,01751010130583,High Schools (Public),False,,,,,,,,,,,,,,,,,,,
AMADOR VALLEY HIGH SCHOOL,2009,173.0,163.0,76.0,0.9421965317919075,0.4662576687116564,Pleasanton,Alameda,Pleasanton Unified,01751010130583,High Schools (Public),False,,,,,,,,,,,,,,,,,,,
AMADOR VALLEY HIGH SCHOOL,2010,232.0,209.0,105.0,0.9008620689655172,0.5023923444976076,Pleasanton,Alameda,Pleasanton Unified,01751010130583,High Schools (Public),False,,,,,,,,,,,,,,,,,,,
AMADOR VALLEY HIGH SCHOOL,2011,202.0,160.0,89.0,0.7920792079207921,0.55625,Pleasanton,Alameda,Pleasanton Unified,01751010130583,High Schools (Public),False,,,,,,,,,,,,,,,,,,,
AMADOR VALLEY HIGH SCHOOL,2012,232.0,164.0,75.0,0.7068965517241379,0.4573170731707317,Pleasanton,Alameda,Pleasanton Unified,01751010130583,High Schools (Public),False,,,,,,,,,,,,,,,,,,,
AMADOR VALLEY HIGH SCHOOL,2013,254.0,190.0,85.0,0.7480314960629921,0.4473684210526316,Pleasanton,Alameda,Pleasanton Unified,01751010130583,High Schools (Public),False,,,,,,,,,,,,,,,,,,,
AMADOR VALLEY HIGH SCHOOL,2014,287.0,192.0,108.0,0.6689895470383276,0.5625,Pleasanton,Alameda,Pleasanton Unified,01751010130583,High Schools (Public),False,,,,,,,,,,,,,2634.0,,,,,,
AMADOR VALLEY HIGH SCHOOL,2015,273.0,189.0,80.0,0.6923076923076923,0.42328042328042326,Pleasanton,Alameda,Pleasanton Unified,01751010130583,High Schools (Public),False,,,,,,637.0,84.0,59.0,92.0,186.0,37.0,161.0,2612.0,143.0,0.0547473200612557,,,,
AMADOR VALLEY HIGH SCHOOL,2016,327.0,242.0,130.0,0.7400611620795107,0.5371900826446281,Pleasanton,Alameda,Pleasanton Unified,01751010130583,High Schools (Public),False,,,,,,623.0,86.5,124.0,93.0,143.0,31.0,148.0,2628.0,157.0,0.0597412480974124,2712.0,2710.3,93.0,78.0
AMADOR VALLEY HIGH SCHOOL,2017,297.0,212.0,106.0,0.7138047138047138,0.5,Pleasanton,Alameda,Pleasanton Unified,01751010130583,High Schools (Public),False,620.0,603.0,97.3,439.0,72.8,608.0,86.5,104.0,107.0,125.0,44.0,146.0,2648.0,135.0,0.0509818731117824,2714.5,2710.7,93.0,78.0
AMADOR VALLEY HIGH SCHOOL,2018,333.0,216.0,101.0,0.6486486486486487,0.4675925925925926,Pleasanton,Alameda,Pleasanton Unified,01751010130583,High Schools (Public),False,648.0,639.0,98.6,475.0,74.3,640.0,91.4,101.0,112.0,161.0,35.0,176.0,2673.0,177.0,0.0662177328843995,2703.1,2707.3,89.66,75.72
AMADOR VALLEY HIGH SCHOOL,2019,348.0,241.0,119.0,0.6925287356321839,0.49377593360995853,Pleasanton,Alameda,Pleasanton Unified,01751010130583,High Schools (Public),False,647.0,636.0,98.3,487.0,76.6,641.0,87.7,115.0,109.0,137.0,38.0,163.0,2713.0,202.0,0.0744563214154073,2671.0,2687.9,80.16,70.99
AMADOR VALLEY HIGH SCHOOL,2020,309.0,231.0,118.0,0.7475728155339806,0.5108225108225108,Pleasanton,Alameda,Pleasanton Unified,01751010130583,High Schools (Public),False,624.0,617.0,98.9,458.0,74.2,616.0,85.4,115.0,62.0,142.0,34.0,173.0,2734.0,170.0,0.0621799561082662,2672.1,2691.5,80.67,70.02
AMADOR VALLEY HIGH SCHOOL,2021,361.0,248.0,139.0,0.6869806094182825,0.5604838709677419,Pleasanton,Alameda,Pleasanton Unified,01751010130583,High Schools (Public),False,684.0,664.0,97.1,559.0,84.2,667.0,85.8,129.0,84.0,139.0,42.0,178.0,2744.0,196.0,0.0714285714285714,,,,
AMADOR VALLEY HIGH SCHOOL,2022,397.0,292.0,136.0,0.7355163727959698,0.4657534246575342,Pleasanton,Alameda,Pleasanton Unified,01751010130583,High Schools (Public),False,691.0,672.0,97.3,552.0,82.1,672.0,86.9,126.0,82.0,145.0,30.0,201.0,,,,,,,
AMADOR VALLEY HIGH SCHOOL,2023,398.0,329.0,160.0,0.8266331658291457,0.48632218844984804,Pleasanton,Alameda,Pleasanton Unified,01751010130583,High Schools (Public),False,685.0,655.0,95.6,562.0,85.8,657.0,89.5,158.0,83.0,109.0,39.0,199.0,2665.0,189.0,0.0709193245778611,2672.6,2691.6,80.68,70.47
AMADOR VALLEY HIGH SCHOOL,2024,393.0,323.0,141.0,0.821882951653944,0.43653250773993807,Pleasanton,Alameda,Pleasanton Unified,01751010130583,High Schools (Public),False,649.0,626.0,96.5,500.0,79.9,,,,,,,,2574.0,197.0,0.0765345765345765,2683.4,2693.1,83.93,70.88
AMADOR VALLEY HIGH SCHOOL,2025,397.0,330.0,147.0,0.8312342569269522,0.44545454545454544,Pleasanton,Alameda,Pleasanton Unified,01751010130583,High Schools (Public),False,653.0,637.0,97.5,514.0,80.7,,,,,,,,2583.0,213.0,0.0824622531939605,2664.5,2680.8,78.7,65.18
AMERICAN CANYON HIGH SCHOOL,2013,68.0,39.0,24.0,0.5735294117647058,0.6153846153846154,American Canyon,Napa,Napa Valley Unified,28662660121087,High Schools (Public),False,,,,,,,,,,,,,,,,,,,
AMERICAN CANYON HIGH SCHOOL,2014,73.0,48.0,31.0,0.6575342465753424,0.6458333333333334,American Canyon,Napa,Napa Valley Unified,28662660121087,High Schools (Public),False,,,,,,,,,,,,,1489.0,,,,,,
AMERICAN CANYON HIGH SCHOOL,2015,73.0,36.0,31.0,0.4931506849315068,0.8611111111111112,American Canyon,Napa,Napa Valley Unified,28662660121087,High Schools (Public),False,,,,,,335.0,73.7,24.0,35.0,170.0,10.0,8.0,1551.0,484.0,0.3120567375886525,,,,
AMERICAN CANYON HIGH SCHOOL,2016,76.0,49.0,33.0,0.6447368421052632,0.673469387755102,American Canyon,Napa,Napa Valley Unified,28662660121087,High Schools (Public),False,,,,,,352.0,77.6,31.0,45.0,171.0,10.0,16.0,1582.0,576.0,0.3640960809102402,2613.8,2551.8,66.0,23.0
AMERICAN CANYON HIGH SCHOOL,2017,59.0,38.0,27.0,0.6440677966101694,0.7105263157894737,American Canyon,Napa,Napa Valley Unified,28662660121087,High Schools (Public),False,369.0,350.0,94.9,217.0,62.0,361.0,71.7,24.0,54.0,162.0,14.0,5.0,1545.0,570.0,0.3689320388349514,2621.2,2574.2,70.0,31.0
AMERICAN CANYON HIGH SCHOOL,2018,91.0,58.0,45.0,0.6373626373626373,0.7758620689655172,American Canyon,Napa,Napa Valley Unified,28662660121087,High Schools (Public),False,373.0,356.0,95.4,213.0,59.8,360.0,72.5,37.0,42.0,160.0,9.0,13.0,1572.0,552.0,0.3511450381679389,2631.8,2567.7,71.35,30.73
AMERICAN CANYON HIGH SCHOOL,2019,86.0,55.0,29.0,0.6395348837209303,0.5272727272727272,American Canyon,Napa,Napa Valley Unified,28662660121087,High Schools (Public),False,399.0,382.0,95.7,236.0,61.8,386.0,73.6,25.0,37.0,184.0,20.0,18.0,1617.0,525.0,0.3246753246753247,2573.5,2538.3,49.37,25.89
AMERICAN CANYON HIGH SCHOOL,2020,71.0,43.0,27.0,0.6056338028169014,0.627906976744186,American Canyon,Napa,Napa Valley Unified,28662660121087,High Schools (Public),False,367.0,350.0,95.4,209.0,59.7,348.0,77.3,26.0,45.0,173.0,10.0,15.0,1670.0,536.0,0.3209580838323353,2623.9,2559.0,67.22,26.59
AMERICAN CANYON HIGH SCHOOL,2021,87.0,50.0,23.0,0.5747126436781609,0.46,American Canyon,Napa,Napa Valley Unified,28662660121087,High Schools (Public),False,376.0,351.0,93.4,204.0,58.1,349.0,77.1,21.0,48.0,167.0,22.0,11.0,1707.0,559.0,0.3274751025190393,,,,
AMERICAN CANYON HIGH SCHOOL,2022,101.0,55.0,33.0,0.5445544554455446,0.6,American Canyon,Napa,Napa Valley Unified,28662660121087,High Schools (Public),False,409.0,389.0,95.1,228.0,58.6,389.0,72.5,31.0,44.0,169.0,13.0,25.0,,,,,,,
AMERICAN CANYON HIGH SCHOOL,2023,87.0,63.0,39.0,0.7241379310344828,0.6190476190476191,American Canyon,Napa,Napa Valley Unified,28662660121087,High Schools (Public),False,442.0,424.0,95.9,240.0,56.6,428.0,75.9,36.0,51.0,205.0,17.0,16.0,1722.0,913.0,0.5301974448315911,2603.0,2542.1,62.21,25.52
AMERICAN CANYON HIGH SCHOOL,2024,120.0,71.0,38.0,0.5916666666666667,0.5352112676056338,American Canyon,Napa,Napa Valley Unified,28662660121087,High Schools (Public),False,410.0,386.0,94.1,200.0,51.8,,,,,,,,1698.0,942.0,0.5547703180212014,2593.5,2530.8,58.74,24.46
AMERICAN CANYON HIGH SCHOOL,2025,95.0,67.0,29.0,0.7052631578947368,0.43283582089552236,American Canyon,Napa,Napa Valley Unified,28662660121087,High Schools (Public),False,386.0,369.0,95.6,201.0,54.5,,,,,,,,1720.0,968.0,0.5627906976744186,2606.0,2543.5,60.62,23.04
AMERICAN HIGH SCHOOL,2005,104.0,95.0,54.0,0.9134615384615384,0.5684210526315789,Fremont,Alameda,Fremont Unified,01611760130062,High Schools (Public),False,,,,,,,,,,,,,,,,,,,
AMERICAN HIGH SCHOOL,2006,99.0,91.0,58.0,0.9191919191919192,0.6373626373626373,Fremont,Alameda,Fremont Unified,01611760130062,High Schools (Public),False,,,,,,,,,,,,,,,,,,,
AMERICAN HIGH SCHOOL,2007,164.0,151.0,98.0,0.9207317073170732,0.6490066225165563,Fremont,Alameda,Fremont Unified,01611760130062,High Schools (Public),False,,,,,,,,,,,,,,,,,,,
AMERICAN HIGH SCHOOL,2008,134.0,120.0,86.0,0.8955223880597015,0.7166666666666667,Fremont,Alameda,Fremont Unified,01611760130062,High Schools (Public),False,,,,,,,,,,,,,,,,,,,
AMERICAN HIGH SCHOOL,2009,155.0,127.0,78.0,0.8193548387096774,0.6141732283464567,Fremont,Alameda,Fremont Unified,01611760130062,High Schools (Public),False,,,,,,,,,,,,,,,,,,,
AMERICAN HIGH SCHOOL,2010,137.0,123.0,88.0,0.8978102189781022,0.7154471544715447,Fremont,Alameda,Fremont Unified,01611760130062,High Schools (Public),False,,,,,,,,,,,,,,,,,,,
AMERICAN HIGH SCHOOL,2011,168.0,133.0,69.0,0.7916666666666666,0.518796992481203,Fremont,Alameda,Fremont Unified,01611760130062,High Schools (Public),False,,,,,,,,,,,,,,,,,,,
AMERICAN HIGH SCHOOL,2012,149.0,111.0,80.0,0.7449664429530202,0.7207207207207207,Fremont,Alameda,Fremont Unified,01611760130062,High Schools (Public),False,,,,,,,,,,,,,,,,,,,
AMERICAN HIGH SCHOOL,2013,183.0,142.0,85.0,0.7759562841530054,0.5985915492957746,Fremont,Alameda,Fremont Unified,01611760130062,High Schools (Public),False,,,,,,,,,,,,,,,,,,,
AMERICAN HIGH SCHOOL,2014,210.0,153.0,99.0,0.7285714285714285,0.6470588235294118,Fremont,Alameda,Fremont Unified,01611760130062,High Schools (Public),False,,,,,,,,,,,,,1960.0,,,,,,
AMERICAN HIGH SCHOOL,2015,206.0,159.0,104.0,0.7718446601941747,0.6540880503144654,Fremont,Alameda,Fremont Unified,01611760130062,High Schools (Public),False,,,,,,436.0,79.6,81.0,62.0,150.0,14.0,40.0,1985.0,368.0,0.1853904282115869,,,,
AMERICAN HIGH SCHOOL,2016,202.0,159.0,94.0,0.7871287128712872,0.5911949685534591,Fremont,Alameda,Fremont Unified,01611760130062,High Schools (Public),False,,,,,,427.0,83.4,91.0,63.0,161.0,17.0,24.0,2093.0,457.0,0.2183468705207835,2651.8,2647.1,78.0,58.0
AMERICAN HIGH SCHOOL,2017,235.0,181.0,113.0,0.7702127659574468,0.6243093922651933,Fremont,Alameda,Fremont Unified,01611760130062,High Schools (Public),False,505.0,479.0,94.9,346.0,72.2,488.0,83.4,100.0,86.0,168.0,14.0,39.0,2200.0,367.0,0.1668181818181818,2651.5,2648.9,77.0,57.0
AMERICAN HIGH SCHOOL,2018,251.0,199.0,110.0,0.7928286852589641,0.5527638190954773,Fremont,Alameda,Fremont Unified,01611760130062,High Schools (Public),False,483.0,465.0,96.3,333.0,71.6,471.0,84.9,106.0,84.0,137.0,26.0,47.0,2273.0,439.0,0.1931368235811702,2683.5,2685.9,83.94,67.76
AMERICAN HIGH SCHOOL,2019,258.0,200.0,135.0,0.7751937984496124,0.675,Fremont,Alameda,Fremont Unified,01611760130062,High Schools (Public),False,540.0,515.0,95.4,323.0,62.7,534.0,86.3,132.0,72.0,192.0,15.0,50.0,2448.0,492.0,0.2009803921568627,2699.3,2703.3,86.67,73.57
AMERICAN HIGH SCHOOL,2020,279.0,238.0,153.0,0.8530465949820788,0.6428571428571429,Fremont,Alameda,Fremont Unified,01611760130062,High Schools (Public),False,553.0,515.0,93.1,391.0,75.9,523.0,87.6,146.0,77.0,181.0,21.0,33.0,2519.0,481.0,0.1909487892020643,2701.4,2696.5,88.68,70.26
AMERICAN HIGH SCHOOL,2021,344.0,260.0,122.0,0.7558139534883721,0.46923076923076923,Fremont,Alameda,Fremont Unified,01611760130062,High Schools (Public),False,574.0,542.0,94.4,399.0,73.6,555.0,83.1,112.0,98.0,144.0,22.0,85.0,2544.0,434.0,0.1705974842767295,,,,
AMERICAN HIGH SCHOOL,2022,406.0,342.0,191.0,0.8423645320197044,0.5584795321637427,Fremont,Alameda,Fremont Unified,01611760130062,High Schools (Public),False,617.0,601.0,97.4,493.0,82.0,611.0,86.7,183.0,78.0,157.0,22.0,90.0,,,,2732.6,2742.9,89.6,81.74
AMERICAN HIGH SCHOOL,2023,395.0,350.0,192.0,0.8860759493670886,0.5485714285714286,Fremont,Alameda,Fremont Unified,01611760130062,High Schools (Public),False,628.0,591.0,94.1,468.0,79.2,601.0,85.2,184.0,88.0,135.0,18.0,87.0,2501.0,383.0,0.1531387445021991,2709.8,2703.5,87.01,72.7
AMERICAN HIGH SCHOOL,2024,369.0,298.0,144.0,0.8075880758807588,0.48322147651006714,Fremont,Alameda,Fremont Unified,01611760130062,High Schools (Public),False,569.0,547.0,96.1,354.0,64.7,,,,,,,,2587.0,506.0,0.1955933513722458,2704.6,2704.1,87.7,72.0
AMERICAN HIGH SCHOOL,2025,409.0,373.0,198.0,0.9119804400977995,0.5308310991957105,Fremont,Alameda,Fremont Unified,01611760130062,High Schools (Public),False,621.0,597.0,96.1,456.0,76.4,,,,,,,,2618.0,653.0,0.2494270435446906,2714.9,2714.7,88.14,72.32
ANALY HIGH SCHOOL,2005,79.0,73.0,44.0,0.9240506329113924,0.6027397260273972,Sebastopol,Sonoma,West Sonoma County Union High,49706074930400,High Schools (Public),False,,,,,,,,,,,,,,,,,,,
ANALY HIGH SCHOOL,2006,49.0,47.0,25.0,0.9591836734693877,0.5319148936170213,Sebastopol,Sonoma,West Sonoma County Union High,49706074930400,High Schools (Public),False,,,,,,,,,,,,,,,,,,,
ANALY HIGH SCHOOL,2007,65.0,62.0,27.0,0.9538461538461539,0.43548387096774194,Sebastopol,Sonoma,West Sonoma County Union High,49706074930400,High Schools (Public),False,,,,,,,,,,,,,,,,,,,
ANALY HIGH SCHOOL,2008,79.0,74.0,40.0,0.9367088607594937,0.5405405405405406,Sebastopol,Sonoma,West Sonoma County Union High,49706074930400,High Schools (Public),False,,,,,,,,,,,,,,,,,,,
ANALY HIGH SCHOOL,2009,67.0,62.0,28.0,0.9253731343283582,0.45161290322580644,Sebastopol,Sonoma,West Sonoma County Union High,49706074930400,High Schools (Public),False,,,,,,,,,,,,,,,,,,,
ANALY HIGH SCHOOL,2010,59.0,56.0,35.0,0.9491525423728814,0.625,Sebastopol,Sonoma,West Sonoma County Union High,49706074930400,High Schools (Public),False,,,,,,,,,,,,,,,,,,,
ANALY HIGH SCHOOL,2011,91.0,70.0,37.0,0.7692307692307693,0.5285714285714286,Sebastopol,Sonoma,West Sonoma County Union High,49706074930400,High Schools (Public),False,,,,,,,,,,,,,,,,,,,
ANALY HIGH SCHOOL,2012,69.0,53.0,30.0,0.7681159420289855,0.5660377358490566,Sebastopol,Sonoma,West Sonoma County Union High,49706074930400,High Schools (Public),False,,,,,,,,,,,,,,,,,,,
ANALY HIGH SCHOOL,2013,76.0,51.0,32.0,0.6710526315789473,0.6274509803921569,Sebastopol,Sonoma,West Sonoma County Union High,49706074930400,High Schools (Public),False,,,,,,,,,,,,,,,,,,,
ANALY HIGH SCHOOL,2014,64.0,49.0,31.0,0.765625,0.6326530612244898,Sebastopol,Sonoma,West Sonoma County Union High,49706074930400,High Schools (Public),False,,,,,,,,,,,,,1369.0,,,,,,
ANALY HIGH SCHOOL,2015,69.0,46.0,25.0,0.6666666666666666,0.5434782608695652,Sebastopol,Sonoma,West Sonoma County Union High,49706074930400,High Schools (Public),False,,,,,,297.0,67.7,19.0,36.0,113.0,7.0,26.0,1317.0,256.0,0.1943811693242217,,,,
ANALY HIGH SCHOOL,2016,63.0,49.0,31.0,0.7777777777777778,0.6326530612244898,Sebastopol,Sonoma,West Sonoma County Union High,49706074930400,High Schools (Public),False,,,,,,317.0,73.8,30.0,30.0,150.0,5.0,19.0,1273.0,206.0,0.1618224666142969,2652.2,2632.8,77.0,51.0
ANALY HIGH SCHOOL,2017,73.0,43.0,22.0,0.589041095890411,0.5116279069767442,Sebastopol,Sonoma,West Sonoma County Union High,49706074930400,High Schools (Public),False,328.0,316.0,96.3,176.0,55.7,316.0,76.3,20.0,38.0,146.0,8.0,29.0,1200.0,208.0,0.1733333333333333,2657.0,2634.9,81.0,55.0
ANALY HIGH SCHOOL,2018,53.0,28.0,16.0,0.5283018867924528,0.5714285714285714,Sebastopol,Sonoma,West Sonoma County Union High,49706074930400,High Schools (Public),False,270.0,257.0,95.2,135.0,52.5,265.0,79.2,15.0,26.0,133.0,9.0,27.0,1145.0,298.0,0.2602620087336244,2667.5,2617.7,85.94,45.1
ANALY HIGH SCHOOL,2019,49.0,34.0,14.0,0.6938775510204082,0.4117647058823529,Sebastopol,Sonoma,West Sonoma County Union High,49706074930400,High Schools (Public),False,260.0,250.0,96.2,142.0,56.8,254.0,76.4,14.0,27.0,122.0,10.0,21.0,1125.0,296.0,0.2631111111111111,2647.8,2614.8,74.41,46.43
ANALY HIGH SCHOOL,2020,36.0,26.0,8.0,0.7222222222222222,0.3076923076923077,Sebastopol,Sonoma,West Sonoma County Union High,49706074930400,High Schools (Public),False,247.0,239.0,96.8,115.0,48.1,236.0,70.3,8.0,15.0,110.0,6.0,27.0,1141.0,334.0,0.2927256792287467,2618.8,2564.4,63.33,29.24
ANALY HIGH SCHOOL,2021,72.0,59.0,30.0,0.8194444444444444,0.5084745762711864,Sebastopol,Sonoma,West Sonoma County Union High,49706074930400,High Schools (Public),False,285.0,276.0,96.8,161.0,58.3,284.0,65.8,29.0,18.0,96.0,8.0,36.0,1158.0,442.0,0.3816925734024179,,,,
ANALY HIGH SCHOOL,2022,70.0,40.0,21.0,0.5714285714285714,0.525,Sebastopol,Sonoma,West Sonoma County Union High,49706074930400,High Schools (Public),False,340.0,324.0,95.3,192.0,59.3,323.0,68.1,19.0,43.0,126.0,10.0,22.0,,,,2618.7,2622.3,63.46,46.53
ANALY HIGH SCHOOL,2023,76.0,55.0,26.0,0.7236842105263158,0.4727272727272727,Sebastopol,Sonoma,West Sonoma County Union High,49706074930400,High Schools (Public),False,363.0,355.0,97.8,190.0,53.5,357.0,76.2,24.0,36.0,167.0,8.0,37.0,1466.0,609.0,0.4154160982264666,2589.1,2563.7,53.42,30.5
ANALY HIGH SCHOOL,2024,81.0,51.0,28.0,0.6296296296296297,0.5490196078431373,Sebastopol,Sonoma,West Sonoma County Union High,49706074930400,High Schools (Public),False,359.0,343.0,95.5,214.0,62.4,,,,,,,,1450.0,616.0,0.4248275862068965,2636.1,2600.0,72.05,39.08
ANALY HIGH SCHOOL,2025,63.0,41.0,17.0,0.6507936507936508,0.4146341463414634,Sebastopol,Sonoma,West Sonoma County Union High,49706074930400,High Schools (Public),False,333.0,318.0,95.5,181.0,56.9,,,,,,,,1473.0,603.0,0.4093686354378819,2601.6,2567.6,60.82,26.71
ANDREW P HILL HIGH SCHOOL,2005,54.0,44.0,31.0,0.8148148148148148,0.7045454545454546,San Jose,Santa Clara,East Side Union High,43694274332995,High Schools (Public),False,,,,,,,,,,,,,,,,,,,
ANDREW P HILL HIGH SCHOOL,2006,50.0,47.0,27.0,0.94,0.574468085106383,San Jose,Santa Clara,East Side Union High,43694274332995,High Schools (Public),False,,,,,,,,,,,,,,,,,,,
ANDREW P HILL HIGH SCHOOL,2007,77.0,71.0,35.0,0.922077922077922,0.49295774647887325,San Jose,Santa Clara,East Side Union High,43694274332995,High Schools (Public),False,,,,,,,,,,,,,,,,,,,
ANDREW P HILL HIGH SCHOOL,2008,106.0,87.0,47.0,0.8207547169811321,0.5402298850574713,San Jose,Santa Clara,East Side Union High,43694274332995,High Schools (Public),False,,,,,,,,,,,,,,,,,,,
ANDREW P HILL HIGH SCHOOL,2009,81.0,69.0,37.0,0.8518518518518519,0.5362318840579711,San Jose,Santa Clara,East Side Union High,43694274332995,High Schools (Public),False,,,,,,,,,,,,,,,,,,,
ANDREW P HILL HIGH SCHOOL,2010,102.0,89.0,46.0,0.8725490196078431,0.5168539325842697,San Jose,Santa Clara,East Side Union High,43694274332995,High Schools (Public),False,,,,,,,,,,,,,,,,,,,
ANDREW P HILL HIGH SCHOOL,2011,95.0,83.0,47.0,0.8736842105263158,0.5662650602409639,San Jose,Santa Clara,East Side Union High,43694274332995,High Schools (Public),False,,,,,,,,,,,,,,,,,,,
ANDREW P HILL HIGH SCHOOL,2012,113.0,92.0,54.0,0.8141592920353983,0.5869565217391305,San Jose,Santa Clara,East Side Union High,43694274332995,High Schools (Public),False,,,,,,,,,,,,,,,,,,,
ANDREW P HILL HIGH SCHOOL,2013,96.0,57.0,33.0,0.59375,0.5789473684210527,San Jose,Santa Clara,East Side Union High,43694274332995,High Schools (Public),False,,,,,,,,,,,,,,,,,,,
ANDREW P HILL HIGH SCHOOL,2014,102.0,63.0,40.0,0.6176470588235294,0.6349206349206349,San Jose,Santa Clara,East Side Union High,43694274332995,High Schools (Public),False,,,,,,,,,,,,,2140.0,,,,,,
ANDREW P HILL HIGH SCHOOL,2015,120.0,71.0,41.0,0.5916666666666667,0.5774647887323944,San Jose,Santa Clara,East Side Union High,43694274332995,High Schools (Public),False,,,,,,422.0,73.7,32.0,45.0,214.0,11.0,9.0,2015.0,1250.0,0.6203473945409429,,,,
ANDREW P HILL HIGH SCHOOL,2016,86.0,64.0,49.0,0.7441860465116279,0.765625,San Jose,Santa Clara,East Side Union High,43694274332995,High Schools (Public),False,,,,,,365.0,73.2,41.0,29.0,186.0,7.0,4.0,1934.0,1226.0,0.6339193381592554,2562.6,2554.5,44.0,28.0
ANDREW P HILL HIGH SCHOOL,2017,90.0,47.0,30.0,0.5222222222222223,0.6382978723404256,San Jose,Santa Clara,East Side Union High,43694274332995,High Schools (Public),False,431.0,347.0,80.5,117.0,33.7,359.0,68.5,25.0,48.0,165.0,7.0,1.0,1883.0,1133.0,0.6016994158258099,2582.1,2538.9,53.0,26.0
ANDREW P HILL HIGH SCHOOL,2018,94.0,53.0,37.0,0.5638297872340425,0.6981132075471698,San Jose,Santa Clara,East Side Union High,43694274332995,High Schools (Public),False,445.0,368.0,82.7,157.0,42.7,381.0,75.1,37.0,48.0,190.0,10.0,1.0,1913.0,1304.0,0.6816518557239938,2567.7,2545.6,50.61,25.24
ANDREW P HILL HIGH SCHOOL,2019,78.0,54.0,26.0,0.6923076923076923,0.48148148148148145,San Jose,Santa Clara,East Side Union High,43694274332995,High Schools (Public),False,425.0,370.0,87.1,165.0,44.6,381.0,74.5,25.0,42.0,204.0,10.0,3.0,1867.0,1182.0,0.6331012319228709,2546.6,2539.5,42.99,23.08
ANDREW P HILL HIGH SCHOOL,2020,82.0,53.0,23.0,0.6463414634146342,0.4339622641509434,San Jose,Santa Clara,East Side Union High,43694274332995,High Schools (Public),False,437.0,368.0,84.2,157.0,42.7,377.0,72.9,20.0,50.0,199.0,3.0,3.0,1868.0,1165.0,0.6236616702355461,2561.2,2543.3,48.17,24.7
ANDREW P HILL HIGH SCHOOL,2021,71.0,46.0,21.0,0.647887323943662,0.45652173913043476,San Jose,Santa Clara,East Side Union High,43694274332995,High Schools (Public),False,460.0,361.0,78.5,129.0,35.7,374.0,72.7,21.0,47.0,192.0,5.0,7.0,1882.0,1046.0,0.5557917109458024,,,,
ANDREW P HILL HIGH SCHOOL,2022,84.0,63.0,35.0,0.75,0.5555555555555556,San Jose,Santa Clara,East Side Union High,43694274332995,High Schools (Public),False,467.0,376.0,80.5,152.0,40.4,405.0,67.9,33.0,45.0,179.0,7.0,11.0,,,,2573.8,2566.0,46.19,27.54
ANDREW P HILL HIGH SCHOOL,2023,54.0,41.0,24.0,0.7592592592592593,0.5853658536585366,San Jose,Santa Clara,East Side Union High,43694274332995,High Schools (Public),False,364.0,299.0,82.1,126.0,42.1,315.0,76.2,22.0,27.0,178.0,6.0,7.0,1715.0,838.0,0.4886297376093294,2560.0,2503.1,48.12,16.26
ANDREW P HILL HIGH SCHOOL,2024,52.0,41.0,14.0,0.7884615384615384,0.34146341463414637,San Jose,Santa Clara,East Side Union High,43694274332995,High Schools (Public),False,382.0,320.0,83.8,115.0,35.9,,,,,,,,1620.0,974.0,0.6012345679012345,2563.9,2506.9,46.91,14.53
ANDREW P HILL HIGH SCHOOL,2025,49.0,39.0,16.0,0.7959183673469388,0.41025641025641024,San Jose,Santa Clara,East Side Union High,43694274332995,High Schools (Public),False,355.0,296.0,83.4,100.0,33.8,,,,,,,,1564.0,1057.0,0.6758312020460358,2563.6,2508.7,45.25,17.46
ANGELO RODRIGUEZ HIGH SCHOOL,2005,44.0,33.0,16.0,0.75,0.48484848484848486,Fairfield,Solano,Fairfield-Suisun Unified,48705404830170,High Schools (Public),False,,,,,,,,,,,,,,,,,,,
ANGELO RODRIGUEZ HIGH SCHOOL,2006,61.0,52.0,31.0,0.8524590163934426,0.5961538461538461,Fairfield,Solano,Fairfield-Suisun Unified,48705404830170,High Schools (Public),False,,,,,,,,,,,,,,,,,,,
ANGELO RODRIGUEZ HIGH SCHOOL,2007,66.0,57.0,29.0,0.8636363636363636,0.5087719298245614,Fairfield,Solano,Fairfield-Suisun Unified,48705404830170,High Schools (Public),False,,,,,,,,,,,,,,,,,,,
ANGELO RODRIGUEZ HIGH SCHOOL,2008,67.0,58.0,27.0,0.8656716417910447,0.46551724137931033,Fairfield,Solano,Fairfield-Suisun Unified,48705404830170,High Schools (Public),False,,,,,,,,,,,,,,,,,,,
ANGELO RODRIGUEZ HIGH SCHOOL,2009,67.0,61.0,32.0,0.9104477611940298,0.5245901639344263,Fairfield,Solano,Fairfield-Suisun Unified,48705404830170,High Schools (Public),False,,,,,,,,,,,,,,,,,,,
ANGELO RODRIGUEZ HIGH SCHOOL,2010,84.0,70.0,33.0,0.8333333333333334,0.4714285714285714,Fairfield,Solano,Fairfield-Suisun Unified,48705404830170,High Schools (Public),False,,,,,,,,,,,,,,,,,,,
ANGELO RODRIGUEZ HIGH SCHOOL,2011,88.0,60.0,32.0,0.6818181818181818,0.5333333333333333,Fairfield,Solano,Fairfield-Suisun Unified,48705404830170,High Schools (Public),False,,,,,,,,,,,,,,,,,,,
ANGELO RODRIGUEZ HIGH SCHOOL,2012,97.0,55.0,39.0,0.5670103092783505,0.7090909090909091,Fairfield,Solano,Fairfield-Suisun Unified,48705404830170,High Schools (Public),False,,,,,,,,,,,,,,,,,,,
ANGELO RODRIGUEZ HIGH SCHOOL,2013,101.0,58.0,41.0,0.5742574257425742,0.7068965517241379,Fairfield,Solano,Fairfield-Suisun Unified,48705404830170,High Schools (Public),False,,,,,,,,,,,,,,,,,,,
ANGELO RODRIGUEZ HIGH SCHOOL,2014,79.0,46.0,32.0,0.5822784810126582,0.6956521739130435,Fairfield,Solano,Fairfield-Suisun Unified,48705404830170,High Schools (Public),False,,,,,,,,,,,,,1882.0,,,,,,
ANGELO RODRIGUEZ HIGH SCHOOL,2015,80.0,48.0,32.0,0.6,0.6666666666666666,Fairfield,Solano,Fairfield-Suisun Unified,48705404830170,High Schools (Public),False,,,,,,454.0,71.6,29.0,55.0,214.0,3.0,24.0,1841.0,577.0,0.3134166214014123,,,,
ANGELO RODRIGUEZ HIGH SCHOOL,2016,68.0,40.0,25.0,0.5882352941176471,0.625,Fairfield,Solano,Fairfield-Suisun Unified,48705404830170,High Schools (Public),False,,,,,,421.0,74.8,24.0,56.0,198.0,7.0,30.0,1820.0,587.0,0.3225274725274725,2626.7,2572.3,72.0,30.0
ANGELO RODRIGUEZ HIGH SCHOOL,2017,72.0,39.0,26.0,0.5416666666666666,0.6666666666666666,Fairfield,Solano,Fairfield-Suisun Unified,48705404830170,High Schools (Public),False,376.0,349.0,92.8,160.0,45.8,354.0,76.3,24.0,45.0,176.0,5.0,20.0,1774.0,514.0,0.2897406989853439,2628.5,2584.8,73.0,33.0
ANGELO RODRIGUEZ HIGH SCHOOL,2018,83.0,43.0,27.0,0.5180722891566265,0.627906976744186,Fairfield,Solano,Fairfield-Suisun Unified,48705404830170,High Schools (Public),False,473.0,445.0,94.1,216.0,48.5,449.0,76.2,26.0,44.0,227.0,10.0,35.0,1838.0,582.0,0.3166485310119695,2626.0,2571.5,69.23,31.24
ANGELO RODRIGUEZ HIGH SCHOOL,2019,94.0,61.0,36.0,0.648936170212766,0.5901639344262295,Fairfield,Solano,Fairfield-Suisun Unified,48705404830170,High Schools (Public),False,425.0,411.0,96.7,218.0,53.0,413.0,70.5,34.0,51.0,170.0,7.0,29.0,1882.0,586.0,0.3113708820403825,2623.3,2579.3,64.44,33.97
ANGELO RODRIGUEZ HIGH SCHOOL,2020,118.0,77.0,52.0,0.652542372881356,0.6753246753246753,Fairfield,Solano,Fairfield-Suisun Unified,48705404830170,High Schools (Public),False,485.0,461.0,95.1,247.0,53.6,463.0,74.1,51.0,40.0,218.0,11.0,23.0,1978.0,525.0,0.2654196157735086,2620.2,2584.9,64.61,40.47
ANGELO RODRIGUEZ HIGH SCHOOL,2021,95.0,65.0,42.0,0.6842105263157895,0.6461538461538462,Fairfield,Solano,Fairfield-Suisun Unified,48705404830170,High Schools (Public),False,438.0,414.0,94.5,214.0,51.7,417.0,71.9,40.0,35.0,194.0,5.0,26.0,2008.0,557.0,0.2773904382470119,,,,
ANGELO RODRIGUEZ HIGH SCHOOL,2022,132.0,82.0,45.0,0.6212121212121212,0.5487804878048781,Fairfield,Solano,Fairfield-Suisun Unified,48705404830170,High Schools (Public),False,511.0,491.0,96.1,313.0,63.7,495.0,72.1,42.0,59.0,204.0,15.0,37.0,,,,2627.9,2572.2,69.52,33.7
ANGELO RODRIGUEZ HIGH SCHOOL,2023,143.0,87.0,51.0,0.6083916083916084,0.5862068965517241,Fairfield,Solano,Fairfield-Suisun Unified,48705404830170,High Schools (Public),False,526.0,498.0,94.7,294.0,59.0,500.0,81.8,48.0,68.0,245.0,9.0,39.0,2081.0,493.0,0.2369053339740509,2615.4,2567.7,66.33,32.47
ANGELO RODRIGUEZ HIGH SCHOOL,2024,180.0,109.0,54.0,0.6055555555555555,0.4954128440366973,Fairfield,Solano,Fairfield-Suisun Unified,48705404830170,High Schools (Public),False,508.0,488.0,96.1,321.0,65.8,,,,,,,,2053.0,623.0,0.3034583536288358,2633.2,2590.5,69.23,40.6
ANGELO RODRIGUEZ HIGH SCHOOL,2025,150.0,121.0,50.0,0.8066666666666666,0.4132231404958678,Fairfield,Solano,Fairfield-Suisun Unified,48705404830170,High Schools (Public),False,521.0,505.0,96.9,312.0,61.8,,,,,,,,2111.0,801.0,0.379441023211748,2637.3,2559.6,72.73,29.14
ANN SOBRATO HIGH SCHOOL,2007,40.0,34.0,20.0,0.85,0.5882352941176471,Morgan Hill,Santa Clara,Morgan Hill Unified,43695830102368,High Schools (Public),False,,,,,,,,,,,,,,,,,,,
ANN SOBRATO HIGH SCHOOL,2008,56.0,49.0,24.0,0.875,0.4897959183673469,Morgan Hill,Santa Clara,Morgan Hill Unified,43695830102368,High Schools (Public),False,,,,,,,,,,,,,,,,,,,
ANN SOBRATO HIGH SCHOOL,2009,68.0,62.0,33.0,0.9117647058823529,0.532258064516129,Morgan Hill,Santa Clara,Morgan Hill Unified,43695830102368,High Schools (Public),False,,,,,,,,,,,,,,,,,,,
ANN SOBRATO HIGH SCHOOL,2010,69.0,66.0,30.0,0.9565217391304348,0.45454545454545453,Morgan Hill,Santa Clara,Morgan Hill Unified,43695830102368,High Schools (Public),False,,,,,,,,,,,,,,,,,,,
ANN SOBRATO HIGH SCHOOL,2011,80.0,66.0,28.0,0.825,0.42424242424242425,Morgan Hill,Santa Clara,Morgan Hill Unified,43695830102368,High Schools (Public),False,,,,,,,,,,,,,,,,,,,
ANN SOBRATO HIGH SCHOOL,2012,63.0,45.0,26.0,0.7142857142857143,0.5777777777777777,Morgan Hill,Santa Clara,Morgan Hill Unified,43695830102368,High Schools (Public),False,,,,,,,,,,,,,,,,,,,
ANN SOBRATO HIGH SCHOOL,2013,87.0,46.0,29.0,0.5287356321839081,0.6304347826086957,Morgan Hill,Santa Clara,Morgan Hill Unified,43695830102368,High Schools (Public),False,,,,,,,,,,,,,,,,,,,
ANN SOBRATO HIGH SCHOOL,2014,85.0,53.0,30.0,0.6235294117647059,0.5660377358490566,Morgan Hill,Santa Clara,Morgan Hill Unified,43695830102368,High Schools (Public),False,,,,,,,,,,,,,1425.0,,,,,,
ANN SOBRATO HIGH SCHOOL,2015,73.0,45.0,24.0,0.6164383561643836,0.5333333333333333,Morgan Hill,Santa Clara,Morgan Hill Unified,43695830102368,High Schools (Public),False,,,,,,290.0,76.6,21.0,54.0,119.0,12.0,16.0,1451.0,416.0,0.2866988283942109,,,,
ANN SOBRATO HIGH SCHOOL,2016,91.0,66.0,33.0,0.7252747252747253,0.5,Morgan Hill,Santa Clara,Morgan Hill Unified,43695830102368,High Schools (Public),False,,,,,,314.0,80.3,32.0,57.0,118.0,14.0,31.0,1477.0,458.0,0.3100880162491536,2654.8,2619.0,76.0,51.0
ANN SOBRATO HIGH SCHOOL,2017,98.0,53.0,27.0,0.5408163265306123,0.5094339622641509,Morgan Hill,Santa Clara,Morgan Hill Unified,43695830102368,High Schools (Public),False,337.0,310.0,92.0,157.0,50.6,312.0,79.2,25.0,65.0,120.0,12.0,25.0,1484.0,436.0,0.2938005390835579,2643.6,2613.2,73.0,47.0
ANN SOBRATO HIGH SCHOOL,2018,116.0,88.0,39.0,0.7586206896551724,0.4431818181818182,Morgan Hill,Santa Clara,Morgan Hill Unified,43695830102368,High Schools (Public),False,361.0,342.0,94.7,233.0,68.1,346.0,80.9,37.0,77.0,123.0,15.0,28.0,1462.0,478.0,0.3269493844049247,2643.2,2625.2,73.68,49.59
ANN SOBRATO HIGH SCHOOL,2019,104.0,68.0,28.0,0.6538461538461539,0.4117647058823529,Morgan Hill,Santa Clara,Morgan Hill Unified,43695830102368,High Schools (Public),False,295.0,270.0,91.5,163.0,60.4,272.0,76.5,26.0,74.0,67.0,8.0,33.0,1408.0,417.0,0.2961647727272727,2614.5,2608.6,64.08,50.0
ANN SOBRATO HIGH SCHOOL,2020,99.0,82.0,41.0,0.8282828282828283,0.5,Morgan Hill,Santa Clara,Morgan Hill Unified,43695830102368,High Schools (Public),False,333.0,321.0,96.4,189.0,58.9,323.0,85.8,40.0,76.0,126.0,11.0,24.0,1483.0,446.0,0.3007417397167903,2636.5,2619.2,68.7,49.28
ANN SOBRATO HIGH SCHOOL,2021,116.0,75.0,32.0,0.646551724137931,0.4266666666666667,Morgan Hill,Santa Clara,Morgan Hill Unified,43695830102368,High Schools (Public),False,295.0,284.0,96.3,188.0,66.2,284.0,79.2,30.0,73.0,86.0,11.0,25.0,1476.0,420.0,0.2845528455284553,,,,
ANN SOBRATO HIGH SCHOOL,2022,124.0,68.0,36.0,0.5483870967741935,0.5294117647058824,Morgan Hill,Santa Clara,Morgan Hill Unified,43695830102368,High Schools (Public),False,359.0,348.0,96.9,223.0,64.1,351.0,68.7,35.0,75.0,80.0,14.0,37.0,,,,2694.1,2698.1,90.91,89.47
ANN SOBRATO HIGH SCHOOL,2023,140.0,91.0,48.0,0.65,0.5274725274725275,Morgan Hill,Santa Clara,Morgan Hill Unified,43695830102368,High Schools (Public),False,390.0,375.0,96.2,249.0,66.4,378.0,81.0,46.0,81.0,130.0,18.0,31.0,1521.0,416.0,0.2735042735042735,2631.9,2610.6,69.51,47.53
ANN SOBRATO HIGH SCHOOL,2024,120.0,92.0,45.0,0.7666666666666667,0.4891304347826087,Morgan Hill,Santa Clara,Morgan Hill Unified,43695830102368,High Schools (Public),False,374.0,364.0,97.3,215.0,59.1,,,,,,,,1510.0,480.0,0.3178807947019867,2642.2,2606.6,72.78,44.73
ANN SOBRATO HIGH SCHOOL,2025,134.0,97.0,47.0,0.7238805970149254,0.4845360824742268,Morgan Hill,Santa Clara,Morgan Hill Unified,43695830102368,High Schools (Public),False,376.0,369.0,98.1,248.0,67.2,,,,,,,,1511.0,458.0,0.3031105228325612,2606.5,2582.1,61.76,40.96
ANTIOCH HIGH SCHOOL,2005,38.0,31.0,15.0,0.8157894736842105,0.4838709677419355,Antioch,Contra Costa,Antioch Unified,07616480730861,High Schools (Public),False,,,,,,,,,,,,,,,,,,,
ANTIOCH HIGH SCHOOL,2006,35.0,31.0,17.0,0.8857142857142857,0.5483870967741935,Antioch,Contra Costa,Antioch Unified,07616480730861,High Schools (Public),False,,,,,,,,,,,,,,,,,,,
ANTIOCH HIGH SCHOOL,2007,49.0,46.0,20.0,0.9387755102040817,0.43478260869565216,Antioch,Contra Costa,Antioch Unified,07616480730861,High Schools (Public),False,,,,,,,,,,,,,,,,,,,
ANTIOCH HIGH SCHOOL,2008,36.0,24.0,13.0,0.6666666666666666,0.5416666666666666,Antioch,Contra Costa,Antioch Unified,07616480730861,High Schools (Public),False,,,,,,,,,,,,,,,,,,,
ANTIOCH HIGH SCHOOL,2009,32.0,26.0,20.0,0.8125,0.7692307692307693,Antioch,Contra Costa,Antioch Unified,07616480730861,High Schools (Public),False,,,,,,,,,,,,,,,,,,,
ANTIOCH HIGH SCHOOL,2010,37.0,30.0,16.0,0.8108108108108109,0.5333333333333333,Antioch,Contra Costa,Antioch Unified,07616480730861,High Schools (Public),False,,,,,,,,,,,,,,,,,,,
ANTIOCH HIGH SCHOOL,2011,30.0,23.0,12.0,0.7666666666666667,0.5217391304347826,Antioch,Contra Costa,Antioch Unified,07616480730861,High Schools (Public),False,,,,,,,,,,,,,,,,,,,
ANTIOCH HIGH SCHOOL,2012,33.0,22.0,14.0,0.6666666666666666,0.6363636363636364,Antioch,Contra Costa,Antioch Unified,07616480730861,High Schools (Public),False,,,,,,,,,,,,,,,,,,,
ANTIOCH HIGH SCHOOL,2013,29.0,20.0,13.0,0.6896551724137931,0.65,Antioch,Contra Costa,Antioch Unified,07616480730861,High Schools (Public),False,,,,,,,,,,,,,,,,,,,
ANTIOCH HIGH SCHOOL,2014,42.0,25.0,19.0,0.5952380952380952,0.76,Antioch,Contra Costa,Antioch Unified,07616480730861,High Schools (Public),False,,,,,,,,,,,,,1843.0,,,,,,
ANTIOCH HIGH SCHOOL,2015,39.0,19.0,7.0,0.48717948717948717,0.3684210526315789,Antioch,Contra Costa,Antioch Unified,07616480730861,High Schools (Public),False,,,,,,381.0,59.3,6.0,40.0,155.0,12.0,13.0,1774.0,1222.0,0.6888387824126269,,,,
ANTIOCH HIGH SCHOOL,2016,37.0,16.0,10.0,0.43243243243243246,0.625,Antioch,Contra Costa,Antioch Unified,07616480730861,High Schools (Public),False,,,,,,306.0,57.8,9.0,25.0,126.0,6.0,11.0,1798.0,1275.0,0.7091212458286985,2566.9,2505.4,49.0,14.0
ANTIOCH HIGH SCHOOL,2017,41.0,29.0,18.0,0.7073170731707317,0.6206896551724138,Antioch,Contra Costa,Antioch Unified,07616480730861,High Schools (Public),False,376.0,347.0,92.3,125.0,36.0,352.0,57.7,15.0,32.0,140.0,4.0,12.0,1947.0,1370.0,0.7036466358500256,2575.8,2527.2,53.0,15.0
ANTIOCH HIGH SCHOOL,2018,40.0,24.0,13.0,0.6,0.5416666666666666,Antioch,Contra Costa,Antioch Unified,07616480730861,High Schools (Public),False,339.0,295.0,87.0,74.0,25.1,298.0,64.1,13.0,18.0,147.0,3.0,10.0,1983.0,1348.0,0.6797781139687342,2534.9,2476.2,32.77,8.76
ANTIOCH HIGH SCHOOL,2019,43.0,29.0,15.0,0.6744186046511628,0.5172413793103449,Antioch,Contra Costa,Antioch Unified,07616480730861,High Schools (Public),False,433.0,398.0,91.9,111.0,27.9,407.0,54.8,14.0,35.0,157.0,4.0,13.0,2061.0,1461.0,0.7088791848617176,2545.1,2488.0,39.55,9.82
ANTIOCH HIGH SCHOOL,2020,50.0,33.0,13.0,0.66,0.3939393939393939,Antioch,Contra Costa,Antioch Unified,07616480730861,High Schools (Public),False,464.0,403.0,86.9,89.0,22.1,399.0,49.9,13.0,24.0,143.0,4.0,15.0,2042.0,1455.0,0.7125367286973555,2532.5,2474.6,30.93,7.71
ANTIOCH HIGH SCHOOL,2021,46.0,34.0,16.0,0.7391304347826086,0.47058823529411764,Antioch,Contra Costa,Antioch Unified,07616480730861,High Schools (Public),False,433.0,381.0,88.0,84.0,22.0,386.0,53.4,15.0,32.0,136.0,11.0,12.0,1989.0,1290.0,0.6485671191553545,,,,
ANTIOCH HIGH SCHOOL,2022,49.0,39.0,16.0,0.7959183673469388,0.41025641025641024,Antioch,Contra Costa,Antioch Unified,07616480730861,High Schools (Public),False,397.0,358.0,90.2,81.0,22.6,358.0,55.6,16.0,16.0,153.0,6.0,8.0,,,,2596.7,2547.0,58.45,22.83
ANTIOCH HIGH SCHOOL,2023,56.0,41.0,18.0,0.7321428571428571,0.43902439024390244,Antioch,Contra Costa,Antioch Unified,07616480730861,High Schools (Public),False,464.0,393.0,84.7,82.0,20.9,395.0,54.7,18.0,14.0,168.0,6.0,10.0,1960.0,1590.0,0.8112244897959183,2540.5,2469.5,37.4,5.32
ANTIOCH HIGH SCHOOL,2024,39.0,29.0,15.0,0.7435897435897436,0.5172413793103449,Antioch,Contra Costa,Antioch Unified,07616480730861,High Schools (Public),False,430.0,362.0,84.2,66.0,18.2,,,,,,,,1823.0,1563.0,0.857377948436643,2520.0,2470.8,33.0,5.39
ANTIOCH HIGH SCHOOL,2025,43.0,30.0,11.0,0.6976744186046512,0.36666666666666664,Antioch,Contra Costa,Antioch Unified,07616480730861,High Schools (Public),False,386.0,330.0,85.5,77.0,23.3,,,,,,,,1776.0,1602.0,0.902027027027027,2531.2,2477.6,33.33,8.86
ARAGON HIGH SCHOOL,2005,100.0,90.0,47.0,0.9,0.5222222222222223,San Mateo,San Mateo,San Mateo Union High,41690474130217,High Schools (Public),False,,,,,,,,,,,,,,,,,,,
ARAGON HIGH SCHOOL,2006,140.0,126.0,70.0,0.9,0.5555555555555556,San Mateo,San Mateo,San Mateo Union High,41690474130217,High Schools (Public),False,,,,,,,,,,,,,,,,,,,
ARAGON HIGH SCHOOL,2007,107.0,98.0,55.0,0.9158878504672897,0.5612244897959183,San Mateo,San Mateo,San Mateo Union High,41690474130217,High Schools (Public),False,,,,,,,,,,,,,,,,,,,
ARAGON HIGH SCHOOL,2008,130.0,122.0,82.0,0.9384615384615385,0.6721311475409836,San Mateo,San Mateo,San Mateo Union High,41690474130217,High Schools (Public),False,,,,,,,,,,,,,,,,,,,
ARAGON HIGH SCHOOL,2009,131.0,116.0,63.0,0.8854961832061069,0.5431034482758621,San Mateo,San Mateo,San Mateo Union High,41690474130217,High Schools (Public),False,,,,,,,,,,,,,,,,,,,
ARAGON HIGH SCHOOL,2010,135.0,119.0,59.0,0.8814814814814815,0.4957983193277311,San Mateo,San Mateo,San Mateo Union High,41690474130217,High Schools (Public),False,,,,,,,,,,,,,,,,,,,
ARAGON HIGH SCHOOL,2011,139.0,113.0,65.0,0.8129496402877698,0.5752212389380531,San Mateo,San Mateo,San Mateo Union High,41690474130217,High Schools (Public),False,,,,,,,,,,,,,,,,,,,
ARAGON HIGH SCHOOL,2012,158.0,118.0,67.0,0.7468354430379747,0.5677966101694916,San Mateo,San Mateo,San Mateo Union High,41690474130217,High Schools (Public),False,,,,,,,,,,,,,,,,,,,
ARAGON HIGH SCHOOL,2013,138.0,105.0,55.0,0.7608695652173914,0.5238095238095238,San Mateo,San Mateo,San Mateo Union High,41690474130217,High Schools (Public),False,,,,,,,,,,,,,,,,,,,
ARAGON HIGH SCHOOL,2014,140.0,108.0,47.0,0.7714285714285715,0.4351851851851852,San Mateo,San Mateo,San Mateo Union High,41690474130217,High Schools (Public),False,,,,,,,,,,,,,1441.0,,,,,,
ARAGON HIGH SCHOOL,2015,124.0,80.0,32.0,0.6451612903225806,0.4,San Mateo,San Mateo,San Mateo Union High,41690474130217,High Schools (Public),False,,,,,,318.0,82.1,29.0,32.0,119.0,23.0,58.0,1423.0,257.0,0.1806043569922698,,,,
ARAGON HIGH SCHOOL,2016,157.0,129.0,63.0,0.821656050955414,0.4883720930232558,San Mateo,San Mateo,San Mateo Union High,41690474130217,High Schools (Public),False,,,,,,345.0,84.1,58.0,46.0,110.0,21.0,55.0,1473.0,198.0,0.1344195519348268,2680.7,2666.0,86.0,61.0
ARAGON HIGH SCHOOL,2017,127.0,90.0,45.0,0.7086614173228346,0.5,San Mateo,San Mateo,San Mateo Union High,41690474130217,High Schools (Public),False,349.0,336.0,96.3,236.0,70.2,337.0,85.5,45.0,54.0,106.0,23.0,60.0,1555.0,253.0,0.162700964630225,2680.0,2659.9,86.0,60.0
ARAGON HIGH SCHOOL,2018,173.0,115.0,52.0,0.6647398843930635,0.45217391304347826,San Mateo,San Mateo,San Mateo Union High,41690474130217,High Schools (Public),False,375.0,361.0,96.3,278.0,77.0,363.0,88.4,50.0,50.0,122.0,23.0,76.0,1639.0,359.0,0.2190359975594875,2685.4,2665.5,84.2,62.74
ARAGON HIGH SCHOOL,2019,160.0,116.0,65.0,0.725,0.5603448275862069,San Mateo,San Mateo,San Mateo Union High,41690474130217,High Schools (Public),False,383.0,377.0,98.4,277.0,73.5,392.0,82.9,62.0,42.0,145.0,18.0,58.0,1675.0,377.0,0.2250746268656716,2667.4,2647.0,79.09,54.08
ARAGON HIGH SCHOOL,2020,175.0,140.0,64.0,0.8,0.45714285714285713,San Mateo,San Mateo,San Mateo Union High,41690474130217,High Schools (Public),False,410.0,395.0,96.3,295.0,74.7,395.0,84.6,60.0,46.0,137.0,24.0,67.0,1716.0,328.0,0.1911421911421911,2661.6,2637.3,77.11,50.88
ARAGON HIGH SCHOOL,2021,216.0,145.0,68.0,0.6712962962962963,0.4689655172413793,San Mateo,San Mateo,San Mateo Union High,41690474130217,High Schools (Public),False,402.0,387.0,96.3,323.0,83.5,392.0,87.8,66.0,51.0,128.0,23.0,76.0,1734.0,304.0,0.1753171856978085,,,,
ARAGON HIGH SCHOOL,2022,242.0,175.0,85.0,0.7231404958677686,0.4857142857142857,San Mateo,San Mateo,San Mateo Union High,41690474130217,High Schools (Public),False,425.0,416.0,97.9,330.0,79.3,418.0,87.1,80.0,46.0,145.0,25.0,68.0,,,,,,,
ARAGON HIGH SCHOOL,2023,252.0,190.0,81.0,0.753968253968254,0.4263157894736842,San Mateo,San Mateo,San Mateo Union High,41690474130217,High Schools (Public),False,443.0,433.0,97.7,328.0,75.8,435.0,87.4,79.0,55.0,119.0,27.0,100.0,1740.0,259.0,0.1488505747126436,2683.0,2675.7,85.95,62.86
ARAGON HIGH SCHOOL,2024,254.0,169.0,72.0,0.6653543307086615,0.4260355029585799,San Mateo,San Mateo,San Mateo Union High,41690474130217,High Schools (Public),False,438.0,428.0,97.7,351.0,82.0,,,,,,,,1686.0,250.0,0.1482799525504151,2676.3,2665.3,83.04,61.11
ARAGON HIGH SCHOOL,2025,250.0,214.0,89.0,0.856,0.4158878504672897,San Mateo,San Mateo,San Mateo Union High,41690474130217,High Schools (Public),False,445.0,437.0,98.2,353.0,80.8,,,,,,,,1658.0,279.0,0.1682750301568154,2664.9,2659.4,78.2,56.87
ARCHIE WILLIAMS HIGH SCHOOL,2005,92.0,90.0,50.0,0.9782608695652174,0.5555555555555556,San Anselmo,Marin,Tamalpais Union High,21654822131340,High Schools (Public),False,,,,,,,,,,,,,,,,,,,
ARCHIE WILLIAMS HIGH SCHOOL,2006,83.0,73.0,43.0,0.8795180722891566,0.589041095890411,San Anselmo,Marin,Tamalpais Union High,21654822131340,High Schools (Public),False,,,,,,,,,,,,,,,,,,,
ARCHIE WILLIAMS HIGH SCHOOL,2007,87.0,85.0,41.0,0.9770114942528736,0.4823529411764706,San Anselmo,Marin,Tamalpais Union High,21654822131340,High Schools (Public),False,,,,,,,,,,,,,,,,,,,
ARCHIE WILLIAMS HIGH SCHOOL,2008,90.0,81.0,37.0,0.9,0.4567901234567901,San Anselmo,Marin,Tamalpais Union High,21654822131340,High Schools (Public),False,,,,,,,,,,,,,,,,,,,
ARCHIE WILLIAMS HIGH SCHOOL,2009,98.0,88.0,45.0,0.8979591836734694,0.5113636363636364,San Anselmo,Marin,Tamalpais Union High,21654822131340,High Schools (Public),False,,,,,,,,,,,,,,,,,,,
ARCHIE WILLIAMS HIGH SCHOOL,2010,91.0,84.0,43.0,0.9230769230769231,0.5119047619047619,San Anselmo,Marin,Tamalpais Union High,21654822131340,High Schools (Public),False,,,,,,,,,,,,,,,,,,,
ARCHIE WILLIAMS HIGH SCHOOL,2011,87.0,67.0,35.0,0.7701149425287356,0.5223880597014925,San Anselmo,Marin,Tamalpais Union High,21654822131340,High Schools (Public),False,,,,,,,,,,,,,,,,,,,
ARCHIE WILLIAMS HIGH SCHOOL,2012,82.0,61.0,27.0,0.7439024390243902,0.4426229508196721,San Anselmo,Marin,Tamalpais Union High,21654822131340,High Schools (Public),False,,,,,,,,,,,,,,,,,,,
ARCHIE WILLIAMS HIGH SCHOOL,2013,94.0,53.0,22.0,0.5638297872340425,0.41509433962264153,San Anselmo,Marin,Tamalpais Union High,21654822131340,High Schools (Public),False,,,,,,,,,,,,,,,,,,,
ARCHIE WILLIAMS HIGH SCHOOL,2014,73.0,47.0,20.0,0.6438356164383562,0.425531914893617,San Anselmo,Marin,Tamalpais Union High,21654822131340,High Schools (Public),False,,,,,,,,,,,,,980.0,,,,,,
ARCHIE WILLIAMS HIGH SCHOOL,2015,75.0,41.0,23.0,0.5466666666666666,0.5609756097560976,San Anselmo,Marin,Tamalpais Union High,21654822131340,High Schools (Public),False,,,,,,198.0,79.8,21.0,24.0,50.0,14.0,49.0,982.0,66.0,0.0672097759674134,,,,
ARCHIE WILLIAMS HIGH SCHOOL,2016,104.0,80.0,28.0,0.7692307692307693,0.35,San Anselmo,Marin,Tamalpais Union High,21654822131340,High Schools (Public),False,,,,,,220.0,83.6,26.0,22.0,50.0,13.0,73.0,1077.0,73.0,0.0677808727948003,2657.7,2656.1,78.0,64.0
ARCHIE WILLIAMS HIGH SCHOOL,2017,102.0,54.0,29.0,0.5294117647058824,0.5370370370370371,San Anselmo,Marin,Tamalpais Union High,21654822131340,High Schools (Public),False,242.0,237.0,97.9,163.0,68.8,242.0,76.0,26.0,28.0,58.0,14.0,58.0,1142.0,89.0,0.0779334500875656,2654.6,2638.3,80.0,56.0
ARCHIE WILLIAMS HIGH SCHOOL,2018,106.0,69.0,30.0,0.6509433962264151,0.43478260869565216,San Anselmo,Marin,Tamalpais Union High,21654822131340,High Schools (Public),False,231.0,218.0,94.4,171.0,78.4,224.0,83.9,27.0,30.0,53.0,9.0,69.0,1203.0,146.0,0.1213632585203657,2623.8,2660.2,67.14,61.61
ARCHIE WILLIAMS HIGH SCHOOL,2019,123.0,79.0,43.0,0.6422764227642277,0.5443037974683544,San Anselmo,Marin,Tamalpais Union High,21654822131340,High Schools (Public),False,301.0,286.0,95.0,229.0,80.1,289.0,81.0,40.0,34.0,59.0,17.0,84.0,1301.0,140.0,0.1076095311299,2625.7,2618.6,65.61,48.04
ARCHIE WILLIAMS HIGH SCHOOL,2020,124.0,82.0,40.0,0.6612903225806451,0.4878048780487805,San Anselmo,Marin,Tamalpais Union High,21654822131340,High Schools (Public),False,302.0,293.0,97.0,213.0,72.7,298.0,78.5,39.0,31.0,81.0,10.0,73.0,1342.0,139.0,0.1035767511177347,2655.3,2659.2,76.16,62.77
ARCHIE WILLIAMS HIGH SCHOOL,2021,152.0,87.0,35.0,0.5723684210526315,0.40229885057471265,San Anselmo,Marin,Tamalpais Union High,21654822131340,High Schools (Public),False,323.0,314.0,97.2,227.0,72.3,316.0,78.5,33.0,43.0,78.0,14.0,80.0,1355.0,165.0,0.1217712177121771,,,,
ARCHIE WILLIAMS HIGH SCHOOL,2022,171.0,87.0,36.0,0.5087719298245614,0.41379310344827586,San Anselmo,Marin,Tamalpais Union High,21654822131340,High Schools (Public),False,338.0,331.0,97.9,244.0,73.7,330.0,82.1,35.0,50.0,70.0,10.0,106.0,,,,2658.1,2640.2,77.39,58.75
ARCHIE WILLIAMS HIGH SCHOOL,2023,134.0,83.0,33.0,0.6194029850746269,0.39759036144578314,San Anselmo,Marin,Tamalpais Union High,21654822131340,High Schools (Public),False,308.0,298.0,96.8,201.0,67.4,298.0,86.6,30.0,38.0,69.0,16.0,105.0,1224.0,136.0,0.1111111111111111,2634.0,2629.5,68.85,54.36
ARCHIE WILLIAMS HIGH SCHOOL,2024,161.0,105.0,49.0,0.6521739130434783,0.4666666666666667,San Anselmo,Marin,Tamalpais Union High,21654822131340,High Schools (Public),False,307.0,302.0,98.4,239.0,79.1,,,,,,,,1181.0,129.0,0.1092294665537679,2649.0,2633.9,76.25,52.68
ARCHIE WILLIAMS HIGH SCHOOL,2025,135.0,97.0,39.0,0.7185185185185186,0.4020618556701031,San Anselmo,Marin,Tamalpais Union High,21654822131340,High Schools (Public),False,294.0,282.0,95.9,221.0,78.4,,,,,,,,1141.0,118.0,0.1034180543382997,2612.1,2591.3,62.6,42.63
ARISE HIGH SCHOOL,2010,8.0,5.0,3.0,0.625,0.6,Oakland,Alameda,Oakland Unified,01612590115238,High Schools (Public),True,,,,,,,,,,,,,,,,,,,
ARISE HIGH SCHOOL,2011,11.0,4,,0.36363636363636365,,Oakland,Alameda,Oakland Unified,01612590115238,High Schools (Public),True,,,,,,,,,,,,,,,,,,,
ARISE HIGH SCHOOL,2012,19.0,6,,0.3157894736842105,,Oakland,Alameda,Oakland Unified,01612590115238,High Schools (Public),True,,,,,,,,,,,,,,,,,,,
ARISE HIGH SCHOOL,2013,25.0,13.0,7.0,0.52,0.5384615384615384,Oakland,Alameda,Oakland Unified,01612590115238,High Schools (Public),True,,,,,,,,,,,,,,,,,,,
ARISE HIGH SCHOOL,2014,32.0,17.0,8.0,0.53125,0.47058823529411764,Oakland,Alameda,Oakland Unified,01612590115238,High Schools (Public),True,,,,,,,,,,,,,247.0,,,,,,
ARISE HIGH SCHOOL,2015,25.0,12.0,8.0,0.48,0.6666666666666666,Oakland,Alameda,Oakland Unified,01612590115238,High Schools (Public),True,,,,,,36.0,58.3,5.0,12.0,4.0,0.0,0.0,258.0,233.0,0.9031007751937984,,,,
ARISE HIGH SCHOOL,2016,36.0,18.0,9.0,0.5,0.5,Oakland,Alameda,Oakland Unified,01612590115238,High Schools (Public),True,,,,,,53.0,64.2,7.0,12.0,11.0,3.0,1.0,263.0,246.0,0.935361216730038,2505.5,2491.6,21.0,6.0
ARISE HIGH SCHOOL,2017,38.0,14.0,5.0,0.3684210526315789,0.35714285714285715,Oakland,Alameda,Oakland Unified,01612590115238,High Schools (Public),True,50.0,43.0,86.0,43.0,100.0,47.0,46.8,2.0,11.0,7.0,1.0,1.0,274.0,245.0,0.8941605839416058,2571.9,2514.6,51.0,8.0
ARISE HIGH SCHOOL,2018,28.0,19.0,8.0,0.6785714285714286,0.42105263157894735,Oakland,Alameda,Oakland Unified,01612590115238,High Schools (Public),True,65.0,54.0,83.1,52.0,96.3,55.0,54.5,8.0,5.0,11.0,4.0,2.0,288.0,246.0,0.8541666666666666,2619.2,2561.5,72.73,22.73
ARISE HIGH SCHOOL,2019,30.0,10.0,3.0,0.3333333333333333,0.3,Oakland,Alameda,Oakland Unified,01612590115238,High Schools (Public),True,66.0,61.0,92.4,56.0,91.8,67.0,53.7,2.0,17.0,14.0,3.0,0.0,317.0,227.0,0.7160883280757098,2618.1,2544.3,66.15,17.19
ARISE HIGH SCHOOL,2020,21.0,12.0,3.0,0.5714285714285714,0.25,Oakland,Alameda,Oakland Unified,01612590115238,High Schools (Public),True,68.0,64.0,94.1,64.0,100.0,68.0,30.9,3.0,5.0,12.0,0.0,1.0,369.0,301.0,0.8157181571815718,2604.3,2520.2,66.67,7.81
ARISE HIGH SCHOOL,2021,33.0,19.0,9.0,0.5757575757575758,0.47368421052631576,Oakland,Alameda,Oakland Unified,01612590115238,High Schools (Public),True,82.0,73.0,89.0,73.0,100.0,77.0,46.8,9.0,22.0,3.0,1.0,1.0,387.0,332.0,0.8578811369509044,,,,
ARISE HIGH SCHOOL,2022,17.0,8,,0.47058823529411764,,Oakland,Alameda,Oakland Unified,01612590115238,High Schools (Public),True,92.0,76.0,82.6,75.0,98.7,77.0,46.8,2.0,24.0,7.0,3.0,0.0,,,,2551.6,2495.8,35.44,6.33
ARISE HIGH SCHOOL,2023,20.0,12.0,4.0,0.6,0.3333333333333333,Oakland,Alameda,Oakland Unified,01612590115238,High Schools (Public),True,89.0,80.0,89.9,80.0,100.0,83.0,57.8,4.0,34.0,9.0,1.0,0.0,404.0,258.0,0.6386138613861386,2507.5,2483.7,26.97,7.78
ARISE HIGH SCHOOL,2024,44.0,23.0,8.0,0.5227272727272727,0.34782608695652173,Oakland,Alameda,Oakland Unified,01612590115238,High Schools (Public),True,98.0,88.0,89.8,88.0,100.0,,,,,,,,400.0,313.0,0.7825,2557.2,2531.9,46.81,13.83
ARISE HIGH SCHOOL,2025,23.0,18.0,5.0,0.782608695652174,0.2777777777777778,Oakland,Alameda,Oakland Unified,01612590115238,High Schools (Public),True,96.0,93.0,96.9,93.0,100.0,,,,,,,,396.0,303.0,0.7651515151515151,2581.7,2522.9,50.55,12.77
ARMIJO HIGH SCHOOL,2005,49.0,44.0,23.0,0.8979591836734694,0.5227272727272727,Fairfield,Solano,Fairfield-Suisun Unified,48705404830451,High Schools (Public),False,,,,,,,,,,,,,,,,,,,
ARMIJO HIGH SCHOOL,2006,45.0,34.0,20.0,0.7555555555555555,0.5882352941176471,Fairfield,Solano,Fairfield-Suisun Unified,48705404830451,High Schools (Public),False,,,,,,,,,,,,,,,,,,,
ARMIJO HIGH SCHOOL,2007,63.0,57.0,38.0,0.9047619047619048,0.6666666666666666,Fairfield,Solano,Fairfield-Suisun Unified,48705404830451,High Schools (Public),False,,,,,,,,,,,,,,,,,,,
ARMIJO HIGH SCHOOL,2008,48.0,36.0,19.0,0.75,0.5277777777777778,Fairfield,Solano,Fairfield-Suisun Unified,48705404830451,High Schools (Public),False,,,,,,,,,,,,,,,,,,,
ARMIJO HIGH SCHOOL,2009,65.0,60.0,33.0,0.9230769230769231,0.55,Fairfield,Solano,Fairfield-Suisun Unified,48705404830451,High Schools (Public),False,,,,,,,,,,,,,,,,,,,
ARMIJO HIGH SCHOOL,2010,72.0,61.0,25.0,0.8472222222222222,0.4098360655737705,Fairfield,Solano,Fairfield-Suisun Unified,48705404830451,High Schools (Public),False,,,,,,,,,,,,,,,,,,,
ARMIJO HIGH SCHOOL,2011,74.0,51.0,28.0,0.6891891891891891,0.5490196078431373,Fairfield,Solano,Fairfield-Suisun Unified,48705404830451,High Schools (Public),False,,,,,,,,,,,,,,,,,,,
ARMIJO HIGH SCHOOL,2012,74.0,45.0,33.0,0.6081081081081081,0.7333333333333333,Fairfield,Solano,Fairfield-Suisun Unified,48705404830451,High Schools (Public),False,,,,,,,,,,,,,,,,,,,
ARMIJO HIGH SCHOOL,2013,84.0,48.0,37.0,0.5714285714285714,0.7708333333333334,Fairfield,Solano,Fairfield-Suisun Unified,48705404830451,High Schools (Public),False,,,,,,,,,,,,,,,,,,,
ARMIJO HIGH SCHOOL,2014,101.0,68.0,47.0,0.6732673267326733,0.6911764705882353,Fairfield,Solano,Fairfield-Suisun Unified,48705404830451,High Schools (Public),False,,,,,,,,,,,,,2389.0,,,,,,
ARMIJO HIGH SCHOOL,2015,87.0,57.0,40.0,0.6551724137931034,0.7017543859649122,Fairfield,Solano,Fairfield-Suisun Unified,48705404830451,High Schools (Public),False,,,,,,455.0,65.1,33.0,31.0,203.0,7.0,22.0,2378.0,1315.0,0.5529857022708158,,,,
ARMIJO HIGH SCHOOL,2016,103.0,77.0,52.0,0.7475728155339806,0.6753246753246753,Fairfield,Solano,Fairfield-Suisun Unified,48705404830451,High Schools (Public),False,,,,,,516.0,64.3,53.0,46.0,209.0,6.0,18.0,2391.0,1349.0,0.5641990798828942,2605.6,2570.3,59.0,33.0
ARMIJO HIGH SCHOOL,2017,101.0,64.0,40.0,0.6336633663366337,0.625,Fairfield,Solano,Fairfield-Suisun Unified,48705404830451,High Schools (Public),False,525.0,470.0,89.5,221.0,47.0,468.0,63.5,34.0,42.0,190.0,10.0,21.0,2278.0,1293.0,0.567603160667252,2610.5,2574.5,63.0,35.0
ARMIJO HIGH SCHOOL,2018,95.0,73.0,47.0,0.7684210526315789,0.6438356164383562,Fairfield,Solano,Fairfield-Suisun Unified,48705404830451,High Schools (Public),False,540.0,466.0,86.3,227.0,48.7,472.0,66.9,44.0,49.0,193.0,9.0,21.0,2155.0,1350.0,0.6264501160092807,2598.9,2566.3,57.92,33.14
ARMIJO HIGH SCHOOL,2019,67.0,43.0,33.0,0.6417910447761194,0.7674418604651163,Fairfield,Solano,Fairfield-Suisun Unified,48705404830451,High Schools (Public),False,517.0,457.0,88.4,176.0,38.5,461.0,59.7,32.0,29.0,202.0,5.0,7.0,2108.0,1388.0,0.6584440227703985,2574.6,2531.9,49.8,23.88
ARMIJO HIGH SCHOOL,2020,55.0,40.0,20.0,0.7272727272727273,0.5,Fairfield,Solano,Fairfield-Suisun Unified,48705404830451,High Schools (Public),False,464.0,412.0,88.8,149.0,36.2,417.0,50.8,22.0,22.0,150.0,6.0,12.0,2131.0,1268.0,0.5950258094791178,2562.7,2531.8,45.09,22.01
ARMIJO HIGH SCHOOL,2021,66.0,46.0,26.0,0.696969696969697,0.5652173913043478,Fairfield,Solano,Fairfield-Suisun Unified,48705404830451,High Schools (Public),False,454.0,412.0,90.7,158.0,38.3,417.0,54.9,25.0,22.0,164.0,9.0,9.0,2032.0,1315.0,0.6471456692913385,,,,
ARMIJO HIGH SCHOOL,2022,73.0,48.0,34.0,0.6575342465753424,0.7083333333333334,Fairfield,Solano,Fairfield-Suisun Unified,48705404830451,High Schools (Public),False,540.0,483.0,89.4,176.0,36.4,486.0,52.1,34.0,20.0,182.0,7.0,10.0,,,,2582.5,2522.8,50.12,19.91
ARMIJO HIGH SCHOOL,2023,46.0,31.0,19.0,0.6739130434782609,0.6129032258064516,Fairfield,Solano,Fairfield-Suisun Unified,48705404830451,High Schools (Public),False,496.0,436.0,87.9,139.0,31.9,437.0,54.0,18.0,25.0,177.0,9.0,7.0,1967.0,1025.0,0.5210981189628876,2534.6,2504.9,34.1,13.59
ARMIJO HIGH SCHOOL,2024,46.0,29.0,16.0,0.6304347826086957,0.5517241379310345,Fairfield,Solano,Fairfield-Suisun Unified,48705404830451,High Schools (Public),False,426.0,368.0,86.4,120.0,32.6,,,,,,,,1899.0,1191.0,0.627172195892575,2522.3,2506.5,32.51,13.4
ARMIJO HIGH SCHOOL,2025,47.0,35.0,20.0,0.7446808510638298,0.5714285714285714,Fairfield,Solano,Fairfield-Suisun Unified,48705404830451,High Schools (Public),False,467.0,403.0,86.3,136.0,33.7,,,,,,,,1844.0,1499.0,0.8129067245119306,2526.2,2497.5,33.63,12.22
ARROYO HIGH SCHOOL,2005,55.0,52.0,36.0,0.9454545454545454,0.6923076923076923,San Lorenzo,Alameda,San Lorenzo Unified,01613090130849,High Schools (Public),False,,,,,,,,,,,,,,,,,,,
ARROYO HIGH SCHOOL,2006,86.0,79.0,56.0,0.9186046511627907,0.7088607594936709,San Lorenzo,Alameda,San Lorenzo Unified,01613090130849,High Schools (Public),False,,,,,,,,,,,,,,,,,,,
ARROYO HIGH SCHOOL,2007,103.0,90.0,56.0,0.8737864077669902,0.6222222222222222,San Lorenzo,Alameda,San Lorenzo Unified,01613090130849,High Schools (Public),False,,,,,,,,,,,,,,,,,,,
ARROYO HIGH SCHOOL,2008,84.0,79.0,49.0,0.9404761904761905,0.620253164556962,San Lorenzo,Alameda,San Lorenzo Unified,01613090130849,High Schools (Public),False,,,,,,,,,,,,,,,,,,,
ARROYO HIGH SCHOOL,2009,98.0,91.0,54.0,0.9285714285714286,0.5934065934065934,San Lorenzo,Alameda,San Lorenzo Unified,01613090130849,High Schools (Public),False,,,,,,,,,,,,,,,,,,,
ARROYO HIGH SCHOOL,2010,100.0,92.0,55.0,0.92,0.5978260869565217,San Lorenzo,Alameda,San Lorenzo Unified,01613090130849,High Schools (Public),False,,,,,,,,,,,,,,,,,,,
ARROYO HIGH SCHOOL,2011,84.0,53.0,35.0,0.6309523809523809,0.660377358490566,San Lorenzo,Alameda,San Lorenzo Unified,01613090130849,High Schools (Public),False,,,,,,,,,,,,,,,,,,,
ARROYO HIGH SCHOOL,2012,95.0,59.0,34.0,0.6210526315789474,0.576271186440678,San Lorenzo,Alameda,San Lorenzo Unified,01613090130849,High Schools (Public),False,,,,,,,,,,,,,,,,,,,
ARROYO HIGH SCHOOL,2013,80.0,51.0,35.0,0.6375,0.6862745098039216,San Lorenzo,Alameda,San Lorenzo Unified,01613090130849,High Schools (Public),False,,,,,,,,,,,,,,,,,,,
ARROYO HIGH SCHOOL,2014,98.0,68.0,51.0,0.6938775510204082,0.75,San Lorenzo,Alameda,San Lorenzo Unified,01613090130849,High Schools (Public),False,,,,,,,,,,,,,1760.0,,,,,,
ARROYO HIGH SCHOOL,2015,96.0,68.0,40.0,0.7083333333333334,0.5882352941176471,San Lorenzo,Alameda,San Lorenzo Unified,01613090130849,High Schools (Public),False,,,,,,395.0,75.7,36.0,78.0,173.0,9.0,3.0,1784.0,873.0,0.4893497757847533,,,,
ARROYO HIGH SCHOOL,2016,91.0,71.0,48.0,0.7802197802197802,0.676056338028169,San Lorenzo,Alameda,San Lorenzo Unified,01613090130849,High Schools (Public),False,,,,,,407.0,76.9,48.0,82.0,167.0,11.0,5.0,1839.0,923.0,0.5019032082653616,2551.4,2565.1,47.0,30.0
ARROYO HIGH SCHOOL,2017,95.0,50.0,31.0,0.5263157894736842,0.62,San Lorenzo,Alameda,San Lorenzo Unified,01613090130849,High Schools (Public),False,423.0,405.0,95.7,188.0,46.4,405.0,66.9,30.0,54.0,169.0,12.0,6.0,1780.0,903.0,0.5073033707865169,2613.2,2601.0,68.0,44.0
ARROYO HIGH SCHOOL,2018,108.0,65.0,45.0,0.6018518518518519,0.6923076923076923,San Lorenzo,Alameda,San Lorenzo Unified,01613090130849,High Schools (Public),False,418.0,394.0,94.3,208.0,52.8,394.0,77.2,41.0,77.0,175.0,7.0,4.0,1830.0,933.0,0.5098360655737705,2619.5,2608.0,64.66,47.86
ARROYO HIGH SCHOOL,2019,107.0,63.0,42.0,0.5887850467289719,0.6666666666666666,San Lorenzo,Alameda,San Lorenzo Unified,01613090130849,High Schools (Public),False,442.0,424.0,95.9,256.0,60.4,428.0,69.9,40.0,114.0,130.0,6.0,9.0,1819.0,892.0,0.4903793293018141,2619.5,2574.9,66.98,34.37
ARROYO HIGH SCHOOL,2020,99.0,78.0,47.0,0.7878787878787878,0.6025641025641025,San Lorenzo,Alameda,San Lorenzo Unified,01613090130849,High Schools (Public),False,402.0,384.0,95.5,224.0,58.3,385.0,67.0,43.0,64.0,141.0,7.0,3.0,1750.0,830.0,0.4742857142857143,2603.8,2582.2,59.47,35.48
ARROYO HIGH SCHOOL,2021,102.0,70.0,39.0,0.6862745098039216,0.5571428571428572,San Lorenzo,Alameda,San Lorenzo Unified,01613090130849,High Schools (Public),False,421.0,403.0,95.7,195.0,48.4,405.0,67.9,38.0,69.0,153.0,8.0,7.0,1772.0,837.0,0.4723476297968397,,,,
ARROYO HIGH SCHOOL,2022,112.0,73.0,36.0,0.6517857142857143,0.4931506849315068,San Lorenzo,Alameda,San Lorenzo Unified,01613090130849,High Schools (Public),False,398.0,381.0,95.7,191.0,50.1,380.0,63.2,32.0,77.0,118.0,6.0,7.0,,,,,,,
ARROYO HIGH SCHOOL,2023,99.0,75.0,45.0,0.7575757575757576,0.6,San Lorenzo,Alameda,San Lorenzo Unified,01613090130849,High Schools (Public),False,408.0,386.0,94.6,183.0,47.4,386.0,70.7,44.0,73.0,141.0,7.0,8.0,1610.0,1128.0,0.7006211180124223,2601.7,2546.4,59.89,26.78
ARROYO HIGH SCHOOL,2024,135.0,101.0,57.0,0.7481481481481481,0.5643564356435643,San Lorenzo,Alameda,San Lorenzo Unified,01613090130849,High Schools (Public),False,401.0,371.0,92.5,203.0,54.7,,,,,,,,1542.0,1058.0,0.6861219195849546,2615.4,2581.7,66.21,35.42
ARROYO HIGH SCHOOL,2025,107.0,91.0,48.0,0.8504672897196262,0.5274725274725275,San Lorenzo,Alameda,San Lorenzo Unified,01613090130849,High Schools (Public),False,373.0,342.0,91.7,163.0,47.7,,,,,,,,1499.0,968.0,0.6457638425617078,2576.6,2546.6,52.77,30.26
ASPIRE EAST PALO ALTO PHOENIX,2010,10.0,4,,0.4,,East Palo Alto,San Mateo,,,,,,,,,,,,,,,,,,,,,,,
ASPIRE EAST PALO ALTO PHOENIX,2011,15.0,13.0,8.0,0.8666666666666667,0.6153846153846154,East Palo Alto,San Mateo,,,,,,,,,,,,,,,,,,,,,,,
ASPIRE EAST PALO ALTO PHOENIX,2012,8.0,6.0,3.0,0.75,0.5,East Palo Alto,San Mateo,,,,,,,,,,,,,,,,,,,,,,,
ASPIRE EAST PALO ALTO PHOENIX,2013,11.0,8.0,6.0,0.7272727272727273,0.75,East Palo Alto,San Mateo,,,,,,,,,,,,,,,,,,,,,,,
ASPIRE EAST PALO ALTO PHOENIX,2014,8.0,6.0,5.0,0.75,0.8333333333333334,East Palo Alto,San Mateo,,,,,,,,,,,,,,,,,,,,,,,
ASPIRE EAST PALO ALTO PHOENIX,2015,10.0,3,,0.3,,East Palo Alto,San Mateo,,,,,,,,,,,,,,,,,,,,,,,
ASPIRE EAST PALO ALTO PHOENIX,2016,8.0,,,,,East Palo Alto,San Mateo,,,,,,,,,,,,,,,,,,,,,,,
ASPIRE EAST PALO ALTO PHOENIX,2017,18.0,7.0,5.0,0.3888888888888889,0.7142857142857143,East Palo Alto,San Mateo,,,,,,,,,,,,,,,,,,,,,,,
ASPIRE EAST PALO ALTO PHOENIX,2018,11.0,5.0,4.0,0.45454545454545453,0.8,East Palo Alto,San Mateo,,,,,,,,,,,,,,,,,,,,,,,
ASPIRE EAST PALO ALTO PHOENIX,2019,17.0,12.0,11.0,0.7058823529411765,0.9166666666666666,East Palo Alto,San Mateo,,,,,,,,,,,,,,,,,,,,,,,
ASPIRE GOLDEN STATE COLLG PREP ACAD,2011,8.0,5,,0.625,,Oakland,Alameda,,,,,,,,,,,,,,,,,,,,,,,
ASPIRE GOLDEN STATE COLLG PREP ACAD,2013,13.0,8.0,5.0,0.6153846153846154,0.625,Oakland,Alameda,,,,,,,,,,,,,,,,,,,,,,,
ASPIRE GOLDEN STATE COLLG PREP ACAD,2014,6.0,,,,,Oakland,Alameda,,,,,,,,,,,,,,,,,,,,,,,
ASPIRE GOLDEN STATE COLLG PREP ACAD,2015,26.0,6,,0.23076923076923078,,Oakland,Alameda,,,,,,,,,,,,,,,,,,,,,,,
ASPIRE GOLDEN STATE COLLG PREP ACAD,2016,30.0,17.0,9.0,0.5666666666666667,0.5294117647058824,Oakland,Alameda,,,,,,,,,,,,,,,,,,,,,,,
ASPIRE GOLDEN STATE COLLG PREP ACAD,2017,23.0,16.0,15.0,0.6956521739130435,0.9375,Oakland,Alameda,,,,,,,,,,,,,,,,,,,,,,,
ASPIRE GOLDEN STATE COLLG PREP ACAD,2018,42.0,29.0,20.0,0.6904761904761905,0.6896551724137931,Oakland,Alameda,,,,,,,,,,,,,,,,,,,,,,,
ASPIRE GOLDEN STATE COLLG PREP ACAD,2019,40.0,21.0,8.0,0.525,0.38095238095238093,Oakland,Alameda,,,,,,,,,,,,,,,,,,,,,,,
ASPIRE GOLDEN STATE COLLG PREP ACAD,2020,27.0,18.0,6.0,0.6666666666666666,0.3333333333333333,Oakland,Alameda,,,,,,,,,,,,,,,,,,,,,,,
ASPIRE GOLDEN STATE COLLG PREP ACAD,2021,25.0,19.0,8.0,0.76,0.42105263157894735,Oakland,Alameda,,,,,,,,,,,,,,,,,,,,,,,
ASPIRE GOLDEN STATE COLLG PREP ACAD,2022,26.0,9.0,5.0,0.34615384615384615,0.5555555555555556,Oakland,Alameda,,,,,,,,,,,,,,,,,,,,,,,
ASPIRE GOLDEN STATE COLLG PREP ACAD,2023,17.0,9.0,5.0,0.5294117647058824,0.5555555555555556,Oakland,Alameda,,,,,,,,,,,,,,,,,,,,,,,
ASPIRE GOLDEN STATE COLLG PREP ACAD,2024,29.0,14.0,3.0,0.4827586206896552,0.21428571428571427,Oakland,Alameda,,,,,,,,,,,,,,,,,,,,,,,
ASPIRE GOLDEN STATE COLLG PREP ACAD,2025,27.0,23.0,5.0,0.8518518518518519,0.21739130434782608,Oakland,Alameda,,,,,,,,,,,,,,,,,,,,,,,
ASPIRE LIONEL WILSON COLG PREP,2006,14.0,11.0,4.0,0.7857142857142857,0.36363636363636365,Oakland,Alameda,Oakland Unified,01612590130666,K-12 Schools (Public),True,,,,,,,,,,,,,,,,,,,
ASPIRE LIONEL WILSON COLG PREP,2007,13.0,12.0,4.0,0.9230769230769231,0.3333333333333333,Oakland,Alameda,Oakland Unified,01612590130666,K-12 Schools (Public),True,,,,,,,,,,,,,,,,,,,
ASPIRE LIONEL WILSON COLG PREP,2008,9.0,9.0,4.0,1.0,0.4444444444444444,Oakland,Alameda,Oakland Unified,01612590130666,K-12 Schools (Public),True,,,,,,,,,,,,,,,,,,,
ASPIRE LIONEL WILSON COLG PREP,2009,13.0,11.0,5.0,0.8461538461538461,0.45454545454545453,Oakland,Alameda,Oakland Unified,01612590130666,K-12 Schools (Public),True,,,,,,,,,,,,,,,,,,,
ASPIRE LIONEL WILSON COLG PREP,2010,36.0,35.0,18.0,0.9722222222222222,0.5142857142857142,Oakland,Alameda,Oakland Unified,01612590130666,K-12 Schools (Public),True,,,,,,,,,,,,,,,,,,,
ASPIRE LIONEL WILSON COLG PREP,2011,24.0,20.0,10.0,0.8333333333333334,0.5,Oakland,Alameda,Oakland Unified,01612590130666,K-12 Schools (Public),True,,,,,,,,,,,,,,,,,,,
ASPIRE LIONEL WILSON COLG PREP,2012,18.0,11.0,6.0,0.6111111111111112,0.5454545454545454,Oakland,Alameda,Oakland Unified,01612590130666,K-12 Schools (Public),True,,,,,,,,,,,,,,,,,,,
ASPIRE LIONEL WILSON COLG PREP,2013,22.0,14.0,7.0,0.6363636363636364,0.5,Oakland,Alameda,Oakland Unified,01612590130666,K-12 Schools (Public),True,,,,,,,,,,,,,,,,,,,
ASPIRE LIONEL WILSON COLG PREP,2014,23.0,16.0,10.0,0.6956521739130435,0.625,Oakland,Alameda,Oakland Unified,01612590130666,K-12 Schools (Public),True,,,,,,,,,,,,,499.0,,,,,,
ASPIRE LIONEL WILSON COLG PREP,2015,24.0,11.0,6.0,0.4583333333333333,0.5454545454545454,Oakland,Alameda,Oakland Unified,01612590130666,K-12 Schools (Public),True,,,,,,54.0,70.4,2.0,20.0,12.0,4.0,0.0,491.0,469.0,0.955193482688391,,,,
ASPIRE LIONEL WILSON COLG PREP,2016,72.0,47.0,29.0,0.6527777777777778,0.6170212765957447,Oakland,Alameda,Oakland Unified,01612590130666,K-12 Schools (Public),True,,,,,,121.0,84.3,27.0,39.0,32.0,2.0,2.0,531.0,485.0,0.9133709981167608,2614.3,2564.9,68.0,26.0
ASPIRE LIONEL WILSON COLG PREP,2017,32.0,17.0,8.0,0.53125,0.47058823529411764,Oakland,Alameda,Oakland Unified,01612590130666,K-12 Schools (Public),True,81.0,66.0,81.5,66.0,100.0,72.0,69.4,8.0,16.0,17.0,8.0,1.0,515.0,475.0,0.9223300970873788,2606.8,2579.1,57.0,38.0
ASPIRE LIONEL WILSON COLG PREP,2018,26.0,11.0,4.0,0.4230769230769231,0.36363636363636365,Oakland,Alameda,Oakland Unified,01612590130666,K-12 Schools (Public),True,49.0,37.0,75.5,36.0,97.3,41.0,78.0,4.0,13.0,9.0,4.0,2.0,515.0,466.0,0.9048543689320389,2640.5,2634.7,70.59,53.85
ASPIRE LIONEL WILSON COLG PREP,2019,29.0,17.0,8.0,0.5862068965517241,0.47058823529411764,Oakland,Alameda,Oakland Unified,01612590130666,K-12 Schools (Public),True,52.0,48.0,92.3,44.0,91.7,50.0,66.0,7.0,15.0,8.0,3.0,0.0,525.0,438.0,0.8342857142857143,2622.9,2620.0,64.15,54.72
ASPIRE LIONEL WILSON COLG PREP,2020,24.0,18.0,16.0,0.75,0.8888888888888888,Oakland,Alameda,Oakland Unified,01612590130666,K-12 Schools (Public),True,58.0,54.0,93.1,54.0,100.0,55.0,50.9,15.0,5.0,4.0,4.0,0.0,524.0,454.0,0.8664122137404581,2636.3,2634.0,63.79,54.1
ASPIRE LIONEL WILSON COLG PREP,2021,22.0,19.0,8.0,0.8636363636363636,0.42105263157894735,Oakland,Alameda,Oakland Unified,01612590130666,K-12 Schools (Public),True,65.0,58.0,89.2,38.0,65.5,59.0,49.2,8.0,8.0,6.0,6.0,1.0,505.0,433.0,0.8574257425742574,,,,
ASPIRE LIONEL WILSON COLG PREP,2022,23.0,16.0,10.0,0.6956521739130435,0.625,Oakland,Alameda,Oakland Unified,01612590130666,K-12 Schools (Public),True,63.0,57.0,90.5,36.0,63.2,58.0,41.4,9.0,4.0,4.0,2.0,5.0,,,,2573.3,2549.3,48.08,22.0
ASPIRE LIONEL WILSON COLG PREP,2023,24.0,18.0,7.0,0.75,0.3888888888888889,Oakland,Alameda,Oakland Unified,01612590130666,K-12 Schools (Public),True,72.0,70.0,97.2,59.0,84.3,69.0,49.3,6.0,9.0,17.0,1.0,1.0,451.0,362.0,0.802660753880266,2583.3,2482.6,50.0,8.11
ASPIRE LIONEL WILSON COLG PREP,2024,18.0,14.0,6.0,0.7777777777777778,0.42857142857142855,Oakland,Alameda,Oakland Unified,01612590130666,K-12 Schools (Public),True,65.0,60.0,92.3,38.0,63.3,,,,,,,,406.0,349.0,0.8596059113300493,2626.3,2512.7,68.25,9.52
ASPIRE LIONEL WILSON COLG PREP,2025,22.0,20.0,9.0,0.9090909090909091,0.45,Oakland,Alameda,Oakland Unified,01612590130666,K-12 Schools (Public),True,58.0,54.0,93.1,52.0,96.3,,,,,,,,392.0,340.0,0.8673469387755102,2611.2,2500.3,66.67,12.07
ASPIRE RICHMOND CA COLG PREP,2017,23.0,16.0,8.0,0.6956521739130435,0.5,Richmond,Contra Costa,West Contra Costa Unified,07617960132100,K-12 Schools (Public),True,48.0,44.0,91.7,42.0,95.5,52.0,80.8,6.0,13.0,20.0,0.0,3.0,348.0,255.0,0.7327586206896551,2643.1,2577.3,76.0,30.0
ASPIRE RICHMOND CA COLG PREP,2018,13.0,10.0,4.0,0.7692307692307693,0.4,Richmond,Contra Costa,West Contra Costa Unified,07617960132100,K-12 Schools (Public),True,53.0,44.0,83.0,44.0,100.0,43.0,81.4,4.0,11.0,18.0,2.0,0.0,520.0,358.0,0.6884615384615385,2568.8,2532.6,51.92,15.38
ASPIRE RICHMOND CA COLG PREP,2019,13.0,8.0,5.0,0.6153846153846154,0.625,Richmond,Contra Costa,West Contra Costa Unified,07617960132100,K-12 Schools (Public),True,47.0,45.0,95.7,40.0,88.9,47.0,80.9,5.0,18.0,14.0,1.0,0.0,541.0,357.0,0.6598890942698706,2592.2,2536.3,62.5,16.33
ASPIRE RICHMOND CA COLG PREP,2020,22.0,16.0,10.0,0.7272727272727273,0.625,Richmond,Contra Costa,West Contra Costa Unified,07617960132100,K-12 Schools (Public),True,52.0,49.0,94.2,45.0,91.8,49.0,77.6,9.0,11.0,11.0,2.0,5.0,549.0,388.0,0.7067395264116576,2610.0,2553.9,63.27,20.41
ASPIRE RICHMOND CA COLG PREP,2021,41.0,32.0,11.0,0.7804878048780488,0.34375,Richmond,Contra Costa,West Contra Costa Unified,07617960132100,K-12 Schools (Public),True,69.0,68.0,98.6,58.0,85.3,70.0,72.9,12.0,19.0,17.0,0.0,3.0,580.0,425.0,0.7327586206896551,,,,
ASPIRE RICHMOND CA COLG PREP,2022,25.0,15.0,8.0,0.6,0.5333333333333333,Richmond,Contra Costa,West Contra Costa Unified,07617960132100,K-12 Schools (Public),True,71.0,69.0,97.2,46.0,66.7,69.0,65.2,7.0,12.0,26.0,0.0,0.0,,,,2565.0,2495.7,51.47,8.57
ASPIRE RICHMOND CA COLG PREP,2023,30.0,23.0,11.0,0.7666666666666667,0.4782608695652174,Richmond,Contra Costa,West Contra Costa Unified,07617960132100,K-12 Schools (Public),True,83.0,79.0,95.2,61.0,77.2,80.0,71.3,10.0,23.0,21.0,1.0,2.0,591.0,409.0,0.6920473773265652,2563.7,2479.6,45.68,13.41
ASPIRE RICHMOND CA COLG PREP,2024,48.0,35.0,18.0,0.7291666666666666,0.5142857142857142,Richmond,Contra Costa,West Contra Costa Unified,07617960132100,K-12 Schools (Public),True,76.0,73.0,96.1,70.0,95.9,,,,,,,,595.0,468.0,0.7865546218487395,2614.8,2487.9,63.64,9.21
ASPIRE RICHMOND CA COLG PREP,2025,31.0,23.0,9.0,0.7419354838709677,0.391304347826087,Richmond,Contra Costa,West Contra Costa Unified,07617960132100,K-12 Schools (Public),True,73.0,69.0,94.5,68.0,98.6,,,,,,,,590.0,503.0,0.8525423728813559,2589.8,2491.7,54.41,13.04
BALBOA HIGH SCHOOL,2005,34.0,29.0,16.0,0.8529411764705882,0.5517241379310345,San Francisco,San Francisco,San Francisco Unified,38684783830288,High Schools (Public),False,,,,,,,,,,,,,,,,,,,
BALBOA HIGH SCHOOL,2006,42.0,39.0,24.0,0.9285714285714286,0.6153846153846154,San Francisco,San Francisco,San Francisco Unified,38684783830288,High Schools (Public),False,,,,,,,,,,,,,,,,,,,
BALBOA HIGH SCHOOL,2007,73.0,60.0,37.0,0.821917808219178,0.6166666666666667,San Francisco,San Francisco,San Francisco Unified,38684783830288,High Schools (Public),False,,,,,,,,,,,,,,,,,,,
BALBOA HIGH SCHOOL,2008,90.0,75.0,45.0,0.8333333333333334,0.6,San Francisco,San Francisco,San Francisco Unified,38684783830288,High Schools (Public),False,,,,,,,,,,,,,,,,,,,
BALBOA HIGH SCHOOL,2009,79.0,64.0,39.0,0.810126582278481,0.609375,San Francisco,San Francisco,San Francisco Unified,38684783830288,High Schools (Public),False,,,,,,,,,,,,,,,,,,,
BALBOA HIGH SCHOOL,2010,100.0,80.0,55.0,0.8,0.6875,San Francisco,San Francisco,San Francisco Unified,38684783830288,High Schools (Public),False,,,,,,,,,,,,,,,,,,,
BALBOA HIGH SCHOOL,2011,87.0,67.0,59.0,0.7701149425287356,0.8805970149253731,San Francisco,San Francisco,San Francisco Unified,38684783830288,High Schools (Public),False,,,,,,,,,,,,,,,,,,,
BALBOA HIGH SCHOOL,2012,127.0,93.0,67.0,0.7322834645669292,0.7204301075268817,San Francisco,San Francisco,San Francisco Unified,38684783830288,High Schools (Public),False,,,,,,,,,,,,,,,,,,,
BALBOA HIGH SCHOOL,2013,138.0,100.0,74.0,0.7246376811594203,0.74,San Francisco,San Francisco,San Francisco Unified,38684783830288,High Schools (Public),False,,,,,,,,,,,,,,,,,,,
BALBOA HIGH SCHOOL,2014,136.0,90.0,66.0,0.6617647058823529,0.7333333333333333,San Francisco,San Francisco,San Francisco Unified,38684783830288,High Schools (Public),False,,,,,,,,,,,,,1259.0,,,,,,
BALBOA HIGH SCHOOL,2015,109.0,70.0,44.0,0.6422018348623854,0.6285714285714286,San Francisco,San Francisco,San Francisco Unified,38684783830288,High Schools (Public),False,,,,,,271.0,77.1,41.0,49.0,106.0,4.0,9.0,1257.0,963.0,0.766109785202864,,,,
BALBOA HIGH SCHOOL,2016,128.0,94.0,71.0,0.734375,0.7553191489361702,San Francisco,San Francisco,San Francisco Unified,38684783830288,High Schools (Public),False,,,,,,279.0,80.6,66.0,52.0,97.0,6.0,4.0,1260.0,865.0,0.6865079365079365,2621.5,2625.5,70.0,54.0
BALBOA HIGH SCHOOL,2017,132.0,92.0,65.0,0.696969696969697,0.7065217391304348,San Francisco,San Francisco,San Francisco Unified,38684783830288,High Schools (Public),False,306.0,278.0,90.8,168.0,60.4,278.0,77.0,57.0,49.0,90.0,9.0,9.0,1249.0,826.0,0.6613290632506005,2595.1,2588.8,60.0,42.0
BALBOA HIGH SCHOOL,2018,138.0,92.0,64.0,0.6666666666666666,0.6956521739130435,San Francisco,San Francisco,San Francisco Unified,38684783830288,High Schools (Public),False,289.0,267.0,92.4,134.0,50.2,269.0,80.3,63.0,58.0,86.0,6.0,3.0,1271.0,787.0,0.6191974822974036,2617.1,2606.5,66.55,48.01
BALBOA HIGH SCHOOL,2019,112.0,68.0,38.0,0.6071428571428571,0.5588235294117647,San Francisco,San Francisco,San Francisco Unified,38684783830288,High Schools (Public),False,286.0,267.0,93.4,163.0,61.0,267.0,70.0,34.0,76.0,66.0,6.0,5.0,1217.0,844.0,0.6935086277732129,2593.4,2578.9,58.08,38.31
BALBOA HIGH SCHOOL,2020,120.0,97.0,62.0,0.8083333333333333,0.6391752577319587,San Francisco,San Francisco,San Francisco Unified,38684783830288,High Schools (Public),False,280.0,254.0,90.7,139.0,54.7,254.0,68.9,53.0,48.0,63.0,6.0,5.0,1221.0,709.0,0.5806715806715806,2608.0,2593.6,62.65,39.06
BALBOA HIGH SCHOOL,2021,124.0,77.0,40.0,0.6209677419354839,0.5194805194805194,San Francisco,San Francisco,San Francisco Unified,38684783830288,High Schools (Public),False,284.0,266.0,93.7,178.0,66.9,267.0,68.5,39.0,67.0,62.0,8.0,7.0,1229.0,723.0,0.5882831570382425,,,,
BALBOA HIGH SCHOOL,2022,136.0,96.0,69.0,0.7058823529411765,0.71875,San Francisco,San Francisco,San Francisco Unified,38684783830288,High Schools (Public),False,290.0,279.0,96.2,162.0,58.1,281.0,76.2,67.0,64.0,73.0,4.0,6.0,,,,,,,
BALBOA HIGH SCHOOL,2023,148.0,105.0,66.0,0.7094594594594594,0.6285714285714286,San Francisco,San Francisco,San Francisco Unified,38684783830288,High Schools (Public),False,308.0,294.0,95.5,182.0,61.9,293.0,82.3,63.0,52.0,113.0,4.0,9.0,1278.0,784.0,0.6134585289514867,2622.8,2605.3,68.0,46.62
BALBOA HIGH SCHOOL,2024,149.0,105.0,63.0,0.7046979865771812,0.6,San Francisco,San Francisco,San Francisco Unified,38684783830288,High Schools (Public),False,305.0,273.0,89.5,191.0,70.0,,,,,,,,1251.0,764.0,0.6107114308553158,2601.3,2586.7,60.15,42.55
BALBOA HIGH SCHOOL,2025,152.0,120.0,60.0,0.7894736842105263,0.5,San Francisco,San Francisco,San Francisco Unified,38684783830288,High Schools (Public),False,311.0,289.0,92.9,204.0,70.6,,,,,,,,1238.0,789.0,0.6373182552504039,2629.5,2597.3,69.51,43.75
BAY AREA TECHNOLOGY-BAYTECH,2014,7.0,6.0,6.0,0.8571428571428571,1.0,Oakland,Alameda,,01612590106906,,,,,,,,,,,,,,,239.0,,,,,,
BAY AREA TECHNOLOGY-BAYTECH,2015,5.0,,,,,Oakland,Alameda,,01612590106906,,,,,,,,22.0,68.2,0.0,3.0,9.0,0.0,3.0,262.0,229.0,0.8740458015267175,,,,
BAY AREA TECHNOLOGY-BAYTECH,2016,10.0,3,,0.3,,Oakland,Alameda,,01612590106906,,,,,,,,22.0,63.6,1.0,2.0,7.0,3.0,1.0,284.0,273.0,0.9612676056338028,2560.8,2525.7,36.0,16.0
BAY AREA TECHNOLOGY-BAYTECH,2018,10.0,,,,,Oakland,Alameda,,01612590106906,,,35.0,29.0,82.9,29.0,100.0,30.0,66.7,2.0,7.0,5.0,3.0,3.0,322.0,226.0,0.7018633540372671,2581.3,2555.7,60.61,21.21
BAY AREA TECHNOLOGY-BAYTECH,2019,12.0,4.0,4.0,0.3333333333333333,1.0,Oakland,Alameda,,01612590106906,,,36.0,35.0,97.2,35.0,100.0,35.0,57.1,4.0,4.0,11.0,0.0,1.0,299.0,160.0,0.5351170568561873,2517.9,2493.7,28.21,17.95
BAY AREA TECHNOLOGY-BAYTECH,2021,7.0,4,,0.5714285714285714,,Oakland,Alameda,,01612590106906,,,31.0,27.0,87.1,27.0,100.0,26.0,50.0,0.0,8.0,4.0,1.0,0.0,353.0,267.0,0.7563739376770539,,,,
BAY AREA TECHNOLOGY-BAYTECH,2024,13.0,11.0,4.0,0.8461538461538461,0.36363636363636365,Oakland,Alameda,,01612590106906,,,53.0,49.0,92.5,49.0,100.0,,,,,,,,309.0,248.0,0.8025889967637541,2556.6,2482.1,44.23,5.77
BAY AREA TECHNOLOGY-BAYTECH,2025,19.0,16.0,8.0,0.8421052631578947,0.5,Oakland,Alameda,,01612590106906,,,51.0,49.0,96.1,48.0,98.0,,,,,,,,255.0,220.0,0.8627450980392157,2539.9,2488.6,39.62,7.27
BENICIA HIGH SCHOOL,2005,87.0,77.0,43.0,0.8850574712643678,0.5584415584415584,Benicia,Solano,Benicia Unified,48705244831004,High Schools (Public),False,,,,,,,,,,,,,,,,,,,
BENICIA HIGH SCHOOL,2006,109.0,100.0,63.0,0.9174311926605505,0.63,Benicia,Solano,Benicia Unified,48705244831004,High Schools (Public),False,,,,,,,,,,,,,,,,,,,
BENICIA HIGH SCHOOL,2007,104.0,91.0,43.0,0.875,0.4725274725274725,Benicia,Solano,Benicia Unified,48705244831004,High Schools (Public),False,,,,,,,,,,,,,,,,,,,
BENICIA HIGH SCHOOL,2008,111.0,101.0,49.0,0.9099099099099099,0.48514851485148514,Benicia,Solano,Benicia Unified,48705244831004,High Schools (Public),False,,,,,,,,,,,,,,,,,,,
BENICIA HIGH SCHOOL,2009,110.0,103.0,57.0,0.9363636363636364,0.5533980582524272,Benicia,Solano,Benicia Unified,48705244831004,High Schools (Public),False,,,,,,,,,,,,,,,,,,,
BENICIA HIGH SCHOOL,2010,82.0,71.0,29.0,0.8658536585365854,0.4084507042253521,Benicia,Solano,Benicia Unified,48705244831004,High Schools (Public),False,,,,,,,,,,,,,,,,,,,
BENICIA HIGH SCHOOL,2011,87.0,62.0,38.0,0.7126436781609196,0.6129032258064516,Benicia,Solano,Benicia Unified,48705244831004,High Schools (Public),False,,,,,,,,,,,,,,,,,,,
BENICIA HIGH SCHOOL,2012,92.0,62.0,33.0,0.6739130434782609,0.532258064516129,Benicia,Solano,Benicia Unified,48705244831004,High Schools (Public),False,,,,,,,,,,,,,,,,,,,
BENICIA HIGH SCHOOL,2013,92.0,41.0,16.0,0.44565217391304346,0.3902439024390244,Benicia,Solano,Benicia Unified,48705244831004,High Schools (Public),False,,,,,,,,,,,,,,,,,,,
BENICIA HIGH SCHOOL,2014,87.0,47.0,29.0,0.5402298850574713,0.6170212765957447,Benicia,Solano,Benicia Unified,48705244831004,High Schools (Public),False,,,,,,,,,,,,,1650.0,,,,,,
BENICIA HIGH SCHOOL,2015,83.0,52.0,27.0,0.6265060240963856,0.5192307692307693,Benicia,Solano,Benicia Unified,48705244831004,High Schools (Public),False,,,,,,388.0,77.8,19.0,43.0,186.0,13.0,41.0,1677.0,283.0,0.1687537268932618,,,,
BENICIA HIGH SCHOOL,2016,74.0,55.0,33.0,0.7432432432432432,0.6,Benicia,Solano,Benicia Unified,48705244831004,High Schools (Public),False,,,,,,377.0,77.5,32.0,55.0,161.0,11.0,33.0,1664.0,297.0,0.1784855769230769,2640.2,2598.9,76.0,40.0
BENICIA HIGH SCHOOL,2017,85.0,62.0,35.0,0.7294117647058823,0.5645161290322581,Benicia,Solano,Benicia Unified,48705244831004,High Schools (Public),False,404.0,389.0,96.3,168.0,43.2,395.0,73.4,34.0,48.0,154.0,13.0,41.0,1667.0,296.0,0.1775644871025795,2609.5,2604.3,62.0,44.0
BENICIA HIGH SCHOOL,2018,102.0,63.0,48.0,0.6176470588235294,0.7619047619047619,Benicia,Solano,Benicia Unified,48705244831004,High Schools (Public),False,390.0,381.0,97.7,167.0,43.8,384.0,75.5,42.0,27.0,167.0,16.0,38.0,1621.0,374.0,0.230721776681061,2633.6,2621.8,72.92,52.29
BENICIA HIGH SCHOOL,2019,91.0,61.0,32.0,0.6703296703296703,0.5245901639344263,Benicia,Solano,Benicia Unified,48705244831004,High Schools (Public),False,361.0,355.0,98.3,182.0,51.3,358.0,75.7,28.0,38.0,151.0,16.0,38.0,1555.0,318.0,0.2045016077170418,2607.4,2605.0,63.0,46.34
BENICIA HIGH SCHOOL,2020,104.0,82.0,44.0,0.7884615384615384,0.5365853658536586,Benicia,Solano,Benicia Unified,48705244831004,High Schools (Public),False,404.0,397.0,98.3,183.0,46.1,396.0,74.0,44.0,32.0,173.0,8.0,36.0,1563.0,349.0,0.2232885476647473,2622.3,2611.7,65.95,49.59
BENICIA HIGH SCHOOL,2021,93.0,66.0,32.0,0.7096774193548387,0.48484848484848486,Benicia,Solano,Benicia Unified,48705244831004,High Schools (Public),False,367.0,356.0,97.0,195.0,54.8,363.0,73.8,28.0,44.0,143.0,10.0,43.0,1515.0,349.0,0.2303630363036303,,,,
BENICIA HIGH SCHOOL,2022,90.0,57.0,26.0,0.6333333333333333,0.45614035087719296,Benicia,Solano,Benicia Unified,48705244831004,High Schools (Public),False,355.0,348.0,98.0,178.0,51.1,354.0,72.0,23.0,48.0,137.0,8.0,39.0,,,,2718.6,2665.2,100.0,69.23
BENICIA HIGH SCHOOL,2023,103.0,77.0,44.0,0.7475728155339806,0.5714285714285714,Benicia,Solano,Benicia Unified,48705244831004,High Schools (Public),False,352.0,343.0,97.4,204.0,59.5,350.0,74.6,44.0,43.0,118.0,7.0,49.0,1432.0,339.0,0.236731843575419,2622.8,2584.4,63.87,36.13
BENICIA HIGH SCHOOL,2024,112.0,66.0,36.0,0.5892857142857143,0.5454545454545454,Benicia,Solano,Benicia Unified,48705244831004,High Schools (Public),False,365.0,354.0,97.0,212.0,59.9,,,,,,,,1405.0,333.0,0.2370106761565836,2626.0,2579.3,66.27,33.23
BENICIA HIGH SCHOOL,2025,93.0,68.0,37.0,0.7311827956989247,0.5441176470588235,Benicia,Solano,Benicia Unified,48705244831004,High Schools (Public),False,311.0,301.0,96.8,176.0,58.5,,,,,,,,1335.0,322.0,0.2411985018726591,2610.6,2593.7,63.37,44.15
BERKELEY HIGH SCHOOL,2005,277.0,238.0,110.0,0.8592057761732852,0.46218487394957986,Berkeley,Alameda,Berkeley Unified,01611430131177,High Schools (Public),False,,,,,,,,,,,,,,,,,,,
BERKELEY HIGH SCHOOL,2006,266.0,239.0,110.0,0.8984962406015038,0.4602510460251046,Berkeley,Alameda,Berkeley Unified,01611430131177,High Schools (Public),False,,,,,,,,,,,,,,,,,,,
BERKELEY HIGH SCHOOL,2007,282.0,253.0,112.0,0.8971631205673759,0.4426877470355731,Berkeley,Alameda,Berkeley Unified,01611430131177,High Schools (Public),False,,,,,,,,,,,,,,,,,,,
BERKELEY HIGH SCHOOL,2008,304.0,277.0,121.0,0.9111842105263158,0.4368231046931408,Berkeley,Alameda,Berkeley Unified,01611430131177,High Schools (Public),False,,,,,,,,,,,,,,,,,,,
BERKELEY HIGH SCHOOL,2009,329.0,287.0,124.0,0.8723404255319149,0.43205574912891986,Berkeley,Alameda,Berkeley Unified,01611430131177,High Schools (Public),False,,,,,,,,,,,,,,,,,,,
BERKELEY HIGH SCHOOL,2010,273.0,234.0,94.0,0.8571428571428571,0.4017094017094017,Berkeley,Alameda,Berkeley Unified,01611430131177,High Schools (Public),False,,,,,,,,,,,,,,,,,,,
BERKELEY HIGH SCHOOL,2011,334.0,263.0,103.0,0.7874251497005988,0.3916349809885932,Berkeley,Alameda,Berkeley Unified,01611430131177,High Schools (Public),False,,,,,,,,,,,,,,,,,,,
BERKELEY HIGH SCHOOL,2012,357.0,265.0,109.0,0.742296918767507,0.41132075471698115,Berkeley,Alameda,Berkeley Unified,01611430131177,High Schools (Public),False,,,,,,,,,,,,,,,,,,,
BERKELEY HIGH SCHOOL,2013,359.0,252.0,117.0,0.7019498607242339,0.4642857142857143,Berkeley,Alameda,Berkeley Unified,01611430131177,High Schools (Public),False,,,,,,,,,,,,,,,,,,,
BERKELEY HIGH SCHOOL,2014,369.0,274.0,119.0,0.7425474254742548,0.4343065693430657,Berkeley,Alameda,Berkeley Unified,01611430131177,High Schools (Public),False,,,,,,,,,,,,,3145.0,,,,,,
BERKELEY HIGH SCHOOL,2015,375.0,289.0,112.0,0.7706666666666667,0.3875432525951557,Berkeley,Alameda,Berkeley Unified,01611430131177,High Schools (Public),False,,,,,,710.0,74.2,95.0,77.0,172.0,32.0,151.0,3182.0,934.0,0.2935260842237586,,,,
BERKELEY HIGH SCHOOL,2016,418.0,353.0,172.0,0.8444976076555024,0.48725212464589235,Berkeley,Alameda,Berkeley Unified,01611430131177,High Schools (Public),False,,,,,,747.0,75.4,162.0,90.0,169.0,18.0,124.0,3113.0,861.0,0.2765820751686476,2625.3,2602.3,67.0,44.0
BERKELEY HIGH SCHOOL,2017,414.0,334.0,133.0,0.8067632850241546,0.39820359281437123,Berkeley,Alameda,Berkeley Unified,01611430131177,High Schools (Public),False,829.0,735.0,88.7,487.0,66.3,753.0,75.0,130.0,106.0,161.0,42.0,126.0,3018.0,841.0,0.2786613651424784,2632.3,2621.3,70.0,51.0
BERKELEY HIGH SCHOOL,2018,406.0,332.0,156.0,0.8177339901477833,0.46987951807228917,Berkeley,Alameda,Berkeley Unified,01611430131177,High Schools (Public),False,785.0,690.0,87.9,485.0,70.3,703.0,75.7,142.0,104.0,137.0,27.0,122.0,3117.0,884.0,0.2836060314404876,2599.2,2590.7,58.52,41.08
BERKELEY HIGH SCHOOL,2019,401.0,302.0,153.0,0.7531172069825436,0.5066225165562914,Berkeley,Alameda,Berkeley Unified,01611430131177,High Schools (Public),False,747.0,659.0,88.2,595.0,90.3,670.0,77.6,151.0,76.0,134.0,35.0,124.0,3154.0,823.0,0.2609384908053265,2629.1,2622.0,67.5,54.04
BERKELEY HIGH SCHOOL,2020,365.0,301.0,145.0,0.8246575342465754,0.48172757475083056,Berkeley,Alameda,Berkeley Unified,01611430131177,High Schools (Public),False,793.0,696.0,87.8,494.0,71.0,705.0,74.8,143.0,62.0,174.0,27.0,120.0,3255.0,796.0,0.2445468509984639,2652.1,2628.6,75.28,52.12
BERKELEY HIGH SCHOOL,2021,469.0,359.0,169.0,0.7654584221748401,0.47075208913649025,Berkeley,Alameda,Berkeley Unified,01611430131177,High Schools (Public),False,861.0,779.0,90.5,485.0,62.3,785.0,77.8,156.0,87.0,170.0,28.0,170.0,3257.0,795.0,0.2440896530549585,,,,
BERKELEY HIGH SCHOOL,2022,450.0,333.0,154.0,0.74,0.4624624624624625,Berkeley,Alameda,Berkeley Unified,01611430131177,High Schools (Public),False,848.0,747.0,88.1,624.0,83.5,787.0,75.9,144.0,89.0,158.0,30.0,176.0,,,,2740.6,2723.8,95.95,73.21
BERKELEY HIGH SCHOOL,2023,456.0,377.0,191.0,0.8267543859649122,0.506631299734748,Berkeley,Alameda,Berkeley Unified,01611430131177,High Schools (Public),False,811.0,755.0,93.1,678.0,89.8,767.0,79.4,185.0,100.0,144.0,30.0,150.0,3204.0,738.0,0.2303370786516854,2626.6,2599.5,66.23,44.68
BERKELEY HIGH SCHOOL,2024,517.0,410.0,218.0,0.793036750483559,0.5317073170731708,Berkeley,Alameda,Berkeley Unified,01611430131177,High Schools (Public),False,811.0,774.0,95.4,459.0,59.3,,,,,,,,3220.0,753.0,0.2338509316770186,2594.4,2606.1,58.02,49.77
BERKELEY HIGH SCHOOL,2025,474.0,395.0,178.0,0.8333333333333334,0.4506329113924051,Berkeley,Alameda,Berkeley Unified,01611430131177,High Schools (Public),False,810.0,774.0,95.6,541.0,69.9,,,,,,,,3218.0,798.0,0.2479801118707271,2623.3,2630.4,67.55,54.28
BRANHAM HIGH SCHOOL,2005,37.0,30.0,12.0,0.8108108108108109,0.4,San Jose,Santa Clara,Campbell Union High,43694014330866,High Schools (Public),False,,,,,,,,,,,,,,,,,,,
BRANHAM HIGH SCHOOL,2006,37.0,36.0,20.0,0.972972972972973,0.5555555555555556,San Jose,Santa Clara,Campbell Union High,43694014330866,High Schools (Public),False,,,,,,,,,,,,,,,,,,,
BRANHAM HIGH SCHOOL,2007,47.0,43.0,20.0,0.9148936170212766,0.46511627906976744,San Jose,Santa Clara,Campbell Union High,43694014330866,High Schools (Public),False,,,,,,,,,,,,,,,,,,,
BRANHAM HIGH SCHOOL,2008,45.0,42.0,19.0,0.9333333333333333,0.4523809523809524,San Jose,Santa Clara,Campbell Union High,43694014330866,High Schools (Public),False,,,,,,,,,,,,,,,,,,,
BRANHAM HIGH SCHOOL,2009,39.0,36.0,20.0,0.9230769230769231,0.5555555555555556,San Jose,Santa Clara,Campbell Union High,43694014330866,High Schools (Public),False,,,,,,,,,,,,,,,,,,,
BRANHAM HIGH SCHOOL,2010,53.0,47.0,21.0,0.8867924528301887,0.44680851063829785,San Jose,Santa Clara,Campbell Union High,43694014330866,High Schools (Public),False,,,,,,,,,,,,,,,,,,,
BRANHAM HIGH SCHOOL,2011,78.0,63.0,34.0,0.8076923076923077,0.5396825396825397,San Jose,Santa Clara,Campbell Union High,43694014330866,High Schools (Public),False,,,,,,,,,,,,,,,,,,,
BRANHAM HIGH SCHOOL,2012,65.0,46.0,24.0,0.7076923076923077,0.5217391304347826,San Jose,Santa Clara,Campbell Union High,43694014330866,High Schools (Public),False,,,,,,,,,,,,,,,,,,,
BRANHAM HIGH SCHOOL,2013,62.0,42.0,21.0,0.6774193548387096,0.5,San Jose,Santa Clara,Campbell Union High,43694014330866,High Schools (Public),False,,,,,,,,,,,,,,,,,,,
BRANHAM HIGH SCHOOL,2014,75.0,49.0,29.0,0.6533333333333333,0.5918367346938775,San Jose,Santa Clara,Campbell Union High,43694014330866,High Schools (Public),False,,,,,,,,,,,,,1396.0,,,,,,
BRANHAM HIGH SCHOOL,2015,106.0,65.0,34.0,0.6132075471698113,0.5230769230769231,San Jose,Santa Clara,Campbell Union High,43694014330866,High Schools (Public),False,,,,,,327.0,67.9,28.0,53.0,106.0,6.0,29.0,1468.0,207.0,0.1410081743869209,,,,
BRANHAM HIGH SCHOOL,2016,76.0,57.0,34.0,0.75,0.5964912280701754,San Jose,Santa Clara,Campbell Union High,43694014330866,High Schools (Public),False,,,,,,283.0,69.3,31.0,32.0,96.0,12.0,25.0,1514.0,178.0,0.1175693527080581,2649.0,2620.5,75.0,50.0
BRANHAM HIGH SCHOOL,2017,95.0,62.0,32.0,0.6526315789473685,0.5161290322580645,San Jose,Santa Clara,Campbell Union High,43694014330866,High Schools (Public),False,329.0,306.0,93.0,185.0,60.5,312.0,79.5,24.0,47.0,131.0,14.0,32.0,1605.0,202.0,0.1258566978193146,2672.3,2632.5,84.0,54.0
BRANHAM HIGH SCHOOL,2018,103.0,62.0,36.0,0.6019417475728155,0.5806451612903226,San Jose,Santa Clara,Campbell Union High,43694014330866,High Schools (Public),False,370.0,346.0,93.5,232.0,67.1,350.0,86.9,34.0,56.0,162.0,17.0,35.0,1716.0,308.0,0.1794871794871795,2680.1,2615.3,85.92,47.32
BRANHAM HIGH SCHOOL,2019,107.0,80.0,47.0,0.7476635514018691,0.5875,San Jose,Santa Clara,Campbell Union High,43694014330866,High Schools (Public),False,402.0,384.0,95.5,252.0,65.6,386.0,81.9,42.0,37.0,181.0,10.0,46.0,1802.0,302.0,0.1675915649278579,2683.5,2626.3,85.32,46.85
BRANHAM HIGH SCHOOL,2020,126.0,101.0,50.0,0.8015873015873016,0.49504950495049505,San Jose,Santa Clara,Campbell Union High,43694014330866,High Schools (Public),False,404.0,366.0,90.6,268.0,73.2,373.0,83.4,47.0,49.0,142.0,14.0,59.0,1847.0,308.0,0.1667569030860855,2630.5,2631.1,68.38,52.67
BRANHAM HIGH SCHOOL,2021,152.0,95.0,38.0,0.625,0.4,San Jose,Santa Clara,Campbell Union High,43694014330866,High Schools (Public),False,424.0,394.0,92.9,286.0,72.6,397.0,83.4,38.0,50.0,153.0,16.0,74.0,1911.0,298.0,0.1559392987964416,,,,
BRANHAM HIGH SCHOOL,2022,179.0,104.0,57.0,0.5810055865921788,0.5480769230769231,San Jose,Santa Clara,Campbell Union High,43694014330866,High Schools (Public),False,458.0,431.0,94.1,306.0,71.0,439.0,83.4,57.0,71.0,169.0,17.0,52.0,,,,2676.9,2658.7,82.39,60.82
BRANHAM HIGH SCHOOL,2023,158.0,121.0,58.0,0.7658227848101266,0.4793388429752066,San Jose,Santa Clara,Campbell Union High,43694014330866,High Schools (Public),False,448.0,427.0,95.3,300.0,70.3,432.0,82.6,52.0,49.0,168.0,24.0,64.0,1990.0,589.0,0.2959798994974874,2659.4,2619.4,76.48,48.1
BRANHAM HIGH SCHOOL,2024,222.0,154.0,68.0,0.6936936936936937,0.44155844155844154,San Jose,Santa Clara,Campbell Union High,43694014330866,High Schools (Public),False,507.0,482.0,95.1,364.0,75.5,,,,,,,,1955.0,614.0,0.3140664961636829,2664.2,2635.5,80.08,55.35
BRANHAM HIGH SCHOOL,2025,189.0,150.0,60.0,0.7936507936507936,0.4,San Jose,Santa Clara,Campbell Union High,43694014330866,High Schools (Public),False,489.0,460.0,94.1,341.0,74.1,,,,,,,,1820.0,572.0,0.3142857142857143,2650.1,2626.1,74.21,52.48
BUCKINGHAM COLLEGIATE CHARTER,2006,8.0,6,,0.75,,Vacaville,Solano,Vacaville Unified,48705734830113,High Schools (Public),True,,,,,,,,,,,,,,,,,,,
BUCKINGHAM COLLEGIATE CHARTER,2007,7.0,6,,0.8571428571428571,,Vacaville,Solano,Vacaville Unified,48705734830113,High Schools (Public),True,,,,,,,,,,,,,,,,,,,
BUCKINGHAM COLLEGIATE CHARTER,2008,5.0,,,,,Vacaville,Solano,Vacaville Unified,48705734830113,High Schools (Public),True,,,,,,,,,,,,,,,,,,,
BUCKINGHAM COLLEGIATE CHARTER,2009,12.0,10.0,5.0,0.8333333333333334,0.5,Vacaville,Solano,Vacaville Unified,48705734830113,High Schools (Public),True,,,,,,,,,,,,,,,,,,,
BUCKINGHAM COLLEGIATE CHARTER,2010,20.0,16.0,6.0,0.8,0.375,Vacaville,Solano,Vacaville Unified,48705734830113,High Schools (Public),True,,,,,,,,,,,,,,,,,,,
BUCKINGHAM COLLEGIATE CHARTER,2011,19.0,12.0,7.0,0.631578947368421,0.5833333333333334,Vacaville,Solano,Vacaville Unified,48705734830113,High Schools (Public),True,,,,,,,,,,,,,,,,,,,
BUCKINGHAM COLLEGIATE CHARTER,2012,16.0,10.0,4.0,0.625,0.4,Vacaville,Solano,Vacaville Unified,48705734830113,High Schools (Public),True,,,,,,,,,,,,,,,,,,,
BUCKINGHAM COLLEGIATE CHARTER,2013,17.0,12.0,7.0,0.7058823529411765,0.5833333333333334,Vacaville,Solano,Vacaville Unified,48705734830113,High Schools (Public),True,,,,,,,,,,,,,,,,,,,
BUCKINGHAM COLLEGIATE CHARTER,2014,11.0,9.0,6.0,0.8181818181818182,0.6666666666666666,Vacaville,Solano,Vacaville Unified,48705734830113,High Schools (Public),True,,,,,,,,,,,,,471.0,,,,,,
BUCKINGHAM COLLEGIATE CHARTER,2015,23.0,13.0,6.0,0.5652173913043478,0.46153846153846156,Vacaville,Solano,Vacaville Unified,48705734830113,High Schools (Public),True,,,,,,115.0,64.3,5.0,17.0,41.0,8.0,3.0,459.0,59.0,0.1285403050108932,,,,
BUCKINGHAM COLLEGIATE CHARTER,2016,22.0,10.0,5.0,0.45454545454545453,0.5,Vacaville,Solano,Vacaville Unified,48705734830113,High Schools (Public),True,,,,,,112.0,71.4,4.0,12.0,54.0,6.0,4.0,454.0,70.0,0.1541850220264317,2629.6,2580.8,75.0,35.0
BUCKINGHAM COLLEGIATE CHARTER,2017,19.0,15.0,10.0,0.7894736842105263,0.6666666666666666,Vacaville,Solano,Vacaville Unified,48705734830113,High Schools (Public),True,92.0,88.0,95.7,49.0,55.7,92.0,66.3,11.0,6.0,36.0,2.0,6.0,484.0,81.0,0.1673553719008264,2660.4,2608.4,78.0,46.0
BUCKINGHAM COLLEGIATE CHARTER,2018,23.0,13.0,9.0,0.5652173913043478,0.6923076923076923,Vacaville,Solano,Vacaville Unified,48705734830113,High Schools (Public),True,105.0,99.0,94.3,59.0,59.6,101.0,72.3,9.0,12.0,40.0,3.0,9.0,502.0,99.0,0.197211155378486,2651.4,2611.9,77.67,52.43
BUCKINGHAM COLLEGIATE CHARTER,2019,12.0,6,,0.5,,Vacaville,Solano,Vacaville Unified,48705734830113,High Schools (Public),True,121.0,116.0,95.9,75.0,64.7,117.0,69.2,1.0,6.0,57.0,7.0,10.0,500.0,101.0,0.202,2620.1,2591.6,66.39,41.8
BUCKINGHAM COLLEGIATE CHARTER,2020,34.0,25.0,18.0,0.7352941176470589,0.72,Vacaville,Solano,Vacaville Unified,48705734830113,High Schools (Public),True,123.0,119.0,96.7,85.0,71.4,121.0,75.2,18.0,9.0,43.0,9.0,12.0,494.0,91.0,0.1842105263157894,2650.1,2608.6,77.52,44.96
BUCKINGHAM COLLEGIATE CHARTER,2021,22.0,14.0,8.0,0.6363636363636364,0.5714285714285714,Vacaville,Solano,Vacaville Unified,48705734830113,High Schools (Public),True,99.0,98.0,99.0,73.0,74.5,98.0,70.4,9.0,12.0,42.0,2.0,4.0,464.0,76.0,0.1637931034482758,,,,
BUCKINGHAM COLLEGIATE CHARTER,2022,29.0,20.0,8.0,0.6896551724137931,0.4,Vacaville,Solano,Vacaville Unified,48705734830113,High Schools (Public),True,96.0,94.0,97.9,66.0,70.2,93.0,65.6,8.0,11.0,36.0,2.0,4.0,,,,,,,
BUCKINGHAM COLLEGIATE CHARTER,2023,15.0,10.0,4.0,0.6666666666666666,0.4,Vacaville,Solano,Vacaville Unified,48705734830113,High Schools (Public),True,105.0,103.0,98.1,74.0,71.8,105.0,69.5,4.0,16.0,45.0,1.0,7.0,455.0,134.0,0.2945054945054945,2648.8,2582.9,76.47,32.67
BUCKINGHAM COLLEGIATE CHARTER,2024,31.0,21.0,14.0,0.6774193548387096,0.6666666666666666,Vacaville,Solano,Vacaville Unified,48705734830113,High Schools (Public),True,98.0,93.0,94.9,64.0,68.8,,,,,,,,474.0,146.0,0.3080168776371308,2663.8,2590.6,83.15,42.53
BUCKINGHAM COLLEGIATE CHARTER,2025,20.0,12.0,6.0,0.6,0.5,Vacaville,Solano,Vacaville Unified,48705734830113,High Schools (Public),True,98.0,97.0,99.0,63.0,64.9,,,,,,,,474.0,162.0,0.3417721518987341,2654.1,2572.4,77.67,32.67
BURLINGAME HIGH SCHOOL,2005,116.0,109.0,65.0,0.9396551724137931,0.5963302752293578,Burlingame,San Mateo,San Mateo Union High,41690474130472,High Schools (Public),False,,,,,,,,,,,,,,,,,,,
BURLINGAME HIGH SCHOOL,2006,132.0,124.0,73.0,0.9393939393939394,0.5887096774193549,Burlingame,San Mateo,San Mateo Union High,41690474130472,High Schools (Public),False,,,,,,,,,,,,,,,,,,,
BURLINGAME HIGH SCHOOL,2007,103.0,97.0,41.0,0.941747572815534,0.422680412371134,Burlingame,San Mateo,San Mateo Union High,41690474130472,High Schools (Public),False,,,,,,,,,,,,,,,,,,,
BURLINGAME HIGH SCHOOL,2008,122.0,112.0,46.0,0.9180327868852459,0.4107142857142857,Burlingame,San Mateo,San Mateo Union High,41690474130472,High Schools (Public),False,,,,,,,,,,,,,,,,,,,
BURLINGAME HIGH SCHOOL,2009,116.0,105.0,41.0,0.9051724137931034,0.3904761904761905,Burlingame,San Mateo,San Mateo Union High,41690474130472,High Schools (Public),False,,,,,,,,,,,,,,,,,,,
BURLINGAME HIGH SCHOOL,2010,125.0,117.0,53.0,0.936,0.452991452991453,Burlingame,San Mateo,San Mateo Union High,41690474130472,High Schools (Public),False,,,,,,,,,,,,,,,,,,,
BURLINGAME HIGH SCHOOL,2011,109.0,83.0,36.0,0.7614678899082569,0.43373493975903615,Burlingame,San Mateo,San Mateo Union High,41690474130472,High Schools (Public),False,,,,,,,,,,,,,,,,,,,
BURLINGAME HIGH SCHOOL,2012,120.0,84.0,39.0,0.7,0.4642857142857143,Burlingame,San Mateo,San Mateo Union High,41690474130472,High Schools (Public),False,,,,,,,,,,,,,,,,,,,
BURLINGAME HIGH SCHOOL,2013,125.0,84.0,36.0,0.672,0.42857142857142855,Burlingame,San Mateo,San Mateo Union High,41690474130472,High Schools (Public),False,,,,,,,,,,,,,,,,,,,
BURLINGAME HIGH SCHOOL,2014,147.0,102.0,41.0,0.6938775510204082,0.4019607843137255,Burlingame,San Mateo,San Mateo Union High,41690474130472,High Schools (Public),False,,,,,,,,,,,,,1306.0,,,,,,
BURLINGAME HIGH SCHOOL,2015,120.0,74.0,33.0,0.6166666666666667,0.44594594594594594,Burlingame,San Mateo,San Mateo Union High,41690474130472,High Schools (Public),False,,,,,,278.0,84.2,25.0,33.0,106.0,19.0,51.0,1316.0,135.0,0.1025835866261398,,,,
BURLINGAME HIGH SCHOOL,2016,143.0,87.0,32.0,0.6083916083916084,0.367816091954023,Burlingame,San Mateo,San Mateo Union High,41690474130472,High Schools (Public),False,,,,,,298.0,86.6,30.0,42.0,70.0,32.0,84.0,1339.0,81.0,0.0604929051530993,2678.9,2656.5,85.0,63.0
BURLINGAME HIGH SCHOOL,2017,163.0,111.0,48.0,0.6809815950920245,0.43243243243243246,Burlingame,San Mateo,San Mateo Union High,41690474130472,High Schools (Public),False,316.0,303.0,95.9,229.0,75.6,303.0,85.1,46.0,36.0,86.0,26.0,64.0,1425.0,94.0,0.0659649122807017,2692.3,2672.6,86.0,68.0
BURLINGAME HIGH SCHOOL,2018,151.0,84.0,42.0,0.5562913907284768,0.5,Burlingame,San Mateo,San Mateo Union High,41690474130472,High Schools (Public),False,340.0,324.0,95.3,257.0,79.3,327.0,89.9,42.0,47.0,95.0,29.0,81.0,1475.0,176.0,0.119322033898305,2694.5,2668.9,88.99,62.77
BURLINGAME HIGH SCHOOL,2019,167.0,107.0,51.0,0.6407185628742516,0.4766355140186916,Burlingame,San Mateo,San Mateo Union High,41690474130472,High Schools (Public),False,356.0,344.0,96.6,280.0,81.4,345.0,89.6,51.0,40.0,102.0,25.0,91.0,1492.0,183.0,0.1226541554959785,2670.0,2656.3,81.69,61.06
BURLINGAME HIGH SCHOOL,2020,164.0,116.0,59.0,0.7073170731707317,0.5086206896551724,Burlingame,San Mateo,San Mateo Union High,41690474130472,High Schools (Public),False,341.0,327.0,95.9,249.0,76.1,330.0,90.6,56.0,39.0,91.0,26.0,87.0,1528.0,176.0,0.1151832460732984,2661.9,2646.4,79.38,59.44
BURLINGAME HIGH SCHOOL,2021,198.0,118.0,45.0,0.5959595959595959,0.3813559322033898,Burlingame,San Mateo,San Mateo Union High,41690474130472,High Schools (Public),False,359.0,346.0,96.4,270.0,78.0,346.0,86.4,42.0,47.0,95.0,29.0,86.0,1537.0,191.0,0.1242680546519193,,,,
BURLINGAME HIGH SCHOOL,2022,228.0,145.0,67.0,0.6359649122807017,0.46206896551724136,Burlingame,San Mateo,San Mateo Union High,41690474130472,High Schools (Public),False,405.0,386.0,95.3,343.0,88.9,386.0,89.9,64.0,54.0,101.0,22.0,106.0,,,,,,,
BURLINGAME HIGH SCHOOL,2023,201.0,142.0,47.0,0.7064676616915423,0.33098591549295775,Burlingame,San Mateo,San Mateo Union High,41690474130472,High Schools (Public),False,380.0,368.0,96.8,299.0,81.3,371.0,91.6,45.0,58.0,109.0,18.0,110.0,1519.0,191.0,0.1257406188281764,2673.7,2667.0,84.86,60.82
BURLINGAME HIGH SCHOOL,2024,198.0,140.0,73.0,0.7070707070707071,0.5214285714285715,Burlingame,San Mateo,San Mateo Union High,41690474130472,High Schools (Public),False,366.0,357.0,97.5,299.0,83.8,,,,,,,,1540.0,179.0,0.1162337662337662,2694.8,2680.6,86.36,65.35
BURLINGAME HIGH SCHOOL,2025,217.0,163.0,49.0,0.7511520737327189,0.3006134969325153,Burlingame,San Mateo,San Mateo Union High,41690474130472,High Schools (Public),False,371.0,355.0,95.7,303.0,85.4,,,,,,,,1583.0,211.0,0.1332912192040429,2680.8,2660.8,87.32,61.15
BUSINESS ENTREPRENEURIAL,2008,6.0,5.0,3.0,0.8333333333333334,0.6,Oakland,Alameda,,,,,,,,,,,,,,,,,,,,,,,
BUSINESS ENTREPRENEURIAL,2009,9.0,8.0,4.0,0.8888888888888888,0.5,Oakland,Alameda,,,,,,,,,,,,,,,,,,,,,,,
CALERO HIGH SCHOOL,2017,14.0,,,,,San Jose,Santa Clara,East Side Union High,43694270125427,Alternative Schools of Choice,False,62.0,49.0,79.0,15.0,30.6,50.0,52.0,0.0,9.0,15.0,2.0,0.0,351.0,167.0,0.4757834757834758,2513.7,2459.8,26.0,2.0
CALERO HIGH SCHOOL,2018,10.0,,,,,San Jose,Santa Clara,East Side Union High,43694270125427,Alternative Schools of Choice,False,60.0,56.0,93.3,7.0,12.5,57.0,40.4,0.0,6.0,15.0,2.0,0.0,370.0,214.0,0.5783783783783784,2559.4,2477.4,42.59,1.92
CALERO HIGH SCHOOL,2019,10.0,,,,,San Jose,Santa Clara,East Side Union High,43694270125427,Alternative Schools of Choice,False,67.0,64.0,95.5,15.0,23.4,66.0,47.0,1.0,4.0,24.0,2.0,0.0,366.0,189.0,0.5163934426229508,2484.0,2452.1,15.71,2.86
CALERO HIGH SCHOOL,2020,12.0,4,,0.3333333333333333,,San Jose,Santa Clara,East Side Union High,43694270125427,Alternative Schools of Choice,False,58.0,51.0,87.9,20.0,39.2,53.0,50.9,0.0,13.0,13.0,1.0,0.0,178.0,94.0,0.5280898876404494,2460.1,2423.9,12.73,0.0
CALERO HIGH SCHOOL,2021,9.0,5,,0.5555555555555556,,San Jose,Santa Clara,East Side Union High,43694270125427,Alternative Schools of Choice,False,64.0,60.0,93.8,20.0,33.3,61.0,34.4,0.0,7.0,12.0,1.0,1.0,180.0,109.0,0.6055555555555555,,,,
CALERO HIGH SCHOOL,2022,7.0,3,,0.42857142857142855,,San Jose,Santa Clara,East Side Union High,43694270125427,Alternative Schools of Choice,False,53.0,48.0,90.6,19.0,39.6,48.0,50.0,1.0,5.0,16.0,0.0,2.0,,,,2534.8,2480.4,42.11,12.5
CALERO HIGH SCHOOL,2024,5.0,,,,,San Jose,Santa Clara,East Side Union High,43694270125427,Alternative Schools of Choice,False,64.0,55.0,85.9,11.0,20.0,,,,,,,,164.0,101.0,0.6158536585365854,2489.4,2429.5,17.95,1.28
CALIFORNIA HIGH SCHOOL,2005,189.0,174.0,88.0,0.9206349206349206,0.5057471264367817,San Ramon,Contra Costa,San Ramon Valley Unified,07618040730051,High Schools (Public),False,,,,,,,,,,,,,,,,,,,
CALIFORNIA HIGH SCHOOL,2006,163.0,149.0,89.0,0.9141104294478528,0.5973154362416108,San Ramon,Contra Costa,San Ramon Valley Unified,07618040730051,High Schools (Public),False,,,,,,,,,,,,,,,,,,,
CALIFORNIA HIGH SCHOOL,2007,218.0,202.0,118.0,0.926605504587156,0.5841584158415841,San Ramon,Contra Costa,San Ramon Valley Unified,07618040730051,High Schools (Public),False,,,,,,,,,,,,,,,,,,,
CALIFORNIA HIGH SCHOOL,2008,201.0,186.0,109.0,0.9253731343283582,0.5860215053763441,San Ramon,Contra Costa,San Ramon Valley Unified,07618040730051,High Schools (Public),False,,,,,,,,,,,,,,,,,,,
CALIFORNIA HIGH SCHOOL,2009,193.0,178.0,95.0,0.9222797927461139,0.5337078651685393,San Ramon,Contra Costa,San Ramon Valley Unified,07618040730051,High Schools (Public),False,,,,,,,,,,,,,,,,,,,
CALIFORNIA HIGH SCHOOL,2010,204.0,186.0,83.0,0.9117647058823529,0.44623655913978494,San Ramon,Contra Costa,San Ramon Valley Unified,07618040730051,High Schools (Public),False,,,,,,,,,,,,,,,,,,,
CALIFORNIA HIGH SCHOOL,2011,180.0,141.0,75.0,0.7833333333333333,0.5319148936170213,San Ramon,Contra Costa,San Ramon Valley Unified,07618040730051,High Schools (Public),False,,,,,,,,,,,,,,,,,,,
CALIFORNIA HIGH SCHOOL,2012,207.0,145.0,78.0,0.7004830917874396,0.5379310344827586,San Ramon,Contra Costa,San Ramon Valley Unified,07618040730051,High Schools (Public),False,,,,,,,,,,,,,,,,,,,
CALIFORNIA HIGH SCHOOL,2013,234.0,153.0,79.0,0.6538461538461539,0.5163398692810458,San Ramon,Contra Costa,San Ramon Valley Unified,07618040730051,High Schools (Public),False,,,,,,,,,,,,,,,,,,,
CALIFORNIA HIGH SCHOOL,2014,226.0,125.0,65.0,0.5530973451327433,0.52,San Ramon,Contra Costa,San Ramon Valley Unified,07618040730051,High Schools (Public),False,,,,,,,,,,,,,2605.0,,,,,,
CALIFORNIA HIGH SCHOOL,2015,243.0,168.0,82.0,0.691358024691358,0.4880952380952381,San Ramon,Contra Costa,San Ramon Valley Unified,07618040730051,High Schools (Public),False,,,,,,621.0,81.6,61.0,99.0,180.0,37.0,130.0,2639.0,117.0,0.0443349753694581,,,,
CALIFORNIA HIGH SCHOOL,2016,230.0,158.0,91.0,0.6869565217391305,0.5759493670886076,San Ramon,Contra Costa,San Ramon Valley Unified,07618040730051,High Schools (Public),False,,,,,,604.0,84.6,83.0,93.0,164.0,33.0,138.0,2667.0,131.0,0.0491188601424821,2675.6,2674.3,87.0,70.0
CALIFORNIA HIGH SCHOOL,2017,263.0,174.0,84.0,0.6615969581749049,0.4827586206896552,San Ramon,Contra Costa,San Ramon Valley Unified,07618040730051,High Schools (Public),False,655.0,649.0,99.1,433.0,66.7,653.0,87.6,80.0,101.0,200.0,40.0,151.0,2718.0,149.0,0.0548197203826342,2676.3,2687.9,87.0,73.0
CALIFORNIA HIGH SCHOOL,2018,307.0,180.0,104.0,0.5863192182410424,0.5777777777777777,San Ramon,Contra Costa,San Ramon Valley Unified,07618040730051,High Schools (Public),False,633.0,629.0,99.4,461.0,73.3,631.0,89.2,101.0,101.0,169.0,37.0,155.0,2763.0,193.0,0.0698516105682229,2684.4,2675.6,87.64,67.75
CALIFORNIA HIGH SCHOOL,2019,277.0,185.0,97.0,0.6678700361010831,0.5243243243243243,San Ramon,Contra Costa,San Ramon Valley Unified,07618040730051,High Schools (Public),False,646.0,638.0,98.8,449.0,70.4,642.0,84.0,92.0,69.0,180.0,39.0,159.0,2777.0,180.0,0.0648181490817428,2678.6,2668.7,86.37,67.04
CALIFORNIA HIGH SCHOOL,2020,292.0,224.0,130.0,0.7671232876712328,0.5803571428571429,San Ramon,Contra Costa,San Ramon Valley Unified,07618040730051,High Schools (Public),False,671.0,664.0,99.0,476.0,71.7,666.0,84.1,130.0,94.0,177.0,36.0,122.0,2882.0,172.0,0.0596807772380291,2654.2,2662.4,76.97,61.42
CALIFORNIA HIGH SCHOOL,2021,373.0,275.0,144.0,0.7372654155495979,0.5236363636363637,San Ramon,Contra Costa,San Ramon Valley Unified,07618040730051,High Schools (Public),False,753.0,721.0,95.8,506.0,70.2,727.0,86.5,137.0,89.0,216.0,37.0,150.0,2942.0,180.0,0.0611828687967369,,,,
CALIFORNIA HIGH SCHOOL,2022,386.0,248.0,138.0,0.6424870466321243,0.5564516129032258,San Ramon,Contra Costa,San Ramon Valley Unified,07618040730051,High Schools (Public),False,705.0,694.0,98.4,465.0,67.0,697.0,87.1,132.0,82.0,202.0,49.0,142.0,,,,2735.9,2772.9,100.0,91.67
CALIFORNIA HIGH SCHOOL,2023,382.0,276.0,135.0,0.7225130890052356,0.4891304347826087,San Ramon,Contra Costa,San Ramon Valley Unified,07618040730051,High Schools (Public),False,727.0,712.0,97.9,469.0,65.9,717.0,89.0,134.0,127.0,210.0,36.0,131.0,2879.0,228.0,0.0791941646405001,2638.8,2646.3,72.7,56.73
CALIFORNIA HIGH SCHOOL,2024,394.0,305.0,163.0,0.7741116751269036,0.5344262295081967,San Ramon,Contra Costa,San Ramon Valley Unified,07618040730051,High Schools (Public),False,718.0,702.0,97.8,465.0,66.2,,,,,,,,2869.0,243.0,0.0846985012199372,2648.8,2634.8,76.35,52.08
CALIFORNIA HIGH SCHOOL,2025,381.0,325.0,157.0,0.8530183727034121,0.48307692307692307,San Ramon,Contra Costa,San Ramon Valley Unified,07618040730051,High Schools (Public),False,720.0,709.0,98.5,451.0,63.6,,,,,,,,2894.0,253.0,0.0874222529371112,2630.0,2639.0,67.01,56.61
CALISTOGA JUNIOR SENIOR HIGH SCHOOL,2005,6.0,4,,0.6666666666666666,,Calistoga,Napa,Calistoga Joint Unified,28662412831758,High Schools (Public),False,,,,,,,,,,,,,,,,,,,
CALISTOGA JUNIOR SENIOR HIGH SCHOOL,2006,6.0,6,,1.0,,Calistoga,Napa,Calistoga Joint Unified,28662412831758,High Schools (Public),False,,,,,,,,,,,,,,,,,,,
CALISTOGA JUNIOR SENIOR HIGH SCHOOL,2007,6.0,5,,0.8333333333333334,,Calistoga,Napa,Calistoga Joint Unified,28662412831758,High Schools (Public),False,,,,,,,,,,,,,,,,,,,
CALISTOGA JUNIOR SENIOR HIGH SCHOOL,2008,7.0,7.0,4.0,1.0,0.5714285714285714,Calistoga,Napa,Calistoga Joint Unified,28662412831758,High Schools (Public),False,,,,,,,,,,,,,,,,,,,
CALISTOGA JUNIOR SENIOR HIGH SCHOOL,2009,15.0,15.0,11.0,1.0,0.7333333333333333,Calistoga,Napa,Calistoga Joint Unified,28662412831758,High Schools (Public),False,,,,,,,,,,,,,,,,,,,
CALISTOGA JUNIOR SENIOR HIGH SCHOOL,2010,13.0,13.0,3.0,1.0,0.23076923076923078,Calistoga,Napa,Calistoga Joint Unified,28662412831758,High Schools (Public),False,,,,,,,,,,,,,,,,,,,
CALISTOGA JUNIOR SENIOR HIGH SCHOOL,2011,10.0,5.0,3.0,0.5,0.6,Calistoga,Napa,Calistoga Joint Unified,28662412831758,High Schools (Public),False,,,,,,,,,,,,,,,,,,,
CALISTOGA JUNIOR SENIOR HIGH SCHOOL,2012,7.0,5,,0.7142857142857143,,Calistoga,Napa,Calistoga Joint Unified,28662412831758,High Schools (Public),False,,,,,,,,,,,,,,,,,,,
CALISTOGA JUNIOR SENIOR HIGH SCHOOL,2013,16.0,6,,0.375,,Calistoga,Napa,Calistoga Joint Unified,28662412831758,High Schools (Public),False,,,,,,,,,,,,,,,,,,,
CALISTOGA JUNIOR SENIOR HIGH SCHOOL,2014,16.0,5,,0.3125,,Calistoga,Napa,Calistoga Joint Unified,28662412831758,High Schools (Public),False,,,,,,,,,,,,,345.0,,,,,,
CALISTOGA JUNIOR SENIOR HIGH SCHOOL,2015,6.0,5.0,4.0,0.8333333333333334,0.8,Calistoga,Napa,Calistoga Joint Unified,28662412831758,High Schools (Public),False,,,,,,57.0,57.9,3.0,3.0,25.0,1.0,1.0,341.0,235.0,0.6891495601173021,,,,
CALISTOGA JUNIOR SENIOR HIGH SCHOOL,2016,21.0,15.0,8.0,0.7142857142857143,0.5333333333333333,Calistoga,Napa,Calistoga Joint Unified,28662412831758,High Schools (Public),False,,,,,,57.0,64.9,8.0,9.0,17.0,0.0,3.0,351.0,175.0,0.4985754985754986,2633.5,2561.6,73.0,29.0
CALISTOGA JUNIOR SENIOR HIGH SCHOOL,2017,13.0,10.0,7.0,0.7692307692307693,0.7,Calistoga,Napa,Calistoga Joint Unified,28662412831758,High Schools (Public),False,65.0,62.0,95.4,26.0,41.9,62.0,46.8,4.0,5.0,17.0,2.0,1.0,344.0,190.0,0.5523255813953488,2544.0,2490.3,39.0,8.0
CALISTOGA JUNIOR SENIOR HIGH SCHOOL,2018,17.0,16.0,9.0,0.9411764705882353,0.5625,Calistoga,Napa,Calistoga Joint Unified,28662412831758,High Schools (Public),False,47.0,47.0,100.0,19.0,40.4,47.0,63.8,8.0,10.0,9.0,2.0,1.0,357.0,244.0,0.6834733893557423,2600.9,2553.4,58.54,26.19
CALISTOGA JUNIOR SENIOR HIGH SCHOOL,2019,9.0,6.0,4.0,0.6666666666666666,0.6666666666666666,Calistoga,Napa,Calistoga Joint Unified,28662412831758,High Schools (Public),False,46.0,44.0,95.7,12.0,27.3,44.0,47.7,5.0,5.0,10.0,0.0,1.0,379.0,247.0,0.6517150395778364,2561.0,2503.0,48.94,11.11
CALISTOGA JUNIOR SENIOR HIGH SCHOOL,2020,9.0,8.0,4.0,0.8888888888888888,0.5,Calistoga,Napa,Calistoga Joint Unified,28662412831758,High Schools (Public),False,56.0,53.0,94.6,18.0,34.0,53.0,67.9,2.0,11.0,22.0,0.0,1.0,392.0,285.0,0.7270408163265306,2594.0,2509.9,55.56,6.67
CALISTOGA JUNIOR SENIOR HIGH SCHOOL,2021,35.0,26.0,7.0,0.7428571428571429,0.2692307692307692,Calistoga,Napa,Calistoga Joint Unified,28662412831758,High Schools (Public),False,61.0,58.0,95.1,30.0,51.7,58.0,77.6,7.0,14.0,22.0,1.0,1.0,396.0,282.0,0.7121212121212122,,,,
CALISTOGA JUNIOR SENIOR HIGH SCHOOL,2022,22.0,17.0,7.0,0.7727272727272727,0.4117647058823529,Calistoga,Napa,Calistoga Joint Unified,28662412831758,High Schools (Public),False,53.0,46.0,86.8,22.0,47.8,46.0,65.2,7.0,9.0,13.0,0.0,1.0,,,,,,,
CALISTOGA JUNIOR SENIOR HIGH SCHOOL,2023,30.0,26.0,15.0,0.8666666666666667,0.5769230769230769,Calistoga,Napa,Calistoga Joint Unified,28662412831758,High Schools (Public),False,68.0,63.0,92.6,33.0,52.4,65.0,61.5,13.0,10.0,14.0,0.0,3.0,380.0,305.0,0.8026315789473685,2560.0,2505.8,41.18,11.43
CALISTOGA JUNIOR SENIOR HIGH SCHOOL,2024,29.0,22.0,5.0,0.7586206896551724,0.22727272727272727,Calistoga,Napa,Calistoga Joint Unified,28662412831758,High Schools (Public),False,63.0,59.0,93.7,34.0,57.6,,,,,,,,378.0,321.0,0.8492063492063492,2558.0,2513.0,37.7,14.52
CALISTOGA JUNIOR SENIOR HIGH SCHOOL,2025,25.0,22.0,5.0,0.88,0.22727272727272727,Calistoga,Napa,Calistoga Joint Unified,28662412831758,High Schools (Public),False,60.0,58.0,96.7,34.0,58.6,,,,,,,,355.0,313.0,0.8816901408450705,2603.2,2542.6,64.91,17.74
CAMPOLINDO HIGH SCHOOL,2005,171.0,148.0,69.0,0.8654970760233918,0.46621621621621623,Moraga,Contra Costa,Acalanes Union High,07616300731125,High Schools (Public),False,,,,,,,,,,,,,,,,,,,
CAMPOLINDO HIGH SCHOOL,2006,194.0,181.0,93.0,0.9329896907216495,0.5138121546961326,Moraga,Contra Costa,Acalanes Union High,07616300731125,High Schools (Public),False,,,,,,,,,,,,,,,,,,,
CAMPOLINDO HIGH SCHOOL,2007,155.0,141.0,60.0,0.9096774193548387,0.425531914893617,Moraga,Contra Costa,Acalanes Union High,07616300731125,High Schools (Public),False,,,,,,,,,,,,,,,,,,,
CAMPOLINDO HIGH SCHOOL,2008,202.0,187.0,80.0,0.9257425742574258,0.42780748663101603,Moraga,Contra Costa,Acalanes Union High,07616300731125,High Schools (Public),False,,,,,,,,,,,,,,,,,,,
CAMPOLINDO HIGH SCHOOL,2009,158.0,149.0,64.0,0.9430379746835443,0.42953020134228187,Moraga,Contra Costa,Acalanes Union High,07616300731125,High Schools (Public),False,,,,,,,,,,,,,,,,,,,
CAMPOLINDO HIGH SCHOOL,2010,200.0,188.0,68.0,0.94,0.3617021276595745,Moraga,Contra Costa,Acalanes Union High,07616300731125,High Schools (Public),False,,,,,,,,,,,,,,,,,,,
CAMPOLINDO HIGH SCHOOL,2011,168.0,135.0,59.0,0.8035714285714286,0.43703703703703706,Moraga,Contra Costa,Acalanes Union High,07616300731125,High Schools (Public),False,,,,,,,,,,,,,,,,,,,
CAMPOLINDO HIGH SCHOOL,2012,178.0,126.0,59.0,0.7078651685393258,0.46825396825396826,Moraga,Contra Costa,Acalanes Union High,07616300731125,High Schools (Public),False,,,,,,,,,,,,,,,,,,,
CAMPOLINDO HIGH SCHOOL,2013,185.0,123.0,59.0,0.6648648648648648,0.4796747967479675,Moraga,Contra Costa,Acalanes Union High,07616300731125,High Schools (Public),False,,,,,,,,,,,,,,,,,,,
CAMPOLINDO HIGH SCHOOL,2014,166.0,117.0,53.0,0.7048192771084337,0.452991452991453,Moraga,Contra Costa,Acalanes Union High,07616300731125,High Schools (Public),False,,,,,,,,,,,,,1260.0,,,,,,
CAMPOLINDO HIGH SCHOOL,2015,150.0,96.0,49.0,0.64,0.5104166666666666,Moraga,Contra Costa,Acalanes Union High,07616300731125,High Schools (Public),False,,,,,,297.0,84.2,36.0,19.0,40.0,29.0,126.0,1253.0,31.0,0.0247406225059856,,,,
CAMPOLINDO HIGH SCHOOL,2016,156.0,113.0,58.0,0.7243589743589743,0.5132743362831859,Moraga,Contra Costa,Acalanes Union High,07616300731125,High Schools (Public),False,,,,,,298.0,89.3,52.0,28.0,47.0,15.0,124.0,1300.0,27.0,0.0207692307692307,2677.5,2697.4,86.0,74.0
CAMPOLINDO HIGH SCHOOL,2017,158.0,109.0,62.0,0.689873417721519,0.5688073394495413,Moraga,Contra Costa,Acalanes Union High,07616300731125,High Schools (Public),False,318.0,316.0,99.4,267.0,84.5,317.0,89.0,60.0,31.0,45.0,26.0,120.0,1309.0,19.0,0.014514896867838,2679.1,2686.0,88.0,76.0
CAMPOLINDO HIGH SCHOOL,2018,154.0,100.0,51.0,0.6493506493506493,0.51,Moraga,Contra Costa,Acalanes Union High,07616300731125,High Schools (Public),False,314.0,310.0,98.7,248.0,80.0,312.0,88.5,51.0,24.0,43.0,29.0,129.0,1376.0,54.0,0.0392441860465116,2697.9,2687.7,90.68,71.47
CAMPOLINDO HIGH SCHOOL,2019,177.0,125.0,59.0,0.7062146892655368,0.472,Moraga,Contra Costa,Acalanes Union High,07616300731125,High Schools (Public),False,334.0,330.0,98.8,298.0,90.3,333.0,94.0,59.0,33.0,44.0,35.0,142.0,1406.0,48.0,0.0341394025604551,2706.6,2702.5,94.12,82.65
CAMPOLINDO HIGH SCHOOL,2020,153.0,108.0,58.0,0.7058823529411765,0.5370370370370371,Moraga,Contra Costa,Acalanes Union High,07616300731125,High Schools (Public),False,304.0,300.0,98.7,240.0,80.0,303.0,85.1,56.0,30.0,36.0,25.0,111.0,1376.0,44.0,0.0319767441860465,2709.3,2702.1,93.98,83.56
CAMPOLINDO HIGH SCHOOL,2021,191.0,111.0,51.0,0.581151832460733,0.4594594594594595,Moraga,Contra Costa,Acalanes Union High,07616300731125,High Schools (Public),False,362.0,359.0,99.2,301.0,83.8,361.0,91.1,51.0,34.0,58.0,26.0,160.0,1400.0,53.0,0.0378571428571428,,,,
CAMPOLINDO HIGH SCHOOL,2022,209.0,147.0,72.0,0.7033492822966507,0.4897959183673469,Moraga,Contra Costa,Acalanes Union High,07616300731125,High Schools (Public),False,352.0,347.0,98.6,281.0,81.0,348.0,90.2,65.0,49.0,35.0,34.0,131.0,,,,2724.1,2716.2,90.0,78.19
CAMPOLINDO HIGH SCHOOL,2023,173.0,113.0,60.0,0.653179190751445,0.5309734513274337,Moraga,Contra Costa,Acalanes Union High,07616300731125,High Schools (Public),False,314.0,310.0,98.7,271.0,87.4,314.0,89.8,51.0,34.0,46.0,23.0,128.0,1343.0,67.0,0.0498883097542814,2697.0,2687.9,87.46,70.16
CAMPOLINDO HIGH SCHOOL,2024,202.0,152.0,65.0,0.7524752475247525,0.4276315789473684,Moraga,Contra Costa,Acalanes Union High,07616300731125,High Schools (Public),False,340.0,336.0,98.8,281.0,83.6,,,,,,,,1332.0,67.0,0.0503003003003003,2686.2,2696.3,86.71,72.42
CAMPOLINDO HIGH SCHOOL,2025,187.0,132.0,60.0,0.7058823529411765,0.45454545454545453,Moraga,Contra Costa,Acalanes Union High,07616300731125,High Schools (Public),False,321.0,316.0,98.4,258.0,81.6,,,,,,,,1340.0,73.0,0.0544776119402985,2677.5,2684.2,87.01,67.31
CAPUCHINO HIGH SCHOOL,2005,30.0,24.0,16.0,0.8,0.6666666666666666,San Bruno,San Mateo,San Mateo Union High,41690474130738,High Schools (Public),False,,,,,,,,,,,,,,,,,,,
CAPUCHINO HIGH SCHOOL,2006,46.0,42.0,30.0,0.9130434782608695,0.7142857142857143,San Bruno,San Mateo,San Mateo Union High,41690474130738,High Schools (Public),False,,,,,,,,,,,,,,,,,,,
CAPUCHINO HIGH SCHOOL,2007,41.0,37.0,20.0,0.9024390243902439,0.5405405405405406,San Bruno,San Mateo,San Mateo Union High,41690474130738,High Schools (Public),False,,,,,,,,,,,,,,,,,,,
CAPUCHINO HIGH SCHOOL,2008,35.0,27.0,10.0,0.7714285714285715,0.37037037037037035,San Bruno,San Mateo,San Mateo Union High,41690474130738,High Schools (Public),False,,,,,,,,,,,,,,,,,,,
CAPUCHINO HIGH SCHOOL,2009,28.0,24.0,11.0,0.8571428571428571,0.4583333333333333,San Bruno,San Mateo,San Mateo Union High,41690474130738,High Schools (Public),False,,,,,,,,,,,,,,,,,,,
CAPUCHINO HIGH SCHOOL,2010,42.0,39.0,18.0,0.9285714285714286,0.46153846153846156,San Bruno,San Mateo,San Mateo Union High,41690474130738,High Schools (Public),False,,,,,,,,,,,,,,,,,,,
CAPUCHINO HIGH SCHOOL,2011,42.0,32.0,14.0,0.7619047619047619,0.4375,San Bruno,San Mateo,San Mateo Union High,41690474130738,High Schools (Public),False,,,,,,,,,,,,,,,,,,,
CAPUCHINO HIGH SCHOOL,2012,42.0,33.0,23.0,0.7857142857142857,0.696969696969697,San Bruno,San Mateo,San Mateo Union High,41690474130738,High Schools (Public),False,,,,,,,,,,,,,,,,,,,
CAPUCHINO HIGH SCHOOL,2013,56.0,35.0,26.0,0.625,0.7428571428571429,San Bruno,San Mateo,San Mateo Union High,41690474130738,High Schools (Public),False,,,,,,,,,,,,,,,,,,,
CAPUCHINO HIGH SCHOOL,2014,79.0,49.0,25.0,0.620253164556962,0.5102040816326531,San Bruno,San Mateo,San Mateo Union High,41690474130738,High Schools (Public),False,,,,,,,,,,,,,1106.0,,,,,,
CAPUCHINO HIGH SCHOOL,2015,63.0,42.0,16.0,0.6666666666666666,0.38095238095238093,San Bruno,San Mateo,San Mateo Union High,41690474130738,High Schools (Public),False,,,,,,233.0,75.5,14.0,44.0,97.0,9.0,12.0,1105.0,283.0,0.2561085972850678,,,,
CAPUCHINO HIGH SCHOOL,2016,65.0,41.0,27.0,0.6307692307692307,0.6585365853658537,San Bruno,San Mateo,San Mateo Union High,41690474130738,High Schools (Public),False,,,,,,256.0,81.3,26.0,48.0,106.0,14.0,14.0,1127.0,239.0,0.2120674356699201,2631.8,2604.9,73.0,41.0
CAPUCHINO HIGH SCHOOL,2017,74.0,45.0,30.0,0.6081081081081081,0.6666666666666666,San Bruno,San Mateo,San Mateo Union High,41690474130738,High Schools (Public),False,270.0,248.0,91.9,151.0,60.9,256.0,79.7,29.0,50.0,107.0,7.0,11.0,1177.0,306.0,0.2599830076465591,2638.8,2609.0,75.0,45.0
CAPUCHINO HIGH SCHOOL,2018,72.0,42.0,25.0,0.5833333333333334,0.5952380952380952,San Bruno,San Mateo,San Mateo Union High,41690474130738,High Schools (Public),False,296.0,281.0,94.9,183.0,65.1,288.0,84.7,24.0,53.0,146.0,10.0,11.0,1213.0,432.0,0.3561417971970321,2633.5,2605.1,72.6,42.76
CAPUCHINO HIGH SCHOOL,2019,71.0,43.0,22.0,0.6056338028169014,0.5116279069767442,San Bruno,San Mateo,San Mateo Union High,41690474130738,High Schools (Public),False,267.0,254.0,95.1,152.0,59.8,263.0,73.8,21.0,51.0,109.0,5.0,8.0,1187.0,444.0,0.3740522325189553,2602.6,2568.8,63.46,31.91
CAPUCHINO HIGH SCHOOL,2020,72.0,52.0,31.0,0.7222222222222222,0.5961538461538461,San Bruno,San Mateo,San Mateo Union High,41690474130738,High Schools (Public),False,321.0,295.0,91.9,183.0,62.0,302.0,78.8,26.0,43.0,150.0,6.0,13.0,1225.0,441.0,0.36,2594.9,2574.1,60.75,33.66
CAPUCHINO HIGH SCHOOL,2021,88.0,53.0,31.0,0.6022727272727273,0.5849056603773585,San Bruno,San Mateo,San Mateo Union High,41690474130738,High Schools (Public),False,329.0,295.0,89.7,202.0,68.5,305.0,76.1,32.0,58.0,110.0,10.0,22.0,1187.0,381.0,0.3209772535804549,,,,
CAPUCHINO HIGH SCHOOL,2022,93.0,70.0,32.0,0.7526881720430108,0.45714285714285713,San Bruno,San Mateo,San Mateo Union High,41690474130738,High Schools (Public),False,281.0,257.0,91.5,180.0,70.0,263.0,77.6,30.0,40.0,115.0,9.0,10.0,,,,,,,
CAPUCHINO HIGH SCHOOL,2023,81.0,62.0,25.0,0.7654320987654321,0.4032258064516129,San Bruno,San Mateo,San Mateo Union High,41690474130738,High Schools (Public),False,263.0,249.0,94.7,160.0,64.3,251.0,79.3,23.0,52.0,107.0,7.0,10.0,1091.0,308.0,0.2823098075160403,2616.9,2550.6,67.7,26.14
CAPUCHINO HIGH SCHOOL,2024,95.0,63.0,30.0,0.6631578947368421,0.47619047619047616,San Bruno,San Mateo,San Mateo Union High,41690474130738,High Schools (Public),False,280.0,266.0,95.0,187.0,70.3,,,,,,,,1108.0,299.0,0.26985559566787,2628.1,2573.1,71.26,33.46
CAPUCHINO HIGH SCHOOL,2025,54.0,41.0,18.0,0.7592592592592593,0.43902439024390244,San Bruno,San Mateo,San Mateo Union High,41690474130738,High Schools (Public),False,247.0,234.0,94.7,119.0,50.9,,,,,,,,1061.0,363.0,0.3421300659754948,2574.1,2526.6,53.28,21.46
CARLMONT HIGH SCHOOL,2005,114.0,108.0,64.0,0.9473684210526315,0.5925925925925926,Belmont,San Mateo,Sequoia Union High,41690624130993,High Schools (Public),False,,,,,,,,,,,,,,,,,,,
CARLMONT HIGH SCHOOL,2006,152.0,148.0,88.0,0.9736842105263158,0.5945945945945946,Belmont,San Mateo,Sequoia Union High,41690624130993,High Schools (Public),False,,,,,,,,,,,,,,,,,,,
CARLMONT HIGH SCHOOL,2007,148.0,137.0,81.0,0.9256756756756757,0.5912408759124088,Belmont,San Mateo,Sequoia Union High,41690624130993,High Schools (Public),False,,,,,,,,,,,,,,,,,,,
CARLMONT HIGH SCHOOL,2008,145.0,130.0,75.0,0.896551724137931,0.5769230769230769,Belmont,San Mateo,Sequoia Union High,41690624130993,High Schools (Public),False,,,,,,,,,,,,,,,,,,,
CARLMONT HIGH SCHOOL,2009,148.0,141.0,73.0,0.9527027027027027,0.5177304964539007,Belmont,San Mateo,Sequoia Union High,41690624130993,High Schools (Public),False,,,,,,,,,,,,,,,,,,,
CARLMONT HIGH SCHOOL,2010,155.0,140.0,65.0,0.9032258064516129,0.4642857142857143,Belmont,San Mateo,Sequoia Union High,41690624130993,High Schools (Public),False,,,,,,,,,,,,,,,,,,,
CARLMONT HIGH SCHOOL,2011,167.0,133.0,76.0,0.7964071856287425,0.5714285714285714,Belmont,San Mateo,Sequoia Union High,41690624130993,High Schools (Public),False,,,,,,,,,,,,,,,,,,,
CARLMONT HIGH SCHOOL,2012,160.0,114.0,58.0,0.7125,0.5087719298245614,Belmont,San Mateo,Sequoia Union High,41690624130993,High Schools (Public),False,,,,,,,,,,,,,,,,,,,
CARLMONT HIGH SCHOOL,2013,219.0,157.0,87.0,0.7168949771689498,0.554140127388535,Belmont,San Mateo,Sequoia Union High,41690624130993,High Schools (Public),False,,,,,,,,,,,,,,,,,,,
CARLMONT HIGH SCHOOL,2014,220.0,151.0,83.0,0.6863636363636364,0.5496688741721855,Belmont,San Mateo,Sequoia Union High,41690624130993,High Schools (Public),False,,,,,,,,,,,,,2194.0,,,,,,
CARLMONT HIGH SCHOOL,2015,228.0,157.0,90.0,0.6885964912280702,0.5732484076433121,Belmont,San Mateo,Sequoia Union High,41690624130993,High Schools (Public),False,,,,,,487.0,78.4,65.0,87.0,123.0,22.0,85.0,2183.0,272.0,0.124599175446633,,,,
CARLMONT HIGH SCHOOL,2016,241.0,191.0,113.0,0.7925311203319502,0.5916230366492147,Belmont,San Mateo,Sequoia Union High,41690624130993,High Schools (Public),False,,,,,,487.0,82.1,106.0,70.0,117.0,26.0,81.0,2147.0,229.0,0.1066604564508616,2667.7,2667.7,81.0,63.0
CARLMONT HIGH SCHOOL,2017,249.0,166.0,93.0,0.6666666666666666,0.5602409638554217,Belmont,San Mateo,Sequoia Union High,41690624130993,High Schools (Public),False,523.0,499.0,95.4,363.0,72.7,506.0,80.0,92.0,73.0,139.0,26.0,75.0,2152.0,202.0,0.0938661710037174,2636.9,2651.8,70.0,60.0
CARLMONT HIGH SCHOOL,2018,314.0,209.0,122.0,0.6656050955414012,0.583732057416268,Belmont,San Mateo,Sequoia Union High,41690624130993,High Schools (Public),False,548.0,531.0,96.9,419.0,78.9,537.0,88.5,121.0,92.0,138.0,30.0,94.0,2184.0,271.0,0.124084249084249,2685.2,2676.5,85.21,68.48
CARLMONT HIGH SCHOOL,2019,278.0,163.0,87.0,0.5863309352517986,0.5337423312883436,Belmont,San Mateo,Sequoia Union High,41690624130993,High Schools (Public),False,513.0,501.0,97.7,319.0,63.7,504.0,88.5,81.0,82.0,136.0,29.0,118.0,2216.0,255.0,0.1150722021660649,2681.3,2685.6,84.1,71.37
CARLMONT HIGH SCHOOL,2020,285.0,214.0,115.0,0.7508771929824561,0.5373831775700935,Belmont,San Mateo,Sequoia Union High,41690624130993,High Schools (Public),False,523.0,512.0,97.9,403.0,78.7,516.0,88.6,109.0,55.0,157.0,31.0,105.0,2256.0,241.0,0.1068262411347517,2689.8,2699.3,85.52,73.89
CARLMONT HIGH SCHOOL,2021,318.0,220.0,116.0,0.6918238993710691,0.5272727272727272,Belmont,San Mateo,Sequoia Union High,41690624130993,High Schools (Public),False,568.0,537.0,94.5,412.0,76.7,542.0,87.3,111.0,68.0,126.0,24.0,144.0,2309.0,240.0,0.1039411000433088,,,,
CARLMONT HIGH SCHOOL,2022,334.0,230.0,112.0,0.688622754491018,0.48695652173913045,Belmont,San Mateo,Sequoia Union High,41690624130993,High Schools (Public),False,560.0,549.0,98.0,378.0,68.9,553.0,87.3,109.0,84.0,133.0,26.0,131.0,,,,,,,
CARLMONT HIGH SCHOOL,2023,355.0,258.0,112.0,0.7267605633802817,0.43410852713178294,Belmont,San Mateo,Sequoia Union High,41690624130993,High Schools (Public),False,585.0,575.0,98.3,445.0,77.4,580.0,86.7,109.0,82.0,149.0,33.0,130.0,2322.0,203.0,0.0874246339362618,2709.6,2693.5,87.99,69.55
CARLMONT HIGH SCHOOL,2024,367.0,281.0,134.0,0.7656675749318801,0.47686832740213525,Belmont,San Mateo,Sequoia Union High,41690624130993,High Schools (Public),False,587.0,571.0,97.3,454.0,79.5,,,,,,,,2360.0,208.0,0.0881355932203389,2711.5,2704.4,91.63,74.81
CARLMONT HIGH SCHOOL,2025,361.0,279.0,132.0,0.7728531855955678,0.4731182795698925,Belmont,San Mateo,Sequoia Union High,41690624130993,High Schools (Public),False,589.0,578.0,98.1,449.0,77.7,,,,,,,,2360.0,220.0,0.0932203389830508,2706.2,2707.2,86.95,73.96
CASA GRANDE HIGH SCHOOL,2005,58.0,51.0,26.0,0.8793103448275862,0.5098039215686274,Petaluma,Sonoma,Petaluma Joint Union High,49708624930012,High Schools (Public),False,,,,,,,,,,,,,,,,,,,
CASA GRANDE HIGH SCHOOL,2006,67.0,57.0,25.0,0.8507462686567164,0.43859649122807015,Petaluma,Sonoma,Petaluma Joint Union High,49708624930012,High Schools (Public),False,,,,,,,,,,,,,,,,,,,
CASA GRANDE HIGH SCHOOL,2007,48.0,44.0,19.0,0.9166666666666666,0.4318181818181818,Petaluma,Sonoma,Petaluma Joint Union High,49708624930012,High Schools (Public),False,,,,,,,,,,,,,,,,,,,
CASA GRANDE HIGH SCHOOL,2008,64.0,58.0,27.0,0.90625,0.46551724137931033,Petaluma,Sonoma,Petaluma Joint Union High,49708624930012,High Schools (Public),False,,,,,,,,,,,,,,,,,,,
CASA GRANDE HIGH SCHOOL,2009,73.0,69.0,35.0,0.9452054794520548,0.5072463768115942,Petaluma,Sonoma,Petaluma Joint Union High,49708624930012,High Schools (Public),False,,,,,,,,,,,,,,,,,,,
CASA GRANDE HIGH SCHOOL,2010,83.0,75.0,22.0,0.9036144578313253,0.29333333333333333,Petaluma,Sonoma,Petaluma Joint Union High,49708624930012,High Schools (Public),False,,,,,,,,,,,,,,,,,,,
CASA GRANDE HIGH SCHOOL,2011,66.0,41.0,29.0,0.6212121212121212,0.7073170731707317,Petaluma,Sonoma,Petaluma Joint Union High,49708624930012,High Schools (Public),False,,,,,,,,,,,,,,,,,,,
CASA GRANDE HIGH SCHOOL,2012,70.0,53.0,30.0,0.7571428571428571,0.5660377358490566,Petaluma,Sonoma,Petaluma Joint Union High,49708624930012,High Schools (Public),False,,,,,,,,,,,,,,,,,,,
CASA GRANDE HIGH SCHOOL,2013,84.0,49.0,21.0,0.5833333333333334,0.42857142857142855,Petaluma,Sonoma,Petaluma Joint Union High,49708624930012,High Schools (Public),False,,,,,,,,,,,,,,,,,,,
CASA GRANDE HIGH SCHOOL,2014,80.0,56.0,35.0,0.7,0.625,Petaluma,Sonoma,Petaluma Joint Union High,49708624930012,High Schools (Public),False,,,,,,,,,,,,,1744.0,,,,,,
CASA GRANDE HIGH SCHOOL,2015,79.0,50.0,33.0,0.6329113924050633,0.66,Petaluma,Sonoma,Petaluma Joint Union High,49708624930012,High Schools (Public),False,,,,,,374.0,76.5,29.0,48.0,168.0,7.0,34.0,1721.0,582.0,0.3381754793724579,,,,
CASA GRANDE HIGH SCHOOL,2016,77.0,46.0,27.0,0.5974025974025974,0.5869565217391305,Petaluma,Sonoma,Petaluma Joint Union High,49708624930012,High Schools (Public),False,,,,,,369.0,84.8,26.0,69.0,178.0,8.0,32.0,1683.0,646.0,0.3838383838383838,2638.2,2608.9,77.0,41.0
CASA GRANDE HIGH SCHOOL,2017,81.0,45.0,20.0,0.5555555555555556,0.4444444444444444,Petaluma,Sonoma,Petaluma Joint Union High,49708624930012,High Schools (Public),False,390.0,366.0,93.8,169.0,46.2,373.0,72.1,18.0,66.0,144.0,6.0,35.0,1670.0,650.0,0.3892215568862275,2634.4,2623.6,73.0,52.0
CASA GRANDE HIGH SCHOOL,2018,71.0,29.0,14.0,0.4084507042253521,0.4827586206896552,Petaluma,Sonoma,Petaluma Joint Union High,49708624930012,High Schools (Public),False,355.0,320.0,90.1,144.0,45.0,326.0,77.6,13.0,43.0,164.0,7.0,26.0,1706.0,599.0,0.3511137162954279,2628.9,2604.3,71.07,43.94
CASA GRANDE HIGH SCHOOL,2019,72.0,39.0,22.0,0.5416666666666666,0.5641025641025641,Petaluma,Sonoma,Petaluma Joint Union High,49708624930012,High Schools (Public),False,409.0,382.0,93.4,159.0,41.6,390.0,73.8,19.0,44.0,181.0,7.0,37.0,1724.0,627.0,0.3636890951276102,2636.5,2591.4,74.82,43.34
CASA GRANDE HIGH SCHOOL,2020,66.0,44.0,22.0,0.6666666666666666,0.5,Petaluma,Sonoma,Petaluma Joint Union High,49708624930012,High Schools (Public),False,348.0,313.0,89.9,132.0,42.2,321.0,73.2,23.0,44.0,141.0,10.0,17.0,1688.0,738.0,0.4372037914691943,2646.8,2591.0,77.08,43.3
CASA GRANDE HIGH SCHOOL,2021,95.0,57.0,26.0,0.6,0.45614035087719296,Petaluma,Sonoma,Petaluma Joint Union High,49708624930012,High Schools (Public),False,416.0,386.0,92.8,168.0,43.5,389.0,77.4,24.0,37.0,185.0,8.0,47.0,1777.0,733.0,0.4124929656724817,,,,
CASA GRANDE HIGH SCHOOL,2022,89.0,56.0,26.0,0.6292134831460674,0.4642857142857143,Petaluma,Sonoma,Petaluma Joint Union High,49708624930012,High Schools (Public),False,392.0,372.0,94.9,179.0,48.1,380.0,73.2,26.0,51.0,149.0,6.0,46.0,,,,2608.6,2593.8,58.51,39.52
CASA GRANDE HIGH SCHOOL,2023,95.0,65.0,29.0,0.6842105263157895,0.4461538461538462,Petaluma,Sonoma,Petaluma Joint Union High,49708624930012,High Schools (Public),False,437.0,405.0,92.7,193.0,47.7,407.0,77.9,26.0,54.0,182.0,11.0,44.0,1710.0,764.0,0.4467836257309941,2617.6,2564.7,63.59,32.04
CASA GRANDE HIGH SCHOOL,2024,95.0,64.0,30.0,0.6736842105263158,0.46875,Petaluma,Sonoma,Petaluma Joint Union High,49708624930012,High Schools (Public),False,415.0,377.0,90.8,190.0,50.4,,,,,,,,1631.0,734.0,0.4500306560392397,2606.9,2565.9,60.5,34.91
CASA GRANDE HIGH SCHOOL,2025,69.0,54.0,27.0,0.782608695652174,0.5,Petaluma,Sonoma,Petaluma Joint Union High,49708624930012,High Schools (Public),False,389.0,361.0,92.8,186.0,51.5,,,,,,,,1653.0,803.0,0.4857834240774349,2601.9,2550.6,61.52,25.67
CASTLEMONT BUS INFORM TECH SCH,2005,13.0,5.0,4.0,0.38461538461538464,0.8,Oakland,Alameda,,,,,,,,,,,,,,,,,,,,,,,
CASTLEMONT BUS INFORM TECH SCH,2006,8.0,5.0,3.0,0.625,0.6,Oakland,Alameda,,,,,,,,,,,,,,,,,,,,,,,
CASTLEMONT BUS INFORM TECH SCH,2007,10.0,8.0,6.0,0.8,0.75,Oakland,Alameda,,,,,,,,,,,,,,,,,,,,,,,
CASTLEMONT BUS INFORM TECH SCH,2008,12.0,10.0,7.0,0.8333333333333334,0.7,Oakland,Alameda,,,,,,,,,,,,,,,,,,,,,,,
CASTLEMONT BUS INFORM TECH SCH,2009,10.0,7.0,3.0,0.7,0.42857142857142855,Oakland,Alameda,,,,,,,,,,,,,,,,,,,,,,,
CASTLEMONT BUS INFORM TECH SCH,2010,15.0,11.0,7.0,0.7333333333333333,0.6363636363636364,Oakland,Alameda,,,,,,,,,,,,,,,,,,,,,,,
CASTLEMONT BUS INFORM TECH SCH,2011,7.0,3,,0.42857142857142855,,Oakland,Alameda,,,,,,,,,,,,,,,,,,,,,,,
CASTLEMONT BUS INFORM TECH SCH,2012,11.0,9.0,6.0,0.8181818181818182,0.6666666666666666,Oakland,Alameda,,,,,,,,,,,,,,,,,,,,,,,
CASTLEMONT HIGH SCHOOL,2013,34.0,18.0,10.0,0.5294117647058824,0.5555555555555556,Oakland,Alameda,Oakland Unified,01612590125161,High Schools (Public),False,,,,,,,,,,,,,,,,,,,
CASTLEMONT HIGH SCHOOL,2014,32.0,23.0,18.0,0.71875,0.782608695652174,Oakland,Alameda,Oakland Unified,01612590125161,High Schools (Public),False,,,,,,,,,,,,,564.0,,,,,,
CASTLEMONT HIGH SCHOOL,2015,31.0,11.0,8.0,0.3548387096774194,0.7272727272727273,Oakland,Alameda,Oakland Unified,01612590125161,High Schools (Public),False,,,,,,97.0,55.7,4.0,15.0,31.0,3.0,1.0,505.0,447.0,0.8851485148514852,,,,
CASTLEMONT HIGH SCHOOL,2016,31.0,19.0,16.0,0.6129032258064516,0.8421052631578947,Oakland,Alameda,Oakland Unified,01612590125161,High Schools (Public),False,,,,,,100.0,49.0,12.0,6.0,26.0,0.0,5.0,564.0,455.0,0.8067375886524822,2491.5,2463.2,16.0,4.0
CASTLEMONT HIGH SCHOOL,2017,14.0,7.0,3.0,0.5,0.42857142857142855,Oakland,Alameda,Oakland Unified,01612590125161,High Schools (Public),False,142.0,92.0,64.8,33.0,35.9,100.0,54.0,3.0,7.0,32.0,2.0,10.0,759.0,629.0,0.8287220026350461,2437.5,2395.2,6.0,0.0
CASTLEMONT HIGH SCHOOL,2018,18.0,8.0,3.0,0.4444444444444444,0.375,Oakland,Alameda,Oakland Unified,01612590125161,High Schools (Public),False,156.0,109.0,69.9,41.0,37.6,112.0,45.5,2.0,10.0,31.0,3.0,5.0,858.0,789.0,0.9195804195804196,2417.2,2411.6,1.25,1.14
CASTLEMONT HIGH SCHOOL,2019,22.0,5.0,3.0,0.22727272727272727,0.6,Oakland,Alameda,Oakland Unified,01612590125161,High Schools (Public),False,234.0,132.0,56.4,41.0,31.1,136.0,48.5,2.0,19.0,41.0,1.0,3.0,835.0,762.0,0.9125748502994012,2411.7,2407.7,2.38,0.0
CASTLEMONT HIGH SCHOOL,2020,19.0,10.0,3.0,0.5263157894736842,0.3,Oakland,Alameda,Oakland Unified,01612590125161,High Schools (Public),False,252.0,141.0,56.0,61.0,43.3,143.0,35.0,2.0,13.0,30.0,0.0,5.0,819.0,717.0,0.8754578754578755,2432.9,2390.1,9.4,0.0
CASTLEMONT HIGH SCHOOL,2021,11.0,9.0,6.0,0.8181818181818182,0.6666666666666666,Oakland,Alameda,Oakland Unified,01612590125161,High Schools (Public),False,229.0,104.0,45.4,36.0,34.6,106.0,34.9,6.0,7.0,22.0,0.0,2.0,749.0,670.0,0.8945260347129506,,,,
CASTLEMONT HIGH SCHOOL,2022,14.0,12.0,3.0,0.8571428571428571,0.25,Oakland,Alameda,Oakland Unified,01612590125161,High Schools (Public),False,226.0,112.0,49.6,37.0,33.0,126.0,37.3,3.0,6.0,33.0,1.0,4.0,,,,,,,
CASTLEMONT HIGH SCHOOL,2023,32.0,26.0,13.0,0.8125,0.5,Oakland,Alameda,Oakland Unified,01612590125161,High Schools (Public),False,204.0,125.0,61.3,41.0,32.8,126.0,54.8,13.0,10.0,44.0,0.0,2.0,680.0,668.0,0.9823529411764704,2437.7,2429.0,11.84,1.61
CASTLEMONT HIGH SCHOOL,2024,19.0,17.0,6.0,0.8947368421052632,0.35294117647058826,Oakland,Alameda,Oakland Unified,01612590125161,High Schools (Public),False,141.0,96.0,68.1,39.0,40.6,,,,,,,,698.0,693.0,0.9928366762177652,2419.3,2396.3,3.19,1.12
CASTLEMONT HIGH SCHOOL,2025,26.0,22.0,5.0,0.8461538461538461,0.22727272727272727,Oakland,Alameda,Oakland Unified,01612590125161,High Schools (Public),False,227.0,146.0,64.3,51.0,34.9,,,,,,,,719.0,712.0,0.9902642559109874,2426.7,2465.0,8.2,6.4
CASTRO VALLEY HIGH SCHOOL,2005,164.0,148.0,91.0,0.9024390243902439,0.6148648648648649,Castro Valley,Alameda,Castro Valley Unified,01611500132225,High Schools (Public),False,,,,,,,,,,,,,,,,,,,
CASTRO VALLEY HIGH SCHOOL,2006,190.0,174.0,126.0,0.9157894736842105,0.7241379310344828,Castro Valley,Alameda,Castro Valley Unified,01611500132225,High Schools (Public),False,,,,,,,,,,,,,,,,,,,
CASTRO VALLEY HIGH SCHOOL,2007,161.0,149.0,101.0,0.9254658385093167,0.6778523489932886,Castro Valley,Alameda,Castro Valley Unified,01611500132225,High Schools (Public),False,,,,,,,,,,,,,,,,,,,
CASTRO VALLEY HIGH SCHOOL,2008,171.0,156.0,88.0,0.9122807017543859,0.5641025641025641,Castro Valley,Alameda,Castro Valley Unified,01611500132225,High Schools (Public),False,,,,,,,,,,,,,,,,,,,
CASTRO VALLEY HIGH SCHOOL,2009,189.0,171.0,93.0,0.9047619047619048,0.543859649122807,Castro Valley,Alameda,Castro Valley Unified,01611500132225,High Schools (Public),False,,,,,,,,,,,,,,,,,,,
CASTRO VALLEY HIGH SCHOOL,2010,199.0,186.0,102.0,0.9346733668341709,0.5483870967741935,Castro Valley,Alameda,Castro Valley Unified,01611500132225,High Schools (Public),False,,,,,,,,,,,,,,,,,,,
CASTRO VALLEY HIGH SCHOOL,2011,228.0,170.0,111.0,0.7456140350877193,0.6529411764705882,Castro Valley,Alameda,Castro Valley Unified,01611500132225,High Schools (Public),False,,,,,,,,,,,,,,,,,,,
CASTRO VALLEY HIGH SCHOOL,2012,193.0,146.0,92.0,0.7564766839378239,0.6301369863013698,Castro Valley,Alameda,Castro Valley Unified,01611500132225,High Schools (Public),False,,,,,,,,,,,,,,,,,,,
CASTRO VALLEY HIGH SCHOOL,2013,215.0,153.0,93.0,0.7116279069767442,0.6078431372549019,Castro Valley,Alameda,Castro Valley Unified,01611500132225,High Schools (Public),False,,,,,,,,,,,,,,,,,,,
CASTRO VALLEY HIGH SCHOOL,2014,246.0,168.0,106.0,0.6829268292682927,0.6309523809523809,Castro Valley,Alameda,Castro Valley Unified,01611500132225,High Schools (Public),False,,,,,,,,,,,,,3000.0,,,,,,
CASTRO VALLEY HIGH SCHOOL,2015,224.0,145.0,87.0,0.6473214285714286,0.6,Castro Valley,Alameda,Castro Valley Unified,01611500132225,High Schools (Public),False,,,,,,664.0,77.6,70.0,133.0,249.0,26.0,37.0,2977.0,508.0,0.170641585488747,,,,
CASTRO VALLEY HIGH SCHOOL,2016,232.0,166.0,101.0,0.7155172413793104,0.608433734939759,Castro Valley,Alameda,Castro Valley Unified,01611500132225,High Schools (Public),False,,,,,,684.0,83.2,96.0,120.0,266.0,29.0,58.0,2917.0,593.0,0.2032910524511484,2638.4,2626.9,73.0,51.0
CASTRO VALLEY HIGH SCHOOL,2017,238.0,140.0,83.0,0.5882352941176471,0.5928571428571429,Castro Valley,Alameda,Castro Valley Unified,01611500132225,High Schools (Public),False,708.0,687.0,97.0,408.0,59.4,696.0,78.7,80.0,135.0,257.0,24.0,52.0,2920.0,643.0,0.2202054794520548,2617.6,2622.1,67.0,51.0
CASTRO VALLEY HIGH SCHOOL,2018,298.0,172.0,105.0,0.5771812080536913,0.6104651162790697,Castro Valley,Alameda,Castro Valley Unified,01611500132225,High Schools (Public),False,707.0,684.0,96.7,260.0,38.0,689.0,83.6,99.0,127.0,266.0,28.0,56.0,2934.0,698.0,0.2379004771642808,2632.6,2640.4,70.42,57.06
CASTRO VALLEY HIGH SCHOOL,2019,246.0,169.0,102.0,0.6869918699186992,0.6035502958579881,Castro Valley,Alameda,Castro Valley Unified,01611500132225,High Schools (Public),False,653.0,621.0,95.1,384.0,61.8,625.0,84.3,103.0,103.0,237.0,23.0,61.0,2834.0,629.0,0.2219477769936485,2631.9,2644.9,70.45,59.97
CASTRO VALLEY HIGH SCHOOL,2020,258.0,195.0,122.0,0.7558139534883721,0.6256410256410256,Castro Valley,Alameda,Castro Valley Unified,01611500132225,High Schools (Public),False,675.0,654.0,96.9,459.0,70.2,659.0,80.4,116.0,117.0,214.0,27.0,56.0,2853.0,525.0,0.1840168243953732,2631.5,2648.0,67.92,59.81
CASTRO VALLEY HIGH SCHOOL,2021,317.0,217.0,133.0,0.6845425867507886,0.6129032258064516,Castro Valley,Alameda,Castro Valley Unified,01611500132225,High Schools (Public),False,672.0,648.0,96.4,472.0,72.8,650.0,81.1,133.0,109.0,220.0,20.0,45.0,2641.0,520.0,0.1968951154865581,,,,
CASTRO VALLEY HIGH SCHOOL,2022,298.0,189.0,114.0,0.6342281879194631,0.6031746031746031,Castro Valley,Alameda,Castro Valley Unified,01611500132225,High Schools (Public),False,604.0,586.0,97.0,424.0,72.4,591.0,79.7,111.0,99.0,196.0,17.0,48.0,,,,2683.7,2735.5,84.99,86.35
CASTRO VALLEY HIGH SCHOOL,2023,322.0,204.0,96.0,0.6335403726708074,0.47058823529411764,Castro Valley,Alameda,Castro Valley Unified,01611500132225,High Schools (Public),False,658.0,634.0,96.4,479.0,75.6,641.0,84.6,94.0,156.0,213.0,25.0,54.0,2799.0,975.0,0.3483386923901393,2658.5,2658.5,78.26,58.45
CASTRO VALLEY HIGH SCHOOL,2024,327.0,220.0,118.0,0.672782874617737,0.5363636363636364,Castro Valley,Alameda,Castro Valley Unified,01611500132225,High Schools (Public),False,677.0,654.0,96.6,6.0,0.9,,,,,,,,2842.0,1124.0,0.3954961294862772,2635.6,2633.9,72.08,52.27
CASTRO VALLEY HIGH SCHOOL,2025,306.0,234.0,103.0,0.7647058823529411,0.44017094017094016,Castro Valley,Alameda,Castro Valley Unified,01611500132225,High Schools (Public),False,668.0,655.0,98.1,447.0,68.2,,,,,,,,2874.0,1151.0,0.4004871259568545,2620.0,2623.7,66.34,49.02
CHRISTOPHER HIGH SCHOOL,2012,32.0,24.0,11.0,0.75,0.4583333333333333,Gilroy,Santa Clara,Gilroy Unified,43694840118380,High Schools (Public),False,,,,,,,,,,,,,,,,,,,
CHRISTOPHER HIGH SCHOOL,2013,51.0,37.0,21.0,0.7254901960784313,0.5675675675675675,Gilroy,Santa Clara,Gilroy Unified,43694840118380,High Schools (Public),False,,,,,,,,,,,,,,,,,,,
CHRISTOPHER HIGH SCHOOL,2014,60.0,37.0,13.0,0.6166666666666667,0.35135135135135137,Gilroy,Santa Clara,Gilroy Unified,43694840118380,High Schools (Public),False,,,,,,,,,,,,,1775.0,,,,,,
CHRISTOPHER HIGH SCHOOL,2015,71.0,38.0,23.0,0.5352112676056338,0.6052631578947368,Gilroy,Santa Clara,Gilroy Unified,43694840118380,High Schools (Public),False,,,,,,412.0,76.0,22.0,60.0,186.0,10.0,35.0,1889.0,680.0,0.3599788247750132,,,,
CHRISTOPHER HIGH SCHOOL,2016,97.0,55.0,26.0,0.5670103092783505,0.4727272727272727,Gilroy,Santa Clara,Gilroy Unified,43694840118380,High Schools (Public),False,,,,,,447.0,78.1,25.0,66.0,222.0,20.0,16.0,1833.0,752.0,0.4102564102564102,2597.6,2569.2,59.0,31.0
CHRISTOPHER HIGH SCHOOL,2017,79.0,43.0,21.0,0.5443037974683544,0.4883720930232558,Gilroy,Santa Clara,Gilroy Unified,43694840118380,High Schools (Public),False,439.0,423.0,96.4,219.0,51.8,433.0,77.4,20.0,72.0,208.0,11.0,24.0,1761.0,709.0,0.4026121521862578,2587.8,2559.0,56.0,25.0
CHRISTOPHER HIGH SCHOOL,2018,83.0,45.0,21.0,0.5421686746987951,0.4666666666666667,Gilroy,Santa Clara,Gilroy Unified,43694840118380,High Schools (Public),False,415.0,401.0,96.6,217.0,54.1,402.0,76.9,20.0,73.0,176.0,14.0,26.0,1678.0,684.0,0.4076281287246722,2618.8,2581.4,66.67,32.35
CHRISTOPHER HIGH SCHOOL,2019,79.0,54.0,25.0,0.6835443037974683,0.46296296296296297,Gilroy,Santa Clara,Gilroy Unified,43694840118380,High Schools (Public),False,375.0,362.0,96.5,226.0,62.4,365.0,77.8,25.0,63.0,161.0,16.0,19.0,1629.0,665.0,0.4082259054634745,2617.8,2576.8,64.81,35.64
CHRISTOPHER HIGH SCHOOL,2020,59.0,37.0,22.0,0.6271186440677966,0.5945945945945946,Gilroy,Santa Clara,Gilroy Unified,43694840118380,High Schools (Public),False,355.0,328.0,92.4,195.0,59.5,330.0,71.5,22.0,37.0,141.0,9.0,27.0,1607.0,639.0,0.3976353453640323,2600.0,2561.7,60.0,29.09
CHRISTOPHER HIGH SCHOOL,2021,89.0,47.0,22.0,0.5280898876404494,0.46808510638297873,Gilroy,Santa Clara,Gilroy Unified,43694840118380,High Schools (Public),False,377.0,349.0,92.6,199.0,57.0,356.0,78.9,22.0,56.0,155.0,17.0,31.0,1707.0,713.0,0.4176918570591681,,,,
CHRISTOPHER HIGH SCHOOL,2022,85.0,50.0,25.0,0.5882352941176471,0.5,Gilroy,Santa Clara,Gilroy Unified,43694840118380,High Schools (Public),False,398.0,366.0,92.0,200.0,54.6,375.0,49.3,25.0,46.0,68.0,12.0,34.0,,,,,,,
CHRISTOPHER HIGH SCHOOL,2023,77.0,49.0,24.0,0.6363636363636364,0.4897959183673469,Gilroy,Santa Clara,Gilroy Unified,43694840118380,High Schools (Public),False,354.0,336.0,94.9,184.0,54.8,339.0,79.9,23.0,54.0,160.0,9.0,25.0,1664.0,580.0,0.3485576923076923,2608.2,2558.1,60.29,30.26
CHRISTOPHER HIGH SCHOOL,2024,97.0,67.0,32.0,0.6907216494845361,0.47761194029850745,Gilroy,Santa Clara,Gilroy Unified,43694840118380,High Schools (Public),False,429.0,389.0,90.7,190.0,48.8,,,,,,,,1667.0,635.0,0.3809238152369526,2613.1,2561.6,62.1,29.57
CHRISTOPHER HIGH SCHOOL,2025,70.0,50.0,31.0,0.7142857142857143,0.62,Gilroy,Santa Clara,Gilroy Unified,43694840118380,High Schools (Public),False,382.0,354.0,92.7,196.0,55.4,,,,,,,,1630.0,619.0,0.3797546012269938,2607.7,2563.1,61.16,30.71
CIRCLE OF INDEPENDENT LEARNING,2010,7.0,7.0,3.0,1.0,0.42857142857142855,Fremont,Alameda,Fremont Unified,01611760130534,K-12 Schools (Public),True,,,,,,,,,,,,,,,,,,,
CIRCLE OF INDEPENDENT LEARNING,2019,10.0,7.0,5.0,0.7,0.7142857142857143,Fremont,Alameda,Fremont Unified,01611760130534,K-12 Schools (Public),True,70.0,59.0,84.3,10.0,16.9,70.0,64.3,5.0,1.0,34.0,1.0,4.0,368.0,118.0,0.3206521739130434,2619.7,2572.1,62.96,40.74
CIRCLE OF INDEPENDENT LEARNING,2021,9.0,6,,0.6666666666666666,,Fremont,Alameda,Fremont Unified,01611760130534,K-12 Schools (Public),True,79.0,64.0,81.0,13.0,20.3,68.0,60.3,2.0,4.0,31.0,1.0,3.0,405.0,154.0,0.3802469135802469,,,,
CIRCLE OF INDEPENDENT LEARNING,2022,7.0,5.0,3.0,0.7142857142857143,0.6,Fremont,Alameda,Fremont Unified,01611760130534,K-12 Schools (Public),True,53.0,42.0,79.2,7.0,16.7,55.0,63.6,3.0,1.0,28.0,0.0,3.0,,,,,,,
CIRCLE OF INDEPENDENT LEARNING,2023,13.0,10.0,4.0,0.7692307692307693,0.4,Fremont,Alameda,Fremont Unified,01611760130534,K-12 Schools (Public),True,72.0,51.0,70.8,11.0,21.6,62.0,69.4,2.0,3.0,31.0,1.0,6.0,401.0,136.0,0.3391521197007481,2618.1,2593.5,60.71,36.84
CIRCLE OF INDEPENDENT LEARNING,2024,6.0,5,,0.8333333333333334,,Fremont,Alameda,Fremont Unified,01611760130534,K-12 Schools (Public),True,91.0,75.0,82.4,12.0,16.0,,,,,,,,402.0,173.0,0.4303482587064676,2600.2,2568.5,54.88,29.63
CIRCLE OF INDEPENDENT LEARNING,2025,8.0,7.0,3.0,0.875,0.42857142857142855,Fremont,Alameda,Fremont Unified,01611760130534,K-12 Schools (Public),True,64.0,44.0,68.8,5.0,11.4,,,,,,,,394.0,182.0,0.4619289340101523,2556.7,2516.6,46.43,17.86
CITY ARTS AND LEADERSHIP ACADEMY,2008,22.0,21.0,10.0,0.9545454545454546,0.47619047619047616,San Francisco,San Francisco,San Francisco Unified,38684780107300,High Schools (Public),True,,,,,,,,,,,,,,,,,,,
CITY ARTS AND LEADERSHIP ACADEMY,2009,28.0,22.0,8.0,0.7857142857142857,0.36363636363636365,San Francisco,San Francisco,San Francisco Unified,38684780107300,High Schools (Public),True,,,,,,,,,,,,,,,,,,,
CITY ARTS AND LEADERSHIP ACADEMY,2010,22.0,13.0,5.0,0.5909090909090909,0.38461538461538464,San Francisco,San Francisco,San Francisco Unified,38684780107300,High Schools (Public),True,,,,,,,,,,,,,,,,,,,
CITY ARTS AND LEADERSHIP ACADEMY,2011,23.0,14.0,10.0,0.6086956521739131,0.7142857142857143,San Francisco,San Francisco,San Francisco Unified,38684780107300,High Schools (Public),True,,,,,,,,,,,,,,,,,,,
CITY ARTS AND LEADERSHIP ACADEMY,2012,16.0,10.0,4.0,0.625,0.4,San Francisco,San Francisco,San Francisco Unified,38684780107300,High Schools (Public),True,,,,,,,,,,,,,,,,,,,
CITY ARTS AND LEADERSHIP ACADEMY,2013,26.0,16.0,8.0,0.6153846153846154,0.5,San Francisco,San Francisco,San Francisco Unified,38684780107300,High Schools (Public),True,,,,,,,,,,,,,,,,,,,
CITY ARTS AND LEADERSHIP ACADEMY,2014,34.0,17.0,9.0,0.5,0.5294117647058824,San Francisco,San Francisco,San Francisco Unified,38684780107300,High Schools (Public),True,,,,,,,,,,,,,406.0,,,,,,
CITY ARTS AND LEADERSHIP ACADEMY,2015,36.0,10.0,6.0,0.2777777777777778,0.6,San Francisco,San Francisco,San Francisco Unified,38684780107300,High Schools (Public),True,,,,,,87.0,69.0,2.0,35.0,19.0,3.0,1.0,360.0,226.0,0.6277777777777778,,,,
CITY ARTS AND LEADERSHIP ACADEMY,2016,32.0,19.0,7.0,0.59375,0.3684210526315789,San Francisco,San Francisco,San Francisco Unified,38684780107300,High Schools (Public),True,,,,,,79.0,81.0,7.0,32.0,16.0,3.0,6.0,340.0,250.0,0.7352941176470589,2564.3,2531.8,43.0,20.0
CITY ARTS AND LEADERSHIP ACADEMY,2017,13.0,9.0,6.0,0.6923076923076923,0.6666666666666666,San Francisco,San Francisco,San Francisco Unified,38684780107300,High Schools (Public),True,73.0,66.0,90.4,66.0,100.0,67.0,76.1,6.0,23.0,18.0,2.0,2.0,335.0,242.0,0.7223880597014926,2594.6,2524.6,57.0,15.0
CITY ARTS AND LEADERSHIP ACADEMY,2018,19.0,10.0,6.0,0.5263157894736842,0.6,San Francisco,San Francisco,San Francisco Unified,38684780107300,High Schools (Public),True,66.0,60.0,90.9,60.0,100.0,62.0,79.0,5.0,25.0,19.0,0.0,0.0,288.0,190.0,0.6597222222222222,2606.9,2544.6,63.77,28.99
CITY ARTS AND LEADERSHIP ACADEMY,2019,22.0,14.0,5.0,0.6363636363636364,0.35714285714285715,San Francisco,San Francisco,San Francisco Unified,38684780107300,High Schools (Public),True,65.0,59.0,90.8,59.0,100.0,62.0,77.4,5.0,28.0,11.0,3.0,1.0,276.0,209.0,0.7572463768115942,2582.5,2520.2,49.3,12.86
CITY ARTS AND LEADERSHIP ACADEMY,2020,14.0,10,,0.7142857142857143,,San Francisco,San Francisco,San Francisco Unified,38684780107300,High Schools (Public),True,61.0,53.0,86.9,53.0,100.0,53.0,62.3,1.0,15.0,12.0,2.0,3.0,260.0,156.0,0.6,2549.2,2523.3,34.25,10.81
CITY ARTS AND LEADERSHIP ACADEMY,2021,17.0,12.0,4.0,0.7058823529411765,0.3333333333333333,San Francisco,San Francisco,San Francisco Unified,38684780107300,High Schools (Public),True,66.0,57.0,86.4,57.0,100.0,63.0,50.8,4.0,24.0,3.0,0.0,1.0,250.0,136.0,0.544,,,,
CITY ARTS AND LEADERSHIP ACADEMY,2022,10.0,8.0,3.0,0.8,0.375,San Francisco,San Francisco,San Francisco Unified,38684780107300,High Schools (Public),True,50.0,45.0,90.0,45.0,100.0,49.0,57.1,2.0,13.0,8.0,2.0,3.0,,,,2596.9,2541.0,60.0,32.0
CITY ARTS AND LEADERSHIP ACADEMY,2023,42.0,25.0,9.0,0.5952380952380952,0.36,San Francisco,San Francisco,San Francisco Unified,38684780107300,High Schools (Public),True,139.0,132.0,95.0,132.0,100.0,133.0,75.9,10.0,58.0,25.0,7.0,1.0,473.0,324.0,0.6849894291754757,2610.2,2489.8,66.67,14.93
CITY ARTS AND LEADERSHIP ACADEMY,2024,32.0,23.0,4.0,0.71875,0.17391304347826086,San Francisco,San Francisco,San Francisco Unified,38684780107300,High Schools (Public),True,106.0,103.0,97.2,99.0,96.1,,,,,,,,407.0,286.0,0.7027027027027027,2594.4,2496.2,61.32,7.62
CITY ARTS AND LEADERSHIP ACADEMY,2025,34.0,23.0,8.0,0.6764705882352942,0.34782608695652173,San Francisco,San Francisco,San Francisco Unified,38684780107300,High Schools (Public),True,118.0,113.0,95.8,113.0,100.0,,,,,,,,397.0,210.0,0.5289672544080605,2562.4,2470.1,49.11,9.91
CLAYTON VALLEY CHARTER HIGH SCHOOL,2005,84.0,76.0,40.0,0.9047619047619048,0.5263157894736842,Concord,Contra Costa,Contra Costa County Office of Education,07100740731380,High Schools (Public),True,,,,,,,,,,,,,,,,,,,
CLAYTON VALLEY CHARTER HIGH SCHOOL,2006,66.0,60.0,29.0,0.9090909090909091,0.48333333333333334,Concord,Contra Costa,Contra Costa County Office of Education,07100740731380,High Schools (Public),True,,,,,,,,,,,,,,,,,,,
CLAYTON VALLEY CHARTER HIGH SCHOOL,2007,66.0,59.0,32.0,0.8939393939393939,0.5423728813559322,Concord,Contra Costa,Contra Costa County Office of Education,07100740731380,High Schools (Public),True,,,,,,,,,,,,,,,,,,,
CLAYTON VALLEY CHARTER HIGH SCHOOL,2008,64.0,58.0,33.0,0.90625,0.5689655172413793,Concord,Contra Costa,Contra Costa County Office of Education,07100740731380,High Schools (Public),True,,,,,,,,,,,,,,,,,,,
CLAYTON VALLEY CHARTER HIGH SCHOOL,2009,69.0,67.0,38.0,0.9710144927536232,0.5671641791044776,Concord,Contra Costa,Contra Costa County Office of Education,07100740731380,High Schools (Public),True,,,,,,,,,,,,,,,,,,,
CLAYTON VALLEY CHARTER HIGH SCHOOL,2010,88.0,80.0,36.0,0.9090909090909091,0.45,Concord,Contra Costa,Contra Costa County Office of Education,07100740731380,High Schools (Public),True,,,,,,,,,,,,,,,,,,,
CLAYTON VALLEY CHARTER HIGH SCHOOL,2011,76.0,47.0,27.0,0.618421052631579,0.574468085106383,Concord,Contra Costa,Contra Costa County Office of Education,07100740731380,High Schools (Public),True,,,,,,,,,,,,,,,,,,,
CLAYTON VALLEY CHARTER HIGH SCHOOL,2012,91.0,70.0,33.0,0.7692307692307693,0.4714285714285714,Concord,Contra Costa,Contra Costa County Office of Education,07100740731380,High Schools (Public),True,,,,,,,,,,,,,,,,,,,
CLAYTON VALLEY CHARTER HIGH SCHOOL,2013,74.0,46.0,24.0,0.6216216216216216,0.5217391304347826,Concord,Contra Costa,Contra Costa County Office of Education,07100740731380,High Schools (Public),True,,,,,,,,,,,,,,,,,,,
CLAYTON VALLEY CHARTER HIGH SCHOOL,2014,116.0,70.0,40.0,0.603448275862069,0.5714285714285714,Concord,Contra Costa,Contra Costa County Office of Education,07100740731380,High Schools (Public),True,,,,,,,,,,,,,1991.0,,,,,,
CLAYTON VALLEY CHARTER HIGH SCHOOL,2015,114.0,69.0,36.0,0.6052631578947368,0.5217391304347826,Concord,Contra Costa,Contra Costa County Office of Education,07100740731380,High Schools (Public),True,,,,,,424.0,77.8,30.0,71.0,173.0,20.0,36.0,1973.0,338.0,0.1713127217435377,,,,
CLAYTON VALLEY CHARTER HIGH SCHOOL,2016,99.0,63.0,40.0,0.6363636363636364,0.6349206349206349,Concord,Contra Costa,Contra Costa County Office of Education,07100740731380,High Schools (Public),True,,,,,,446.0,80.5,37.0,65.0,201.0,13.0,43.0,1984.0,353.0,0.1779233870967742,2645.7,2588.1,78.0,39.0
CLAYTON VALLEY CHARTER HIGH SCHOOL,2017,137.0,75.0,36.0,0.5474452554744526,0.48,Concord,Contra Costa,Contra Costa County Office of Education,07100740731380,High Schools (Public),True,515.0,500.0,97.1,330.0,66.0,505.0,83.8,35.0,71.0,242.0,19.0,56.0,2197.0,394.0,0.1793354574419663,2638.9,2619.3,73.0,51.0
CLAYTON VALLEY CHARTER HIGH SCHOOL,2018,131.0,66.0,40.0,0.5038167938931297,0.6060606060606061,Concord,Contra Costa,Contra Costa County Office of Education,07100740731380,High Schools (Public),True,449.0,437.0,97.3,289.0,66.1,440.0,83.0,40.0,58.0,189.0,21.0,57.0,2187.0,483.0,0.2208504801097393,2649.9,2631.1,77.38,54.97
CLAYTON VALLEY CHARTER HIGH SCHOOL,2019,135.0,84.0,52.0,0.6222222222222222,0.6190476190476191,Concord,Contra Costa,Contra Costa County Office of Education,07100740731380,High Schools (Public),True,474.0,463.0,97.7,310.0,67.0,472.0,77.5,51.0,56.0,180.0,18.0,61.0,2196.0,450.0,0.2049180327868852,2638.5,2617.0,71.77,46.08
CLAYTON VALLEY CHARTER HIGH SCHOOL,2020,160.0,112.0,68.0,0.7,0.6071428571428571,Concord,Contra Costa,Contra Costa County Office of Education,07100740731380,High Schools (Public),True,574.0,549.0,95.6,399.0,72.7,553.0,81.4,65.0,82.0,209.0,34.0,60.0,2234.0,439.0,0.1965085049239033,2634.1,2618.8,72.4,48.21
CLAYTON VALLEY CHARTER HIGH SCHOOL,2021,164.0,94.0,48.0,0.573170731707317,0.5106382978723404,Concord,Contra Costa,Contra Costa County Office of Education,07100740731380,High Schools (Public),True,536.0,515.0,96.1,364.0,70.7,531.0,79.8,46.0,68.0,223.0,17.0,70.0,2266.0,419.0,0.1849073256840247,,,,
CLAYTON VALLEY CHARTER HIGH SCHOOL,2022,173.0,96.0,51.0,0.5549132947976878,0.53125,Concord,Contra Costa,Contra Costa County Office of Education,07100740731380,High Schools (Public),True,545.0,540.0,99.1,376.0,69.6,545.0,77.4,49.0,85.0,214.0,10.0,64.0,,,,2682.4,,88.33,
CLAYTON VALLEY CHARTER HIGH SCHOOL,2023,164.0,103.0,59.0,0.6280487804878049,0.5728155339805825,Concord,Contra Costa,Contra Costa County Office of Education,07100740731380,High Schools (Public),True,551.0,536.0,97.3,535.0,99.8,538.0,84.8,56.0,87.0,230.0,20.0,63.0,2381.0,509.0,0.2137757244855103,2631.1,2580.0,70.14,34.9
CLAYTON VALLEY CHARTER HIGH SCHOOL,2024,175.0,102.0,48.0,0.5828571428571429,0.47058823529411764,Concord,Contra Costa,Contra Costa County Office of Education,07100740731380,High Schools (Public),True,589.0,564.0,95.8,533.0,94.5,,,,,,,,2390.0,554.0,0.2317991631799163,2620.4,2600.3,65.77,40.43
CLAYTON VALLEY CHARTER HIGH SCHOOL,2025,186.0,125.0,61.0,0.6720430107526881,0.488,Concord,Contra Costa,Contra Costa County Office of Education,07100740731380,High Schools (Public),True,580.0,554.0,95.5,542.0,97.8,,,,,,,,2373.0,530.0,0.2233459755583649,2648.6,2602.5,75.61,42.63
CLOVERDALE HIGH SCHOOL,2005,10.0,10.0,8.0,1.0,0.8,Cloverdale,Sonoma,Cloverdale Unified,49706564930855,High Schools (Public),False,,,,,,,,,,,,,,,,,,,
CLOVERDALE HIGH SCHOOL,2006,8.0,7.0,3.0,0.875,0.42857142857142855,Cloverdale,Sonoma,Cloverdale Unified,49706564930855,High Schools (Public),False,,,,,,,,,,,,,,,,,,,
CLOVERDALE HIGH SCHOOL,2007,6.0,6.0,3.0,1.0,0.5,Cloverdale,Sonoma,Cloverdale Unified,49706564930855,High Schools (Public),False,,,,,,,,,,,,,,,,,,,
CLOVERDALE HIGH SCHOOL,2008,14.0,13.0,7.0,0.9285714285714286,0.5384615384615384,Cloverdale,Sonoma,Cloverdale Unified,49706564930855,High Schools (Public),False,,,,,,,,,,,,,,,,,,,
CLOVERDALE HIGH SCHOOL,2009,17.0,14.0,4.0,0.8235294117647058,0.2857142857142857,Cloverdale,Sonoma,Cloverdale Unified,49706564930855,High Schools (Public),False,,,,,,,,,,,,,,,,,,,
CLOVERDALE HIGH SCHOOL,2010,16.0,15.0,6.0,0.9375,0.4,Cloverdale,Sonoma,Cloverdale Unified,49706564930855,High Schools (Public),False,,,,,,,,,,,,,,,,,,,
CLOVERDALE HIGH SCHOOL,2011,12.0,5.0,4.0,0.4166666666666667,0.8,Cloverdale,Sonoma,Cloverdale Unified,49706564930855,High Schools (Public),False,,,,,,,,,,,,,,,,,,,
CLOVERDALE HIGH SCHOOL,2012,12.0,8.0,3.0,0.6666666666666666,0.375,Cloverdale,Sonoma,Cloverdale Unified,49706564930855,High Schools (Public),False,,,,,,,,,,,,,,,,,,,
CLOVERDALE HIGH SCHOOL,2013,9.0,8.0,5.0,0.8888888888888888,0.625,Cloverdale,Sonoma,Cloverdale Unified,49706564930855,High Schools (Public),False,,,,,,,,,,,,,,,,,,,
CLOVERDALE HIGH SCHOOL,2014,12.0,3,,0.25,,Cloverdale,Sonoma,Cloverdale Unified,49706564930855,High Schools (Public),False,,,,,,,,,,,,,428.0,,,,,,
CLOVERDALE HIGH SCHOOL,2015,11.0,6.0,5.0,0.5454545454545454,0.8333333333333334,Cloverdale,Sonoma,Cloverdale Unified,49706564930855,High Schools (Public),False,,,,,,80.0,72.5,4.0,9.0,42.0,2.0,1.0,407.0,231.0,0.5675675675675675,,,,
CLOVERDALE HIGH SCHOOL,2016,6.0,6.0,6.0,1.0,1.0,Cloverdale,Sonoma,Cloverdale Unified,49706564930855,High Schools (Public),False,,,,,,83.0,60.2,5.0,6.0,35.0,0.0,4.0,389.0,192.0,0.493573264781491,2599.1,2553.6,55.0,27.0
CLOVERDALE HIGH SCHOOL,2017,12.0,7.0,5.0,0.5833333333333334,0.7142857142857143,Cloverdale,Sonoma,Cloverdale Unified,49706564930855,High Schools (Public),False,111.0,103.0,92.8,28.0,27.2,105.0,71.4,4.0,8.0,59.0,1.0,3.0,394.0,181.0,0.4593908629441624,2588.1,2549.5,56.0,25.0
CLOVERDALE HIGH SCHOOL,2018,16.0,13.0,5.0,0.8125,0.38461538461538464,Cloverdale,Sonoma,Cloverdale Unified,49706564930855,High Schools (Public),False,90.0,81.0,90.0,27.0,33.3,83.0,65.1,5.0,10.0,36.0,1.0,2.0,398.0,207.0,0.5201005025125628,2598.7,2528.9,55.67,18.56
CLOVERDALE HIGH SCHOOL,2019,7.0,5,,0.7142857142857143,,Cloverdale,Sonoma,Cloverdale Unified,49706564930855,High Schools (Public),False,67.0,58.0,86.6,22.0,37.9,59.0,49.2,2.0,7.0,17.0,0.0,3.0,377.0,206.0,0.5464190981432361,2567.3,2544.4,48.05,21.05
CLOVERDALE HIGH SCHOOL,2020,12.0,11.0,7.0,0.9166666666666666,0.6363636363636364,Cloverdale,Sonoma,Cloverdale Unified,49706564930855,High Schools (Public),False,88.0,66.0,75.0,27.0,40.9,70.0,60.0,7.0,4.0,25.0,1.0,5.0,410.0,213.0,0.5195121951219512,2572.6,2549.3,47.25,29.67
CLOVERDALE HIGH SCHOOL,2021,15.0,13.0,4.0,0.8666666666666667,0.3076923076923077,Cloverdale,Sonoma,Cloverdale Unified,49706564930855,High Schools (Public),False,93.0,83.0,89.2,43.0,51.8,90.0,52.2,3.0,8.0,29.0,0.0,7.0,411.0,211.0,0.51338199513382,,,,
CLOVERDALE HIGH SCHOOL,2022,16.0,12.0,5.0,0.75,0.4166666666666667,Cloverdale,Sonoma,Cloverdale Unified,49706564930855,High Schools (Public),False,76.0,70.0,92.1,28.0,40.0,71.0,62.0,3.0,11.0,26.0,1.0,3.0,,,,2565.7,2561.7,56.25,25.4
CLOVERDALE HIGH SCHOOL,2023,20.0,10.0,3.0,0.5,0.3,Cloverdale,Sonoma,Cloverdale Unified,49706564930855,High Schools (Public),False,85.0,79.0,92.9,0.0,0.0,80.0,67.5,3.0,10.0,34.0,0.0,7.0,390.0,169.0,0.4333333333333333,2566.5,2501.5,46.32,8.6
CLOVERDALE HIGH SCHOOL,2024,10.0,7.0,4.0,0.7,0.5714285714285714,Cloverdale,Sonoma,Cloverdale Unified,49706564930855,High Schools (Public),False,82.0,79.0,96.3,26.0,32.9,,,,,,,,387.0,198.0,0.5116279069767442,2530.0,2494.9,32.56,9.41
CLOVERDALE HIGH SCHOOL,2025,15.0,13.0,5.0,0.8666666666666667,0.38461538461538464,Cloverdale,Sonoma,Cloverdale Unified,49706564930855,High Schools (Public),False,87.0,84.0,96.6,32.0,38.1,,,,,,,,393.0,225.0,0.5725190839694656,2561.8,2505.6,45.98,16.28
COLISEUM COLLEGE PREP ACADEMY,2012,7.0,4,,0.5714285714285714,,Oakland,Alameda,Oakland Unified,01612590112797,K-12 Schools (Public),False,,,,,,,,,,,,,,,,,,,
COLISEUM COLLEGE PREP ACADEMY,2013,12.0,6.0,4.0,0.5,0.6666666666666666,Oakland,Alameda,Oakland Unified,01612590112797,K-12 Schools (Public),False,,,,,,,,,,,,,,,,,,,
COLISEUM COLLEGE PREP ACADEMY,2014,7.0,3,,0.42857142857142855,,Oakland,Alameda,Oakland Unified,01612590112797,K-12 Schools (Public),False,,,,,,,,,,,,,473.0,,,,,,
COLISEUM COLLEGE PREP ACADEMY,2015,13.0,5.0,4.0,0.38461538461538464,0.8,Oakland,Alameda,Oakland Unified,01612590112797,K-12 Schools (Public),False,,,,,,43.0,69.8,3.0,19.0,7.0,0.0,1.0,476.0,444.0,0.9327731092436976,,,,
COLISEUM COLLEGE PREP ACADEMY,2016,27.0,23.0,16.0,0.8518518518518519,0.6956521739130435,Oakland,Alameda,Oakland Unified,01612590112797,K-12 Schools (Public),False,,,,,,53.0,90.6,15.0,14.0,10.0,4.0,5.0,482.0,461.0,0.9564315352697096,2562.4,2536.1,47.0,27.0
COLISEUM COLLEGE PREP ACADEMY,2017,30.0,15.0,8.0,0.5,0.5333333333333333,Oakland,Alameda,Oakland Unified,01612590112797,K-12 Schools (Public),False,57.0,52.0,91.2,44.0,84.6,57.0,66.7,6.0,20.0,9.0,2.0,1.0,475.0,447.0,0.9410526315789474,2527.6,2496.6,29.0,13.0
COLISEUM COLLEGE PREP ACADEMY,2018,38.0,27.0,17.0,0.7105263157894737,0.6296296296296297,Oakland,Alameda,Oakland Unified,01612590112797,K-12 Schools (Public),False,65.0,63.0,96.9,49.0,77.8,66.0,72.7,14.0,20.0,9.0,0.0,5.0,475.0,449.0,0.9452631578947368,2562.2,2531.2,42.42,22.73
COLISEUM COLLEGE PREP ACADEMY,2019,37.0,27.0,15.0,0.7297297297297297,0.5555555555555556,Oakland,Alameda,Oakland Unified,01612590112797,K-12 Schools (Public),False,64.0,57.0,89.1,0.0,0.0,58.0,69.0,15.0,18.0,3.0,0.0,4.0,486.0,457.0,0.940329218106996,2577.0,2545.1,52.38,26.98
COLISEUM COLLEGE PREP ACADEMY,2020,33.0,30.0,7.0,0.9090909090909091,0.23333333333333334,Oakland,Alameda,Oakland Unified,01612590112797,K-12 Schools (Public),False,61.0,60.0,98.4,58.0,96.7,64.0,59.4,4.0,20.0,4.0,3.0,7.0,552.0,523.0,0.947463768115942,2548.0,2513.1,32.81,17.19
COLISEUM COLLEGE PREP ACADEMY,2021,21.0,20.0,5.0,0.9523809523809523,0.25,Oakland,Alameda,Oakland Unified,01612590112797,K-12 Schools (Public),False,64.0,61.0,95.3,49.0,80.3,61.0,52.5,5.0,16.0,7.0,2.0,2.0,599.0,572.0,0.9549248747913188,,,,
COLISEUM COLLEGE PREP ACADEMY,2022,36.0,32.0,9.0,0.8888888888888888,0.28125,Oakland,Alameda,Oakland Unified,01612590112797,K-12 Schools (Public),False,73.0,61.0,83.6,54.0,88.5,62.0,74.2,9.0,19.0,14.0,0.0,4.0,,,,2552.9,2504.5,41.94,9.52
COLISEUM COLLEGE PREP ACADEMY,2023,43.0,42.0,24.0,0.9767441860465116,0.5714285714285714,Oakland,Alameda,Oakland Unified,01612590112797,K-12 Schools (Public),False,61.0,57.0,93.4,51.0,89.5,61.0,90.2,23.0,20.0,9.0,1.0,2.0,700.0,677.0,0.9671428571428572,2577.7,2500.4,54.1,11.48
COLISEUM COLLEGE PREP ACADEMY,2024,33.0,31.0,17.0,0.9393939393939394,0.5483870967741935,Oakland,Alameda,Oakland Unified,01612590112797,K-12 Schools (Public),False,71.0,65.0,91.5,56.0,86.2,,,,,,,,780.0,766.0,0.982051282051282,2559.3,2488.6,46.88,10.94
COLISEUM COLLEGE PREP ACADEMY,2025,43.0,43.0,15.0,1.0,0.3488372093023256,Oakland,Alameda,Oakland Unified,01612590112797,K-12 Schools (Public),False,68.0,63.0,92.6,58.0,92.1,,,,,,,,861.0,850.0,0.9872241579558652,2584.1,2519.8,56.25,9.38
COLLEGE PARK HIGH SCHOOL,2005,122.0,113.0,67.0,0.9262295081967213,0.5929203539823009,Pleasant Hill,Contra Costa,Mt. Diablo Unified,07617540731646,High Schools (Public),False,,,,,,,,,,,,,,,,,,,
COLLEGE PARK HIGH SCHOOL,2006,103.0,96.0,61.0,0.9320388349514563,0.6354166666666666,Pleasant Hill,Contra Costa,Mt. Diablo Unified,07617540731646,High Schools (Public),False,,,,,,,,,,,,,,,,,,,
COLLEGE PARK HIGH SCHOOL,2007,101.0,93.0,41.0,0.9207920792079208,0.44086021505376344,Pleasant Hill,Contra Costa,Mt. Diablo Unified,07617540731646,High Schools (Public),False,,,,,,,,,,,,,,,,,,,
COLLEGE PARK HIGH SCHOOL,2008,115.0,109.0,57.0,0.9478260869565217,0.5229357798165137,Pleasant Hill,Contra Costa,Mt. Diablo Unified,07617540731646,High Schools (Public),False,,,,,,,,,,,,,,,,,,,
COLLEGE PARK HIGH SCHOOL,2009,120.0,104.0,45.0,0.8666666666666667,0.4326923076923077,Pleasant Hill,Contra Costa,Mt. Diablo Unified,07617540731646,High Schools (Public),False,,,,,,,,,,,,,,,,,,,
COLLEGE PARK HIGH SCHOOL,2010,96.0,92.0,42.0,0.9583333333333334,0.45652173913043476,Pleasant Hill,Contra Costa,Mt. Diablo Unified,07617540731646,High Schools (Public),False,,,,,,,,,,,,,,,,,,,
COLLEGE PARK HIGH SCHOOL,2011,96.0,74.0,42.0,0.7708333333333334,0.5675675675675675,Pleasant Hill,Contra Costa,Mt. Diablo Unified,07617540731646,High Schools (Public),False,,,,,,,,,,,,,,,,,,,
COLLEGE PARK HIGH SCHOOL,2012,98.0,70.0,39.0,0.7142857142857143,0.5571428571428572,Pleasant Hill,Contra Costa,Mt. Diablo Unified,07617540731646,High Schools (Public),False,,,,,,,,,,,,,,,,,,,
COLLEGE PARK HIGH SCHOOL,2013,105.0,65.0,38.0,0.6190476190476191,0.5846153846153846,Pleasant Hill,Contra Costa,Mt. Diablo Unified,07617540731646,High Schools (Public),False,,,,,,,,,,,,,,,,,,,
COLLEGE PARK HIGH SCHOOL,2014,79.0,50.0,23.0,0.6329113924050633,0.46,Pleasant Hill,Contra Costa,Mt. Diablo Unified,07617540731646,High Schools (Public),False,,,,,,,,,,,,,1949.0,,,,,,
COLLEGE PARK HIGH SCHOOL,2015,106.0,68.0,43.0,0.6415094339622641,0.6323529411764706,Pleasant Hill,Contra Costa,Mt. Diablo Unified,07617540731646,High Schools (Public),False,,,,,,446.0,79.8,35.0,43.0,229.0,8.0,41.0,2022.0,472.0,0.2334322453016815,,,,
COLLEGE PARK HIGH SCHOOL,2016,81.0,56.0,26.0,0.691358024691358,0.4642857142857143,Pleasant Hill,Contra Costa,Mt. Diablo Unified,07617540731646,High Schools (Public),False,,,,,,423.0,79.9,25.0,51.0,206.0,13.0,43.0,2013.0,435.0,0.2160953800298062,2610.3,2641.9,65.0,58.0
COLLEGE PARK HIGH SCHOOL,2017,128.0,69.0,38.0,0.5390625,0.5507246376811594,Pleasant Hill,Contra Costa,Mt. Diablo Unified,07617540731646,High Schools (Public),False,505.0,490.0,97.0,269.0,54.9,500.0,81.6,35.0,85.0,231.0,20.0,37.0,2054.0,418.0,0.2035053554040896,2653.3,2639.4,81.0,56.0
COLLEGE PARK HIGH SCHOOL,2018,113.0,65.0,40.0,0.5752212389380531,0.6153846153846154,Pleasant Hill,Contra Costa,Mt. Diablo Unified,07617540731646,High Schools (Public),False,467.0,454.0,97.2,239.0,52.6,459.0,80.2,38.0,63.0,179.0,21.0,67.0,2022.0,451.0,0.2230464886251236,2647.7,2622.3,77.73,47.52
COLLEGE PARK HIGH SCHOOL,2019,115.0,68.0,32.0,0.591304347826087,0.47058823529411764,Pleasant Hill,Contra Costa,Mt. Diablo Unified,07617540731646,High Schools (Public),False,448.0,434.0,96.9,209.0,48.2,436.0,79.4,34.0,54.0,189.0,12.0,57.0,2036.0,520.0,0.2554027504911591,2637.3,2631.3,72.92,54.5
COLLEGE PARK HIGH SCHOOL,2020,93.0,65.0,34.0,0.6989247311827957,0.5230769230769231,Pleasant Hill,Contra Costa,Mt. Diablo Unified,07617540731646,High Schools (Public),False,448.0,437.0,97.5,235.0,53.8,438.0,76.0,31.0,51.0,180.0,19.0,52.0,2015.0,419.0,0.207940446650124,2637.6,2620.7,74.36,48.01
COLLEGE PARK HIGH SCHOOL,2021,135.0,70.0,42.0,0.5185185185185185,0.6,Pleasant Hill,Contra Costa,Mt. Diablo Unified,07617540731646,High Schools (Public),False,487.0,468.0,96.1,242.0,51.7,471.0,79.0,43.0,54.0,205.0,8.0,62.0,2050.0,453.0,0.2209756097560975,,,,
COLLEGE PARK HIGH SCHOOL,2022,150.0,92.0,52.0,0.6133333333333333,0.5652173913043478,Pleasant Hill,Contra Costa,Mt. Diablo Unified,07617540731646,High Schools (Public),False,485.0,464.0,95.7,260.0,56.0,466.0,80.7,50.0,58.0,205.0,12.0,51.0,,,,2639.4,2644.2,69.73,56.44
COLLEGE PARK HIGH SCHOOL,2023,130.0,78.0,44.0,0.6,0.5641025641025641,Pleasant Hill,Contra Costa,Mt. Diablo Unified,07617540731646,High Schools (Public),False,470.0,442.0,94.0,232.0,52.5,442.0,80.8,44.0,61.0,196.0,11.0,45.0,1956.0,342.0,0.1748466257668711,2617.8,2606.8,63.44,45.45
COLLEGE PARK HIGH SCHOOL,2024,146.0,95.0,50.0,0.6506849315068494,0.5263157894736842,Pleasant Hill,Contra Costa,Mt. Diablo Unified,07617540731646,High Schools (Public),False,488.0,479.0,98.2,242.0,50.5,,,,,,,,1997.0,404.0,0.2023034551827741,2632.9,2612.2,69.2,47.59
COLLEGE PARK HIGH SCHOOL,2025,154.0,118.0,58.0,0.7662337662337663,0.4915254237288136,Pleasant Hill,Contra Costa,Mt. Diablo Unified,07617540731646,High Schools (Public),False,496.0,471.0,95.0,236.0,50.1,,,,,,,,1948.0,789.0,0.4050308008213552,2621.4,2600.9,64.09,40.96
COLLEGE PREP AND ARCH ACADEMY,2005,8.0,5.0,4.0,0.625,0.8,Oakland,Alameda,,,,,,,,,,,,,,,,,,,,,,,
COLLEGE PREP AND ARCH ACADEMY,2007,15.0,9.0,4.0,0.6,0.4444444444444444,Oakland,Alameda,,,,,,,,,,,,,,,,,,,,,,,
COLLEGE PREP AND ARCH ACADEMY,2008,11.0,8.0,7.0,0.7272727272727273,0.875,Oakland,Alameda,,,,,,,,,,,,,,,,,,,,,,,
COLLEGE PREP AND ARCH ACADEMY,2009,18.0,13.0,6.0,0.7222222222222222,0.46153846153846156,Oakland,Alameda,,,,,,,,,,,,,,,,,,,,,,,
COLLEGE PREP AND ARCH ACADEMY,2010,15.0,9.0,6.0,0.6,0.6666666666666666,Oakland,Alameda,,,,,,,,,,,,,,,,,,,,,,,
COLLEGE PREP AND ARCH ACADEMY,2011,11.0,3.0,3.0,0.2727272727272727,1.0,Oakland,Alameda,,,,,,,,,,,,,,,,,,,,,,,
COLLEGE PREP AND ARCH ACADEMY,2012,14.0,9.0,5.0,0.6428571428571429,0.5555555555555556,Oakland,Alameda,,,,,,,,,,,,,,,,,,,,,,,
CONCORD HIGH SCHOOL,2005,37.0,31.0,17.0,0.8378378378378378,0.5483870967741935,Concord,Contra Costa,Mt. Diablo Unified,07617540731836,High Schools (Public),False,,,,,,,,,,,,,,,,,,,
CONCORD HIGH SCHOOL,2006,41.0,37.0,20.0,0.9024390243902439,0.5405405405405406,Concord,Contra Costa,Mt. Diablo Unified,07617540731836,High Schools (Public),False,,,,,,,,,,,,,,,,,,,
CONCORD HIGH SCHOOL,2007,28.0,26.0,13.0,0.9285714285714286,0.5,Concord,Contra Costa,Mt. Diablo Unified,07617540731836,High Schools (Public),False,,,,,,,,,,,,,,,,,,,
CONCORD HIGH SCHOOL,2008,52.0,46.0,19.0,0.8846153846153846,0.41304347826086957,Concord,Contra Costa,Mt. Diablo Unified,07617540731836,High Schools (Public),False,,,,,,,,,,,,,,,,,,,
CONCORD HIGH SCHOOL,2009,39.0,35.0,15.0,0.8974358974358975,0.42857142857142855,Concord,Contra Costa,Mt. Diablo Unified,07617540731836,High Schools (Public),False,,,,,,,,,,,,,,,,,,,
CONCORD HIGH SCHOOL,2010,38.0,33.0,18.0,0.868421052631579,0.5454545454545454,Concord,Contra Costa,Mt. Diablo Unified,07617540731836,High Schools (Public),False,,,,,,,,,,,,,,,,,,,
CONCORD HIGH SCHOOL,2011,33.0,24.0,17.0,0.7272727272727273,0.7083333333333334,Concord,Contra Costa,Mt. Diablo Unified,07617540731836,High Schools (Public),False,,,,,,,,,,,,,,,,,,,
CONCORD HIGH SCHOOL,2012,40.0,26.0,13.0,0.65,0.5,Concord,Contra Costa,Mt. Diablo Unified,07617540731836,High Schools (Public),False,,,,,,,,,,,,,,,,,,,
CONCORD HIGH SCHOOL,2013,40.0,33.0,21.0,0.825,0.6363636363636364,Concord,Contra Costa,Mt. Diablo Unified,07617540731836,High Schools (Public),False,,,,,,,,,,,,,,,,,,,
CONCORD HIGH SCHOOL,2014,46.0,30.0,19.0,0.6521739130434783,0.6333333333333333,Concord,Contra Costa,Mt. Diablo Unified,07617540731836,High Schools (Public),False,,,,,,,,,,,,,1467.0,,,,,,
CONCORD HIGH SCHOOL,2015,40.0,20.0,10.0,0.5,0.5,Concord,Contra Costa,Mt. Diablo Unified,07617540731836,High Schools (Public),False,,,,,,315.0,68.6,11.0,23.0,156.0,9.0,17.0,1544.0,746.0,0.483160621761658,,,,
CONCORD HIGH SCHOOL,2016,42.0,24.0,16.0,0.5714285714285714,0.6666666666666666,Concord,Contra Costa,Mt. Diablo Unified,07617540731836,High Schools (Public),False,,,,,,300.0,70.3,15.0,36.0,138.0,4.0,18.0,1555.0,730.0,0.4694533762057878,2573.9,2576.0,50.0,34.0
CONCORD HIGH SCHOOL,2017,45.0,34.0,23.0,0.7555555555555555,0.6764705882352942,Concord,Contra Costa,Mt. Diablo Unified,07617540731836,High Schools (Public),False,304.0,276.0,90.8,113.0,40.9,279.0,72.4,21.0,26.0,141.0,4.0,10.0,1489.0,701.0,0.470785762256548,2581.2,2566.1,52.0,27.0
CONCORD HIGH SCHOOL,2018,62.0,43.0,26.0,0.6935483870967742,0.6046511627906976,Concord,Contra Costa,Mt. Diablo Unified,07617540731836,High Schools (Public),False,385.0,360.0,93.5,141.0,39.2,362.0,69.1,23.0,30.0,176.0,8.0,13.0,1482.0,732.0,0.4939271255060729,2580.5,2559.1,51.67,27.4
CONCORD HIGH SCHOOL,2019,71.0,42.0,23.0,0.5915492957746479,0.5476190476190477,Concord,Contra Costa,Mt. Diablo Unified,07617540731836,High Schools (Public),False,370.0,346.0,93.5,140.0,40.5,349.0,59.3,23.0,29.0,138.0,8.0,9.0,1385.0,740.0,0.5342960288808665,2582.6,2563.6,50.76,30.24
CONCORD HIGH SCHOOL,2020,52.0,35.0,18.0,0.6730769230769231,0.5142857142857142,Concord,Contra Costa,Mt. Diablo Unified,07617540731836,High Schools (Public),False,311.0,296.0,95.2,130.0,43.9,298.0,66.4,18.0,29.0,129.0,6.0,16.0,1295.0,639.0,0.4934362934362934,2590.6,2570.6,55.56,28.78
CONCORD HIGH SCHOOL,2021,59.0,36.0,25.0,0.6101694915254238,0.6944444444444444,Concord,Contra Costa,Mt. Diablo Unified,07617540731836,High Schools (Public),False,284.0,268.0,94.4,122.0,45.5,267.0,64.8,25.0,27.0,96.0,7.0,18.0,1187.0,558.0,0.4700926705981466,,,,
CONCORD HIGH SCHOOL,2022,63.0,34.0,14.0,0.5396825396825397,0.4117647058823529,Concord,Contra Costa,Mt. Diablo Unified,07617540731836,High Schools (Public),False,283.0,264.0,93.3,111.0,42.0,268.0,69.8,13.0,21.0,133.0,8.0,12.0,,,,2549.1,2562.6,39.05,27.34
CONCORD HIGH SCHOOL,2023,38.0,30.0,11.0,0.7894736842105263,0.36666666666666664,Concord,Contra Costa,Mt. Diablo Unified,07617540731836,High Schools (Public),False,300.0,276.0,92.0,104.0,37.7,277.0,64.6,11.0,19.0,134.0,4.0,11.0,1167.0,438.0,0.3753213367609254,2572.1,2523.1,48.84,15.32
CONCORD HIGH SCHOOL,2024,40.0,27.0,8.0,0.675,0.2962962962962963,Concord,Contra Costa,Mt. Diablo Unified,07617540731836,High Schools (Public),False,271.0,254.0,93.7,74.0,29.1,,,,,,,,1118.0,473.0,0.4230769230769231,2564.2,2495.4,46.39,11.2
CONCORD HIGH SCHOOL,2025,41.0,27.0,16.0,0.6585365853658537,0.5925925925925926,Concord,Contra Costa,Mt. Diablo Unified,07617540731836,High Schools (Public),False,288.0,266.0,92.4,96.0,36.1,,,,,,,,1137.0,791.0,0.6956904133685137,2551.2,2505.5,44.9,16.6
CONSERVATORY VOCAL/INSTRM ARTS,2018,5.0,3,,0.6,,Oakland,Alameda,,,,,,,,,,,,,,,,,,,,,,,
CONSERVATORY VOCAL/INSTRM ARTS,2020,5.0,3,,0.6,,Oakland,Alameda,,,,,,,,,,,,,,,,,,,,,,,
CONTRA COSTA SCH PRFRMING ARTS,2020,10.0,5,,0.5,,Walnut Creek,Contra Costa,,,,,,,,,,,,,,,,,,,,,,,
CONTRA COSTA SCH PRFRMING ARTS,2021,5.0,3,,0.6,,Walnut Creek,Contra Costa,,,,,,,,,,,,,,,,,,,,,,,
CONTRA COSTA SCH PRFRMING ARTS,2022,7.0,4,,0.5714285714285714,,Walnut Creek,Contra Costa,,,,,,,,,,,,,,,,,,,,,,,
CONTRA COSTA SCH PRFRMING ARTS,2023,5.0,,,,,Walnut Creek,Contra Costa,,,,,,,,,,,,,,,,,,,,,,,
CONTRA COSTA SCH PRFRMING ARTS,2024,8.0,5,,0.625,,Walnut Creek,Contra Costa,,,,,,,,,,,,,,,,,,,,,,,
CREDO HIGH SCHOOL ARTS/LETTERS/SCI,2016,11.0,7,,0.6363636363636364,,Rohnert Park,Sonoma,,,,,,,,,,,,,,,,,,,,,,,
CREDO HIGH SCHOOL ARTS/LETTERS/SCI,2017,6.0,4.0,3.0,0.6666666666666666,0.75,Rohnert Park,Sonoma,,,,,,,,,,,,,,,,,,,,,,,
CREDO HIGH SCHOOL ARTS/LETTERS/SCI,2018,12.0,8.0,3.0,0.6666666666666666,0.375,Rohnert Park,Sonoma,,,,,,,,,,,,,,,,,,,,,,,
CREDO HIGH SCHOOL ARTS/LETTERS/SCI,2019,9.0,5.0,5.0,0.5555555555555556,1.0,Rohnert Park,Sonoma,,,,,,,,,,,,,,,,,,,,,,,
CREDO HIGH SCHOOL ARTS/LETTERS/SCI,2020,21.0,13.0,8.0,0.6190476190476191,0.6153846153846154,Rohnert Park,Sonoma,,,,,,,,,,,,,,,,,,,,,,,
CREDO HIGH SCHOOL ARTS/LETTERS/SCI,2021,27.0,19.0,11.0,0.7037037037037037,0.5789473684210527,Rohnert Park,Sonoma,,,,,,,,,,,,,,,,,,,,,,,
CREDO HIGH SCHOOL ARTS/LETTERS/SCI,2022,42.0,28.0,17.0,0.6666666666666666,0.6071428571428571,Rohnert Park,Sonoma,,,,,,,,,,,,,,,,,,,,,,,
CREDO HIGH SCHOOL ARTS/LETTERS/SCI,2023,34.0,26.0,13.0,0.7647058823529411,0.5,Rohnert Park,Sonoma,,,,,,,,,,,,,,,,,,,,,,,
CREDO HIGH SCHOOL ARTS/LETTERS/SCI,2024,32.0,23.0,10.0,0.71875,0.43478260869565216,Rohnert Park,Sonoma,,,,,,,,,,,,,,,,,,,,,,,
CREDO HIGH SCHOOL ARTS/LETTERS/SCI,2025,28.0,19.0,9.0,0.6785714285714286,0.47368421052631576,Rohnert Park,Sonoma,,,,,,,,,,,,,,,,,,,,,,,
CUPERTINO HIGH SCHOOL,2005,144.0,138.0,86.0,0.9583333333333334,0.6231884057971014,Cupertino,Santa Clara,Fremont Union High,43694684331799,High Schools (Public),False,,,,,,,,,,,,,,,,,,,
CUPERTINO HIGH SCHOOL,2006,149.0,140.0,89.0,0.9395973154362416,0.6357142857142857,Cupertino,Santa Clara,Fremont Union High,43694684331799,High Schools (Public),False,,,,,,,,,,,,,,,,,,,
CUPERTINO HIGH SCHOOL,2007,138.0,131.0,84.0,0.9492753623188406,0.6412213740458015,Cupertino,Santa Clara,Fremont Union High,43694684331799,High Schools (Public),False,,,,,,,,,,,,,,,,,,,
CUPERTINO HIGH SCHOOL,2008,129.0,123.0,78.0,0.9534883720930233,0.6341463414634146,Cupertino,Santa Clara,Fremont Union High,43694684331799,High Schools (Public),False,,,,,,,,,,,,,,,,,,,
CUPERTINO HIGH SCHOOL,2009,165.0,153.0,83.0,0.9272727272727272,0.5424836601307189,Cupertino,Santa Clara,Fremont Union High,43694684331799,High Schools (Public),False,,,,,,,,,,,,,,,,,,,
CUPERTINO HIGH SCHOOL,2010,155.0,140.0,82.0,0.9032258064516129,0.5857142857142857,Cupertino,Santa Clara,Fremont Union High,43694684331799,High Schools (Public),False,,,,,,,,,,,,,,,,,,,
CUPERTINO HIGH SCHOOL,2011,210.0,173.0,91.0,0.8238095238095238,0.5260115606936416,Cupertino,Santa Clara,Fremont Union High,43694684331799,High Schools (Public),False,,,,,,,,,,,,,,,,,,,
CUPERTINO HIGH SCHOOL,2012,214.0,175.0,86.0,0.8177570093457944,0.49142857142857144,Cupertino,Santa Clara,Fremont Union High,43694684331799,High Schools (Public),False,,,,,,,,,,,,,,,,,,,
CUPERTINO HIGH SCHOOL,2013,217.0,167.0,89.0,0.7695852534562212,0.5329341317365269,Cupertino,Santa Clara,Fremont Union High,43694684331799,High Schools (Public),False,,,,,,,,,,,,,,,,,,,
CUPERTINO HIGH SCHOOL,2014,252.0,189.0,103.0,0.75,0.544973544973545,Cupertino,Santa Clara,Fremont Union High,43694684331799,High Schools (Public),False,,,,,,,,,,,,,2079.0,,,,,,
CUPERTINO HIGH SCHOOL,2015,284.0,204.0,100.0,0.7183098591549296,0.49019607843137253,Cupertino,Santa Clara,Fremont Union High,43694684331799,High Schools (Public),False,,,,,,504.0,74.0,80.0,71.0,114.0,29.0,79.0,2168.0,211.0,0.0973247232472324,,,,
CUPERTINO HIGH SCHOOL,2016,304.0,258.0,135.0,0.8486842105263158,0.5232558139534884,Cupertino,Santa Clara,Fremont Union High,43694684331799,High Schools (Public),False,,,,,,508.0,84.3,129.0,67.0,131.0,25.0,76.0,2245.0,190.0,0.0846325167037861,2682.1,2721.2,85.0,83.0
CUPERTINO HIGH SCHOOL,2017,334.0,270.0,151.0,0.8083832335329342,0.5592592592592592,Cupertino,Santa Clara,Fremont Union High,43694684331799,High Schools (Public),False,546.0,524.0,96.0,418.0,79.8,532.0,85.7,142.0,59.0,133.0,34.0,88.0,2315.0,154.0,0.0665226781857451,2689.1,2732.8,87.0,83.0
CUPERTINO HIGH SCHOOL,2018,378.0,293.0,140.0,0.7751322751322751,0.4778156996587031,Cupertino,Santa Clara,Fremont Union High,43694684331799,High Schools (Public),False,564.0,546.0,96.8,470.0,86.1,553.0,89.5,131.0,66.0,130.0,35.0,133.0,2295.0,249.0,0.1084967320261438,2706.2,2738.8,90.28,84.3
CUPERTINO HIGH SCHOOL,2019,397.0,300.0,149.0,0.7556675062972292,0.49666666666666665,Cupertino,Santa Clara,Fremont Union High,43694684331799,High Schools (Public),False,607.0,595.0,98.0,498.0,83.7,600.0,90.8,140.0,82.0,165.0,33.0,125.0,2305.0,213.0,0.092407809110629,2682.8,2718.1,83.45,78.95
CUPERTINO HIGH SCHOOL,2020,369.0,325.0,167.0,0.8807588075880759,0.5138461538461538,Cupertino,Santa Clara,Fremont Union High,43694684331799,High Schools (Public),False,552.0,529.0,95.8,463.0,87.5,536.0,89.6,155.0,59.0,122.0,31.0,113.0,2278.0,186.0,0.0816505706760316,2677.0,2733.5,80.92,84.1
CUPERTINO HIGH SCHOOL,2021,383.0,285.0,127.0,0.7441253263707572,0.4456140350877193,Cupertino,Santa Clara,Fremont Union High,43694684331799,High Schools (Public),False,527.0,510.0,96.8,448.0,87.8,518.0,89.4,117.0,67.0,117.0,23.0,139.0,2198.0,186.0,0.0846223839854413,,,,
CUPERTINO HIGH SCHOOL,2022,427.0,358.0,189.0,0.8384074941451991,0.5279329608938548,Cupertino,Santa Clara,Fremont Union High,43694684331799,High Schools (Public),False,567.0,559.0,98.6,480.0,85.9,566.0,89.2,182.0,64.0,113.0,22.0,124.0,,,,2742.0,2804.7,96.94,96.81
CUPERTINO HIGH SCHOOL,2023,392.0,333.0,142.0,0.8494897959183674,0.4264264264264264,Cupertino,Santa Clara,Fremont Union High,43694684331799,High Schools (Public),False,570.0,554.0,97.2,464.0,83.8,562.0,86.3,128.0,71.0,132.0,22.0,132.0,1997.0,172.0,0.086129193790686,2695.1,2723.8,87.0,77.88
CUPERTINO HIGH SCHOOL,2024,349.0,299.0,149.0,0.8567335243553008,0.4983277591973244,Cupertino,Santa Clara,Fremont Union High,43694684331799,High Schools (Public),False,486.0,469.0,96.5,409.0,87.2,,,,,,,,1811.0,147.0,0.0811706239646604,2698.7,2746.0,87.55,81.8
CUPERTINO HIGH SCHOOL,2025,331.0,306.0,138.0,0.9244712990936556,0.45098039215686275,Cupertino,Santa Clara,Fremont Union High,43694684331799,High Schools (Public),False,491.0,481.0,98.0,406.0,84.4,,,,,,,,1800.0,184.0,0.1022222222222222,2702.1,2749.9,85.9,81.37
DE ANZA HIGH SCHOOL,2005,52.0,46.0,32.0,0.8846153846153846,0.6956521739130435,Richmond,Contra Costa,West Contra Costa Unified,07617960732164,High Schools (Public),False,,,,,,,,,,,,,,,,,,,
DE ANZA HIGH SCHOOL,2006,38.0,28.0,19.0,0.7368421052631579,0.6785714285714286,Richmond,Contra Costa,West Contra Costa Unified,07617960732164,High Schools (Public),False,,,,,,,,,,,,,,,,,,,
DE ANZA HIGH SCHOOL,2007,32.0,25.0,14.0,0.78125,0.56,Richmond,Contra Costa,West Contra Costa Unified,07617960732164,High Schools (Public),False,,,,,,,,,,,,,,,,,,,
DE ANZA HIGH SCHOOL,2008,32.0,26.0,19.0,0.8125,0.7307692307692307,Richmond,Contra Costa,West Contra Costa Unified,07617960732164,High Schools (Public),False,,,,,,,,,,,,,,,,,,,
DE ANZA HIGH SCHOOL,2009,28.0,24.0,15.0,0.8571428571428571,0.625,Richmond,Contra Costa,West Contra Costa Unified,07617960732164,High Schools (Public),False,,,,,,,,,,,,,,,,,,,
DE ANZA HIGH SCHOOL,2010,16.0,13.0,10.0,0.8125,0.7692307692307693,Richmond,Contra Costa,West Contra Costa Unified,07617960732164,High Schools (Public),False,,,,,,,,,,,,,,,,,,,
DE ANZA HIGH SCHOOL,2011,26.0,22.0,15.0,0.8461538461538461,0.6818181818181818,Richmond,Contra Costa,West Contra Costa Unified,07617960732164,High Schools (Public),False,,,,,,,,,,,,,,,,,,,
DE ANZA HIGH SCHOOL,2012,19.0,10.0,8.0,0.5263157894736842,0.8,Richmond,Contra Costa,West Contra Costa Unified,07617960732164,High Schools (Public),False,,,,,,,,,,,,,,,,,,,
DE ANZA HIGH SCHOOL,2013,26.0,17.0,8.0,0.6538461538461539,0.47058823529411764,Richmond,Contra Costa,West Contra Costa Unified,07617960732164,High Schools (Public),False,,,,,,,,,,,,,,,,,,,
DE ANZA HIGH SCHOOL,2014,30.0,17.0,11.0,0.5666666666666667,0.6470588235294118,Richmond,Contra Costa,West Contra Costa Unified,07617960732164,High Schools (Public),False,,,,,,,,,,,,,1124.0,,,,,,
DE ANZA HIGH SCHOOL,2015,43.0,22.0,15.0,0.5116279069767442,0.6818181818181818,Richmond,Contra Costa,West Contra Costa Unified,07617960732164,High Schools (Public),False,,,,,,224.0,57.1,10.0,21.0,82.0,3.0,12.0,1263.0,884.0,0.6999208234362628,,,,
DE ANZA HIGH SCHOOL,2016,59.0,34.0,22.0,0.576271186440678,0.6470588235294118,Richmond,Contra Costa,West Contra Costa Unified,07617960732164,High Schools (Public),False,,,,,,279.0,68.8,20.0,35.0,128.0,3.0,6.0,1329.0,905.0,0.6809631301730624,2540.1,2486.9,38.0,10.0
DE ANZA HIGH SCHOOL,2017,56.0,38.0,21.0,0.6785714285714286,0.5526315789473685,Richmond,Contra Costa,West Contra Costa Unified,07617960732164,High Schools (Public),False,291.0,264.0,90.7,141.0,53.4,266.0,75.9,21.0,31.0,140.0,2.0,8.0,1331.0,898.0,0.6746806912096168,2517.1,2504.1,30.0,13.0
DE ANZA HIGH SCHOOL,2018,89.0,49.0,31.0,0.550561797752809,0.6326530612244898,Richmond,Contra Costa,West Contra Costa Unified,07617960732164,High Schools (Public),False,346.0,308.0,89.0,156.0,50.6,312.0,67.9,32.0,32.0,140.0,1.0,7.0,1382.0,971.0,0.7026049204052098,2538.1,2498.2,34.85,10.78
DE ANZA HIGH SCHOOL,2019,83.0,59.0,35.0,0.7108433734939759,0.5932203389830508,Richmond,Contra Costa,West Contra Costa Unified,07617960732164,High Schools (Public),False,335.0,307.0,91.6,180.0,58.6,307.0,67.1,32.0,32.0,123.0,6.0,13.0,1368.0,991.0,0.7244152046783626,2573.4,2519.9,45.7,13.62
DE ANZA HIGH SCHOOL,2020,88.0,56.0,40.0,0.6363636363636364,0.7142857142857143,Richmond,Contra Costa,West Contra Costa Unified,07617960732164,High Schools (Public),False,345.0,321.0,93.0,190.0,59.2,322.0,61.5,39.0,36.0,103.0,4.0,16.0,1401.0,873.0,0.6231263383297645,2561.3,2504.7,45.25,11.55
DE ANZA HIGH SCHOOL,2021,77.0,63.0,37.0,0.8181818181818182,0.5873015873015873,Richmond,Contra Costa,West Contra Costa Unified,07617960732164,High Schools (Public),False,340.0,304.0,89.4,157.0,51.6,301.0,60.1,34.0,25.0,108.0,5.0,9.0,1380.0,1063.0,0.7702898550724637,,,,
DE ANZA HIGH SCHOOL,2022,98.0,72.0,43.0,0.7346938775510204,0.5972222222222222,Richmond,Contra Costa,West Contra Costa Unified,07617960732164,High Schools (Public),False,338.0,288.0,85.2,160.0,55.6,297.0,65.7,41.0,35.0,105.0,4.0,10.0,,,,,,,
DE ANZA HIGH SCHOOL,2023,94.0,67.0,38.0,0.7127659574468085,0.5671641791044776,Richmond,Contra Costa,West Contra Costa Unified,07617960732164,High Schools (Public),False,321.0,276.0,86.0,142.0,51.4,280.0,61.1,37.0,40.0,82.0,3.0,9.0,1237.0,734.0,0.5933710590137429,2540.4,2488.9,38.83,12.93
DE ANZA HIGH SCHOOL,2024,72.0,49.0,27.0,0.6805555555555556,0.5510204081632653,Richmond,Contra Costa,West Contra Costa Unified,07617960732164,High Schools (Public),False,311.0,265.0,85.2,130.0,49.1,,,,,,,,1103.0,816.0,0.7398005439709883,2535.7,2477.5,38.13,14.23
DE ANZA HIGH SCHOOL,2025,57.0,41.0,19.0,0.7192982456140351,0.4634146341463415,Richmond,Contra Costa,West Contra Costa Unified,07617960732164,High Schools (Public),False,292.0,249.0,85.3,91.0,36.5,,,,,,,,1047.0,901.0,0.8605539637058262,2498.4,2460.5,27.06,8.27
DECOTO SCHL INDEPENDENT STUDY,2025,6.0,3,,0.5,,Union City,Alameda,,,,,,,,,,,,,,,,,,,,,,,
DEER VALLEY HIGH SCHOOL,2005,82.0,59.0,38.0,0.7195121951219512,0.6440677966101694,Antioch,Contra Costa,Antioch Unified,07616480730465,High Schools (Public),False,,,,,,,,,,,,,,,,,,,
DEER VALLEY HIGH SCHOOL,2006,92.0,72.0,40.0,0.782608695652174,0.5555555555555556,Antioch,Contra Costa,Antioch Unified,07616480730465,High Schools (Public),False,,,,,,,,,,,,,,,,,,,
DEER VALLEY HIGH SCHOOL,2007,64.0,54.0,35.0,0.84375,0.6481481481481481,Antioch,Contra Costa,Antioch Unified,07616480730465,High Schools (Public),False,,,,,,,,,,,,,,,,,,,
DEER VALLEY HIGH SCHOOL,2008,118.0,83.0,38.0,0.7033898305084746,0.4578313253012048,Antioch,Contra Costa,Antioch Unified,07616480730465,High Schools (Public),False,,,,,,,,,,,,,,,,,,,
DEER VALLEY HIGH SCHOOL,2009,77.0,61.0,36.0,0.7922077922077922,0.5901639344262295,Antioch,Contra Costa,Antioch Unified,07616480730465,High Schools (Public),False,,,,,,,,,,,,,,,,,,,
DEER VALLEY HIGH SCHOOL,2010,78.0,63.0,36.0,0.8076923076923077,0.5714285714285714,Antioch,Contra Costa,Antioch Unified,07616480730465,High Schools (Public),False,,,,,,,,,,,,,,,,,,,
DEER VALLEY HIGH SCHOOL,2011,75.0,43.0,24.0,0.5733333333333334,0.5581395348837209,Antioch,Contra Costa,Antioch Unified,07616480730465,High Schools (Public),False,,,,,,,,,,,,,,,,,,,
DEER VALLEY HIGH SCHOOL,2012,75.0,40.0,29.0,0.5333333333333333,0.725,Antioch,Contra Costa,Antioch Unified,07616480730465,High Schools (Public),False,,,,,,,,,,,,,,,,,,,
DEER VALLEY HIGH SCHOOL,2013,72.0,45.0,31.0,0.625,0.6888888888888889,Antioch,Contra Costa,Antioch Unified,07616480730465,High Schools (Public),False,,,,,,,,,,,,,,,,,,,
DEER VALLEY HIGH SCHOOL,2014,89.0,49.0,34.0,0.550561797752809,0.6938775510204082,Antioch,Contra Costa,Antioch Unified,07616480730465,High Schools (Public),False,,,,,,,,,,,,,2622.0,,,,,,
DEER VALLEY HIGH SCHOOL,2015,80.0,46.0,33.0,0.575,0.717391304347826,Antioch,Contra Costa,Antioch Unified,07616480730465,High Schools (Public),False,,,,,,589.0,70.3,29.0,60.0,271.0,17.0,37.0,2659.0,1437.0,0.5404287326062429,,,,
DEER VALLEY HIGH SCHOOL,2016,72.0,51.0,29.0,0.7083333333333334,0.5686274509803921,Antioch,Contra Costa,Antioch Unified,07616480730465,High Schools (Public),False,,,,,,561.0,74.2,25.0,37.0,314.0,11.0,29.0,2431.0,1319.0,0.5425750719868367,2578.8,2531.6,49.0,20.0
DEER VALLEY HIGH SCHOOL,2017,72.0,44.0,30.0,0.6111111111111112,0.6818181818181818,Antioch,Contra Costa,Antioch Unified,07616480730465,High Schools (Public),False,484.0,447.0,92.4,170.0,38.0,451.0,64.7,29.0,31.0,209.0,6.0,17.0,2156.0,1183.0,0.5487012987012987,2604.8,2571.6,63.0,32.0
DEER VALLEY HIGH SCHOOL,2018,98.0,58.0,37.0,0.5918367346938775,0.6379310344827587,Antioch,Contra Costa,Antioch Unified,07616480730465,High Schools (Public),False,585.0,551.0,94.2,173.0,31.4,555.0,73.9,34.0,40.0,294.0,11.0,31.0,2135.0,1163.0,0.5447306791569086,2596.8,2564.0,58.08,30.29
DEER VALLEY HIGH SCHOOL,2019,58.0,41.0,27.0,0.7068965517241379,0.6585365853658537,Antioch,Contra Costa,Antioch Unified,07616480730465,High Schools (Public),False,474.0,441.0,93.0,117.0,26.5,447.0,63.1,25.0,28.0,209.0,9.0,11.0,1986.0,1189.0,0.5986908358509567,2580.1,2541.1,53.03,25.97
DEER VALLEY HIGH SCHOOL,2020,44.0,34.0,23.0,0.7727272727272727,0.6764705882352942,Antioch,Contra Costa,Antioch Unified,07616480730465,High Schools (Public),False,401.0,379.0,94.5,105.0,27.7,387.0,58.1,21.0,16.0,163.0,5.0,20.0,1886.0,1097.0,0.5816542948038176,2582.3,2547.5,52.81,27.09
DEER VALLEY HIGH SCHOOL,2021,62.0,41.0,26.0,0.6612903225806451,0.6341463414634146,Antioch,Contra Costa,Antioch Unified,07616480730465,High Schools (Public),False,421.0,392.0,93.1,101.0,25.8,387.0,59.7,25.0,23.0,161.0,7.0,15.0,1908.0,1052.0,0.5513626834381551,,,,
DEER VALLEY HIGH SCHOOL,2022,50.0,36.0,14.0,0.72,0.3888888888888889,Antioch,Contra Costa,Antioch Unified,07616480730465,High Schools (Public),False,395.0,347.0,87.8,99.0,28.5,348.0,63.2,14.0,24.0,168.0,6.0,8.0,,,,2580.9,2589.0,51.35,34.29
DEER VALLEY HIGH SCHOOL,2023,71.0,50.0,30.0,0.704225352112676,0.6,Antioch,Contra Costa,Antioch Unified,07616480730465,High Schools (Public),False,403.0,359.0,89.1,78.0,21.7,359.0,63.5,29.0,27.0,157.0,4.0,11.0,1851.0,1311.0,0.7082658022690438,2571.1,2518.3,51.2,21.02
DEER VALLEY HIGH SCHOOL,2024,64.0,43.0,20.0,0.671875,0.46511627906976744,Antioch,Contra Costa,Antioch Unified,07616480730465,High Schools (Public),False,432.0,388.0,89.8,81.0,20.9,,,,,,,,1804.0,1368.0,0.7583148558758315,2583.0,2512.0,56.06,18.2
DEER VALLEY HIGH SCHOOL,2025,43.0,32.0,14.0,0.7441860465116279,0.4375,Antioch,Contra Costa,Antioch Unified,07616480730465,High Schools (Public),False,375.0,322.0,85.9,77.0,23.9,,,,,,,,1812.0,1496.0,0.82560706401766,2557.3,2494.3,47.57,12.67
DEL MAR HIGH SCHOOL,2005,28.0,25.0,14.0,0.8928571428571429,0.56,San Jose,Santa Clara,Campbell Union High,43694014331955,High Schools (Public),False,,,,,,,,,,,,,,,,,,,
DEL MAR HIGH SCHOOL,2006,24.0,21.0,11.0,0.875,0.5238095238095238,San Jose,Santa Clara,Campbell Union High,43694014331955,High Schools (Public),False,,,,,,,,,,,,,,,,,,,
DEL MAR HIGH SCHOOL,2007,29.0,27.0,18.0,0.9310344827586207,0.6666666666666666,San Jose,Santa Clara,Campbell Union High,43694014331955,High Schools (Public),False,,,,,,,,,,,,,,,,,,,
DEL MAR HIGH SCHOOL,2008,27.0,24.0,13.0,0.8888888888888888,0.5416666666666666,San Jose,Santa Clara,Campbell Union High,43694014331955,High Schools (Public),False,,,,,,,,,,,,,,,,,,,
DEL MAR HIGH SCHOOL,2009,33.0,27.0,13.0,0.8181818181818182,0.48148148148148145,San Jose,Santa Clara,Campbell Union High,43694014331955,High Schools (Public),False,,,,,,,,,,,,,,,,,,,
DEL MAR HIGH SCHOOL,2010,34.0,31.0,18.0,0.9117647058823529,0.5806451612903226,San Jose,Santa Clara,Campbell Union High,43694014331955,High Schools (Public),False,,,,,,,,,,,,,,,,,,,
DEL MAR HIGH SCHOOL,2011,38.0,28.0,15.0,0.7368421052631579,0.5357142857142857,San Jose,Santa Clara,Campbell Union High,43694014331955,High Schools (Public),False,,,,,,,,,,,,,,,,,,,
DEL MAR HIGH SCHOOL,2012,42.0,33.0,22.0,0.7857142857142857,0.6666666666666666,San Jose,Santa Clara,Campbell Union High,43694014331955,High Schools (Public),False,,,,,,,,,,,,,,,,,,,
DEL MAR HIGH SCHOOL,2013,43.0,22.0,11.0,0.5116279069767442,0.5,San Jose,Santa Clara,Campbell Union High,43694014331955,High Schools (Public),False,,,,,,,,,,,,,,,,,,,
DEL MAR HIGH SCHOOL,2014,35.0,20.0,8.0,0.5714285714285714,0.4,San Jose,Santa Clara,Campbell Union High,43694014331955,High Schools (Public),False,,,,,,,,,,,,,1073.0,,,,,,
DEL MAR HIGH SCHOOL,2015,34.0,21.0,11.0,0.6176470588235294,0.5238095238095238,San Jose,Santa Clara,Campbell Union High,43694014331955,High Schools (Public),False,,,,,,183.0,68.9,8.0,22.0,85.0,2.0,9.0,1108.0,379.0,0.3420577617328519,,,,
DEL MAR HIGH SCHOOL,2016,38.0,29.0,21.0,0.7631578947368421,0.7241379310344828,San Jose,Santa Clara,Campbell Union High,43694014331955,High Schools (Public),False,,,,,,213.0,68.5,21.0,17.0,94.0,4.0,10.0,1167.0,473.0,0.4053127677806341,2621.4,2566.6,68.0,28.0
DEL MAR HIGH SCHOOL,2017,50.0,32.0,19.0,0.64,0.59375,San Jose,Santa Clara,Campbell Union High,43694014331955,High Schools (Public),False,249.0,232.0,93.2,113.0,48.7,234.0,72.6,17.0,28.0,118.0,2.0,5.0,1191.0,503.0,0.4223341729638958,2605.2,2562.3,61.0,28.0
DEL MAR HIGH SCHOOL,2018,45.0,35.0,13.0,0.7777777777777778,0.37142857142857144,San Jose,Santa Clara,Campbell Union High,43694014331955,High Schools (Public),False,277.0,249.0,89.9,133.0,53.4,253.0,75.1,12.0,30.0,132.0,3.0,13.0,1259.0,594.0,0.471803018268467,2632.0,2561.8,72.1,30.0
DEL MAR HIGH SCHOOL,2019,50.0,25.0,15.0,0.5,0.6,San Jose,Santa Clara,Campbell Union High,43694014331955,High Schools (Public),False,289.0,252.0,87.2,132.0,52.4,259.0,68.3,15.0,41.0,108.0,2.0,11.0,1300.0,643.0,0.4946153846153846,2604.4,2547.1,61.33,25.0
DEL MAR HIGH SCHOOL,2020,55.0,42.0,13.0,0.7636363636363637,0.30952380952380953,San Jose,Santa Clara,Campbell Union High,43694014331955,High Schools (Public),False,272.0,243.0,89.3,162.0,66.7,247.0,76.5,12.0,51.0,101.0,9.0,16.0,1298.0,661.0,0.5092449922958397,2611.2,2559.4,63.25,27.3
DEL MAR HIGH SCHOOL,2021,64.0,38.0,14.0,0.59375,0.3684210526315789,San Jose,Santa Clara,Campbell Union High,43694014331955,High Schools (Public),False,326.0,291.0,89.3,177.0,60.8,297.0,71.7,14.0,39.0,139.0,2.0,19.0,1326.0,579.0,0.4366515837104072,,,,
DEL MAR HIGH SCHOOL,2022,64.0,42.0,30.0,0.65625,0.7142857142857143,San Jose,Santa Clara,Campbell Union High,43694014331955,High Schools (Public),False,293.0,269.0,91.8,148.0,55.0,272.0,69.1,27.0,34.0,112.0,5.0,10.0,,,,2599.0,2552.2,57.76,21.7
DEL MAR HIGH SCHOOL,2023,60.0,36.0,15.0,0.6,0.4166666666666667,San Jose,Santa Clara,Campbell Union High,43694014331955,High Schools (Public),False,312.0,282.0,90.4,164.0,58.2,285.0,73.3,15.0,45.0,134.0,8.0,7.0,1293.0,892.0,0.6898685228151585,2612.3,2544.6,61.13,24.1
DEL MAR HIGH SCHOOL,2024,79.0,60.0,28.0,0.759493670886076,0.4666666666666667,San Jose,Santa Clara,Campbell Union High,43694014331955,High Schools (Public),False,312.0,272.0,87.2,165.0,60.7,,,,,,,,1310.0,837.0,0.6389312977099236,2597.1,2533.1,56.08,21.43
DEL MAR HIGH SCHOOL,2025,50.0,38.0,12.0,0.76,0.3157894736842105,San Jose,Santa Clara,Campbell Union High,43694014331955,High Schools (Public),False,336.0,304.0,90.5,180.0,59.2,,,,,,,,1350.0,940.0,0.6962962962962963,2579.8,2502.7,54.7,16.84
DESIGN TECH HIGH SCHOOL,2018,57.0,40.0,14.0,0.7017543859649122,0.35,Redwood City,San Mateo,San Mateo Union High,41690470129759,High Schools (Public),True,134.0,109.0,81.3,109.0,100.0,113.0,84.1,14.0,8.0,27.0,10.0,36.0,552.0,47.0,0.0851449275362318,2647.2,2653.7,70.77,61.54
DESIGN TECH HIGH SCHOOL,2019,64.0,43.0,22.0,0.671875,0.5116279069767442,Redwood City,San Mateo,San Mateo Union High,41690470129759,High Schools (Public),True,120.0,103.0,85.8,103.0,100.0,106.0,80.2,23.0,12.0,23.0,8.0,19.0,555.0,59.0,0.1063063063063063,,,,
DESIGN TECH HIGH SCHOOL,2020,65.0,52.0,22.0,0.8,0.4230769230769231,Redwood City,San Mateo,San Mateo Union High,41690470129759,High Schools (Public),True,135.0,128.0,94.8,128.0,100.0,136.0,77.9,18.0,5.0,35.0,13.0,35.0,571.0,51.0,0.0893169877408056,2624.9,2617.2,66.92,47.37
DESIGN TECH HIGH SCHOOL,2021,79.0,45.0,18.0,0.569620253164557,0.4,Redwood City,San Mateo,San Mateo Union High,41690470129759,High Schools (Public),True,129.0,122.0,94.6,122.0,100.0,124.0,83.1,18.0,11.0,26.0,10.0,38.0,557.0,38.0,0.0682226211849192,,,,
DESIGN TECH HIGH SCHOOL,2022,84.0,56.0,26.0,0.6666666666666666,0.4642857142857143,Redwood City,San Mateo,San Mateo Union High,41690470129759,High Schools (Public),True,128.0,125.0,97.7,119.0,95.2,125.0,87.2,25.0,16.0,29.0,6.0,33.0,,,,,,,
DESIGN TECH HIGH SCHOOL,2023,84.0,63.0,25.0,0.75,0.3968253968253968,Redwood City,San Mateo,San Mateo Union High,41690470129759,High Schools (Public),True,123.0,121.0,98.4,118.0,97.5,122.0,86.1,22.0,19.0,22.0,9.0,33.0,545.0,33.0,0.0605504587155963,2652.7,2633.6,73.68,50.75
DESIGN TECH HIGH SCHOOL,2024,84.0,61.0,34.0,0.7261904761904762,0.5573770491803278,Redwood City,San Mateo,San Mateo Union High,41690470129759,High Schools (Public),True,120.0,118.0,98.3,115.0,97.5,,,,,,,,537.0,44.0,0.0819366852886405,2650.1,2636.5,74.36,55.93
DESIGN TECH HIGH SCHOOL,2025,94.0,76.0,24.0,0.8085106382978723,0.3157894736842105,Redwood City,San Mateo,San Mateo Union High,41690470129759,High Schools (Public),True,137.0,128.0,93.4,125.0,97.7,,,,,,,,567.0,41.0,0.0723104056437389,2674.7,2667.7,83.33,64.57
DIXON HIGH SCHOOL,2005,31.0,26.0,15.0,0.8387096774193549,0.5769230769230769,Dixon,Solano,Dixon Unified,48705324832259,High Schools (Public),False,,,,,,,,,,,,,,,,,,,
DIXON HIGH SCHOOL,2006,20.0,17.0,10.0,0.85,0.5882352941176471,Dixon,Solano,Dixon Unified,48705324832259,High Schools (Public),False,,,,,,,,,,,,,,,,,,,
DIXON HIGH SCHOOL,2007,29.0,25.0,18.0,0.8620689655172413,0.72,Dixon,Solano,Dixon Unified,48705324832259,High Schools (Public),False,,,,,,,,,,,,,,,,,,,
DIXON HIGH SCHOOL,2008,35.0,30.0,17.0,0.8571428571428571,0.5666666666666667,Dixon,Solano,Dixon Unified,48705324832259,High Schools (Public),False,,,,,,,,,,,,,,,,,,,
DIXON HIGH SCHOOL,2009,30.0,26.0,14.0,0.8666666666666667,0.5384615384615384,Dixon,Solano,Dixon Unified,48705324832259,High Schools (Public),False,,,,,,,,,,,,,,,,,,,
DIXON HIGH SCHOOL,2010,36.0,34.0,15.0,0.9444444444444444,0.4411764705882353,Dixon,Solano,Dixon Unified,48705324832259,High Schools (Public),False,,,,,,,,,,,,,,,,,,,
DIXON HIGH SCHOOL,2011,48.0,34.0,18.0,0.7083333333333334,0.5294117647058824,Dixon,Solano,Dixon Unified,48705324832259,High Schools (Public),False,,,,,,,,,,,,,,,,,,,
DIXON HIGH SCHOOL,2012,37.0,28.0,18.0,0.7567567567567568,0.6428571428571429,Dixon,Solano,Dixon Unified,48705324832259,High Schools (Public),False,,,,,,,,,,,,,,,,,,,
DIXON HIGH SCHOOL,2013,53.0,36.0,26.0,0.6792452830188679,0.7222222222222222,Dixon,Solano,Dixon Unified,48705324832259,High Schools (Public),False,,,,,,,,,,,,,,,,,,,
DIXON HIGH SCHOOL,2014,42.0,25.0,12.0,0.5952380952380952,0.48,Dixon,Solano,Dixon Unified,48705324832259,High Schools (Public),False,,,,,,,,,,,,,1149.0,,,,,,
DIXON HIGH SCHOOL,2015,43.0,37.0,25.0,0.8604651162790697,0.6756756756756757,Dixon,Solano,Dixon Unified,48705324832259,High Schools (Public),False,,,,,,261.0,78.5,21.0,36.0,127.0,4.0,17.0,1161.0,502.0,0.4323858742463393,,,,
DIXON HIGH SCHOOL,2016,46.0,31.0,16.0,0.6739130434782609,0.5161290322580645,Dixon,Solano,Dixon Unified,48705324832259,High Schools (Public),False,,,,,,222.0,72.5,13.0,35.0,92.0,4.0,17.0,1124.0,521.0,0.4635231316725978,2598.2,2585.0,59.0,38.0
DIXON HIGH SCHOOL,2017,52.0,32.0,19.0,0.6153846153846154,0.59375,Dixon,Solano,Dixon Unified,48705324832259,High Schools (Public),False,275.0,257.0,93.5,131.0,51.0,256.0,76.2,17.0,47.0,111.0,7.0,13.0,1115.0,492.0,0.4412556053811659,2615.1,2598.1,64.0,39.0
DIXON HIGH SCHOOL,2018,50.0,31.0,13.0,0.62,0.41935483870967744,Dixon,Solano,Dixon Unified,48705324832259,High Schools (Public),False,254.0,234.0,92.1,95.0,40.6,235.0,68.9,13.0,18.0,102.0,16.0,13.0,1135.0,537.0,0.4731277533039648,2587.7,2574.1,52.4,33.86
DIXON HIGH SCHOOL,2019,50.0,30.0,17.0,0.6,0.5666666666666667,Dixon,Solano,Dixon Unified,48705324832259,High Schools (Public),False,256.0,244.0,95.3,95.0,38.9,245.0,62.9,17.0,31.0,85.0,12.0,9.0,1097.0,508.0,0.463081130355515,2575.2,2579.4,48.21,36.0
DIXON HIGH SCHOOL,2020,51.0,29.0,14.0,0.5686274509803921,0.4827586206896552,Dixon,Solano,Dixon Unified,48705324832259,High Schools (Public),False,256.0,238.0,93.0,112.0,47.1,236.0,67.8,12.0,36.0,94.0,5.0,13.0,1062.0,503.0,0.4736346516007533,2600.4,2580.2,57.55,34.69
DIXON HIGH SCHOOL,2021,49.0,31.0,19.0,0.6326530612244898,0.6129032258064516,Dixon,Solano,Dixon Unified,48705324832259,High Schools (Public),False,230.0,216.0,93.9,110.0,50.9,216.0,66.7,19.0,32.0,82.0,2.0,9.0,1057.0,449.0,0.4247871333964049,,,,
DIXON HIGH SCHOOL,2022,51.0,24.0,16.0,0.47058823529411764,0.6666666666666666,Dixon,Solano,Dixon Unified,48705324832259,High Schools (Public),False,270.0,249.0,92.2,128.0,51.4,250.0,64.8,16.0,34.0,77.0,7.0,28.0,,,,2588.8,2568.1,51.63,33.99
DIXON HIGH SCHOOL,2023,60.0,37.0,16.0,0.6166666666666667,0.43243243243243246,Dixon,Solano,Dixon Unified,48705324832259,High Schools (Public),False,227.0,219.0,96.5,95.0,43.4,222.0,61.3,15.0,32.0,75.0,4.0,10.0,1013.0,391.0,0.3859822309970385,2579.8,2555.8,50.74,32.02
DIXON HIGH SCHOOL,2024,52.0,30.0,13.0,0.5769230769230769,0.43333333333333335,Dixon,Solano,Dixon Unified,48705324832259,High Schools (Public),False,279.0,269.0,96.4,112.0,41.6,,,,,,,,1012.0,615.0,0.607707509881423,2584.2,2528.2,56.7,22.31
DIXON HIGH SCHOOL,2025,46.0,27.0,10.0,0.5869565217391305,0.37037037037037035,Dixon,Solano,Dixon Unified,48705324832259,High Schools (Public),False,239.0,230.0,96.2,105.0,45.7,,,,,,,,990.0,571.0,0.5767676767676768,2578.7,2534.3,51.8,20.72
DOUGHERTY VALLEY HIGH SCHOOL,2010,101.0,93.0,54.0,0.9207920792079208,0.5806451612903226,San Ramon,Contra Costa,San Ramon Valley Unified,07618040113118,High Schools (Public),False,,,,,,,,,,,,,,,,,,,
DOUGHERTY VALLEY HIGH SCHOOL,2011,176.0,135.0,82.0,0.7670454545454546,0.6074074074074074,San Ramon,Contra Costa,San Ramon Valley Unified,07618040113118,High Schools (Public),False,,,,,,,,,,,,,,,,,,,
DOUGHERTY VALLEY HIGH SCHOOL,2012,242.0,185.0,110.0,0.7644628099173554,0.5945945945945946,San Ramon,Contra Costa,San Ramon Valley Unified,07618040113118,High Schools (Public),False,,,,,,,,,,,,,,,,,,,
DOUGHERTY VALLEY HIGH SCHOOL,2013,307.0,250.0,120.0,0.8143322475570033,0.48,San Ramon,Contra Costa,San Ramon Valley Unified,07618040113118,High Schools (Public),False,,,,,,,,,,,,,,,,,,,
DOUGHERTY VALLEY HIGH SCHOOL,2014,316.0,250.0,150.0,0.7911392405063291,0.6,San Ramon,Contra Costa,San Ramon Valley Unified,07618040113118,High Schools (Public),False,,,,,,,,,,,,,2381.0,,,,,,
DOUGHERTY VALLEY HIGH SCHOOL,2015,401.0,294.0,135.0,0.7331670822942643,0.45918367346938777,San Ramon,Contra Costa,San Ramon Valley Unified,07618040113118,High Schools (Public),False,,,,,,595.0,83.2,94.0,82.0,117.0,41.0,161.0,2645.0,156.0,0.0589792060491493,,,,
DOUGHERTY VALLEY HIGH SCHOOL,2016,403.0,325.0,153.0,0.8064516129032258,0.4707692307692308,San Ramon,Contra Costa,San Ramon Valley Unified,07618040113118,High Schools (Public),False,,,,,,587.0,88.4,143.0,71.0,120.0,49.0,136.0,2759.0,145.0,0.0525552736498731,2710.3,2725.8,92.0,82.0
DOUGHERTY VALLEY HIGH SCHOOL,2017,425.0,329.0,166.0,0.7741176470588236,0.5045592705167173,San Ramon,Contra Costa,San Ramon Valley Unified,07618040113118,High Schools (Public),False,630.0,617.0,97.9,486.0,78.8,621.0,88.9,163.0,71.0,138.0,56.0,124.0,2998.0,161.0,0.0537024683122081,2724.0,2742.5,96.0,87.0
DOUGHERTY VALLEY HIGH SCHOOL,2018,574.0,425.0,207.0,0.740418118466899,0.48705882352941177,San Ramon,Contra Costa,San Ramon Valley Unified,07618040113118,High Schools (Public),False,781.0,764.0,97.8,631.0,82.6,765.0,90.1,202.0,95.0,118.0,62.0,212.0,3212.0,224.0,0.0697384806973848,2734.6,2748.3,95.45,85.57
DOUGHERTY VALLEY HIGH SCHOOL,2019,538.0,386.0,203.0,0.7174721189591078,0.5259067357512953,San Ramon,Contra Costa,San Ramon Valley Unified,07618040113118,High Schools (Public),False,763.0,750.0,98.3,591.0,78.8,756.0,87.8,194.0,104.0,120.0,62.0,184.0,3331.0,220.0,0.0660462323626538,2720.0,2743.8,93.69,86.99
DOUGHERTY VALLEY HIGH SCHOOL,2020,597.0,497.0,258.0,0.8324958123953099,0.5191146881287726,San Ramon,Contra Costa,San Ramon Valley Unified,07618040113118,High Schools (Public),False,820.0,801.0,97.7,636.0,79.4,804.0,90.7,250.0,79.0,138.0,66.0,196.0,3378.0,205.0,0.0606867969212551,2731.4,2756.0,96.15,87.92
DOUGHERTY VALLEY HIGH SCHOOL,2021,595.0,450.0,210.0,0.7563025210084033,0.4666666666666667,San Ramon,Contra Costa,San Ramon Valley Unified,07618040113118,High Schools (Public),False,807.0,787.0,97.5,614.0,78.0,789.0,90.1,200.0,78.0,162.0,57.0,213.0,3384.0,193.0,0.0570330969267139,,,,
DOUGHERTY VALLEY HIGH SCHOOL,2022,665.0,522.0,291.0,0.7849624060150376,0.5574712643678161,San Ramon,Contra Costa,San Ramon Valley Unified,07618040113118,High Schools (Public),False,831.0,817.0,98.3,635.0,77.7,816.0,90.1,273.0,96.0,124.0,47.0,195.0,,,,2745.1,2794.2,97.22,100.0
DOUGHERTY VALLEY HIGH SCHOOL,2023,629.0,566.0,354.0,0.8998410174880763,0.6254416961130742,San Ramon,Contra Costa,San Ramon Valley Unified,07618040113118,High Schools (Public),False,837.0,820.0,98.0,605.0,73.8,829.0,89.0,332.0,73.0,135.0,36.0,162.0,3255.0,252.0,0.0774193548387096,2717.0,2746.8,91.53,82.87
DOUGHERTY VALLEY HIGH SCHOOL,2024,643.0,542.0,268.0,0.8429237947122862,0.4944649446494465,San Ramon,Contra Costa,San Ramon Valley Unified,07618040113118,High Schools (Public),False,801.0,779.0,97.3,564.0,72.4,,,,,,,,3118.0,264.0,0.0846696600384862,2689.5,2712.9,86.65,77.16
DOUGHERTY VALLEY HIGH SCHOOL,2025,654.0,588.0,267.0,0.8990825688073395,0.45408163265306123,San Ramon,Contra Costa,San Ramon Valley Unified,07618040113118,High Schools (Public),False,841.0,824.0,98.0,598.0,72.6,,,,,,,,3039.0,247.0,0.0812767357683448,2693.8,2724.3,88.71,79.23
DOWNTOWN COLG PREP EL PRIMERO,2005,10.0,9.0,3.0,0.9,0.3333333333333333,San Jose,Santa Clara,,43696660129718,,,,,,,,,,,,,,,,,,,,,
DOWNTOWN COLG PREP EL PRIMERO,2007,11.0,9.0,8.0,0.8181818181818182,0.8888888888888888,San Jose,Santa Clara,,43696660129718,,,,,,,,,,,,,,,,,,,,,
DOWNTOWN COLG PREP EL PRIMERO,2008,10.0,9.0,5.0,0.9,0.5555555555555556,San Jose,Santa Clara,,43696660129718,,,,,,,,,,,,,,,,,,,,,
DOWNTOWN COLG PREP EL PRIMERO,2009,22.0,16.0,5.0,0.7272727272727273,0.3125,San Jose,Santa Clara,,43696660129718,,,,,,,,,,,,,,,,,,,,,
DOWNTOWN COLG PREP EL PRIMERO,2010,25.0,20.0,12.0,0.8,0.6,San Jose,Santa Clara,,43696660129718,,,,,,,,,,,,,,,,,,,,,
DOWNTOWN COLG PREP EL PRIMERO,2011,20.0,15.0,6.0,0.75,0.4,San Jose,Santa Clara,,43696660129718,,,,,,,,,,,,,,,,,,,,,
DOWNTOWN COLG PREP EL PRIMERO,2012,14.0,12.0,7.0,0.8571428571428571,0.5833333333333334,San Jose,Santa Clara,,43696660129718,,,,,,,,,,,,,,,,,,,,,
DOWNTOWN COLG PREP EL PRIMERO,2013,19.0,13.0,12.0,0.6842105263157895,0.9230769230769231,San Jose,Santa Clara,,43696660129718,,,,,,,,,,,,,,,,,,,,,
DOWNTOWN COLG PREP EL PRIMERO,2014,34.0,18.0,12.0,0.5294117647058824,0.6666666666666666,San Jose,Santa Clara,,43696660129718,,,,,,,,,,,,,,,,,,,,,
DOWNTOWN COLG PREP EL PRIMERO,2015,42.0,19.0,12.0,0.4523809523809524,0.631578947368421,San Jose,Santa Clara,,43696660129718,,,,,,,,,,,,,,,124.0,105.0,0.8467741935483871,,,,
DOWNTOWN COLG PREP EL PRIMERO,2016,41.0,30.0,16.0,0.7317073170731707,0.5333333333333333,San Jose,Santa Clara,,43696660129718,,,,,,,,,,,,,,,214.0,184.0,0.8598130841121495,,,,
DOWNTOWN COLG PREP EL PRIMERO,2017,24.0,13.0,8.0,0.5416666666666666,0.6153846153846154,San Jose,Santa Clara,,43696660129718,,,,,,,,,,,,,,,511.0,434.0,0.8493150684931506,,,,
DOWNTOWN COLG PREP EL PRIMERO,2018,30.0,13.0,7.0,0.43333333333333335,0.5384615384615384,San Jose,Santa Clara,,43696660129718,,,,,,,,,,,,,,,594.0,502.0,0.8451178451178452,,,,
DOWNTOWN COLG PREP EL PRIMERO,2019,38.0,21.0,10.0,0.5526315789473685,0.47619047619047616,San Jose,Santa Clara,,43696660129718,,,,,,,,,,,,,,,607.0,500.0,0.8237232289950577,,,,
DOWNTOWN COLG PREP EL PRIMERO,2020,47.0,38.0,21.0,0.8085106382978723,0.5526315789473685,San Jose,Santa Clara,,43696660129718,,,,,,,,,,,,,,,573.0,472.0,0.8237347294938918,,,,
DOWNTOWN COLG PREP EL PRIMERO,2021,56.0,52.0,13.0,0.9285714285714286,0.25,San Jose,Santa Clara,,43696660129718,,,,,,,,,,,,,,,492.0,403.0,0.8191056910569106,,,,
DOWNTOWN COLG PREP EL PRIMERO,2022,53.0,43.0,16.0,0.8113207547169812,0.37209302325581395,San Jose,Santa Clara,,43696660129718,,,,,,,,,,,,,,,,,,,,,
DOWNTOWN COLG PREP EL PRIMERO,2023,45.0,39.0,12.0,0.8666666666666667,0.3076923076923077,San Jose,Santa Clara,,43696660129718,,,,,,,,,,,,,,,294.0,233.0,0.7925170068027211,,,,
DOWNTOWN COLG PREP EL PRIMERO,2024,38.0,26.0,5.0,0.6842105263157895,0.19230769230769232,San Jose,Santa Clara,,43696660129718,,,,,,,,,,,,,,,239.0,196.0,0.8200836820083682,,,,
DOWNTOWN COLG PREP EL PRIMERO,2025,47.0,38.0,8.0,0.8085106382978723,0.21052631578947367,San Jose,Santa Clara,,43696660129718,,,,,,,,,,,,,,,231.0,188.0,0.8138528138528138,,,,
DOWNTOWN COLLEGE PREP ALUM ROC,2017,12.0,8.0,7.0,0.6666666666666666,0.875,San Jose,Santa Clara,,43104390123257,,,46.0,38.0,82.6,29.0,76.3,40.0,80.0,6.0,2.0,21.0,2.0,1.0,642.0,568.0,0.8847352024922118,2616.4,2537.9,60.0,28.0
DOWNTOWN COLLEGE PREP ALUM ROC,2018,18.0,15.0,13.0,0.8333333333333334,0.8666666666666667,San Jose,Santa Clara,,43104390123257,,,71.0,56.0,78.9,53.0,94.6,57.0,80.7,12.0,6.0,27.0,0.0,1.0,677.0,516.0,0.7621861152141802,2568.4,2507.1,50.68,12.33
DOWNTOWN COLLEGE PREP ALUM ROC,2019,19.0,11.0,6.0,0.5789473684210527,0.5454545454545454,San Jose,Santa Clara,,43104390123257,,,64.0,54.0,84.4,54.0,100.0,61.0,73.8,4.0,12.0,26.0,1.0,2.0,668.0,499.0,0.7470059880239521,2577.6,2517.8,50.68,16.9
DOWNTOWN COLLEGE PREP ALUM ROC,2020,24.0,20.0,11.0,0.8333333333333334,0.55,San Jose,Santa Clara,,43104390123257,,,72.0,64.0,88.9,64.0,100.0,67.0,74.6,8.0,17.0,24.0,0.0,1.0,714.0,513.0,0.7184873949579832,2596.1,2524.6,56.16,12.5
DOWNTOWN COLLEGE PREP ALUM ROC,2021,25.0,21.0,12.0,0.84,0.5714285714285714,San Jose,Santa Clara,,43104390123257,,,70.0,59.0,84.3,58.0,98.3,62.0,79.0,11.0,22.0,16.0,0.0,0.0,669.0,498.0,0.7443946188340808,,,,
DOWNTOWN COLLEGE PREP ALUM ROC,2022,19.0,15.0,8.0,0.7894736842105263,0.5333333333333333,San Jose,Santa Clara,,43104390123257,,,64.0,43.0,67.2,43.0,100.0,44.0,56.8,7.0,6.0,12.0,0.0,0.0,,,,2551.0,2542.3,41.86,15.56
DOWNTOWN COLLEGE PREP ALUM ROC,2023,21.0,21.0,4.0,1.0,0.19047619047619047,San Jose,Santa Clara,,43104390123257,,,50.0,44.0,88.0,35.0,79.5,45.0,84.4,4.0,16.0,16.0,2.0,0.0,529.0,398.0,0.7523629489603024,2578.8,2529.7,50.0,20.41
DOWNTOWN COLLEGE PREP ALUM ROC,2024,18.0,16.0,7.0,0.8888888888888888,0.4375,San Jose,Santa Clara,,43104390123257,,,61.0,52.0,85.2,52.0,100.0,,,,,,,,465.0,343.0,0.7376344086021506,2560.1,2535.3,41.82,14.04
DOZIER-LIBBEY MEDICAL HIGH SCH,2012,38.0,24.0,15.0,0.631578947368421,0.625,Antioch,Contra Costa,Antioch Unified,07616480117218,Alternative Schools of Choice,False,,,,,,,,,,,,,,,,,,,
DOZIER-LIBBEY MEDICAL HIGH SCH,2013,44.0,21.0,18.0,0.4772727272727273,0.8571428571428571,Antioch,Contra Costa,Antioch Unified,07616480117218,Alternative Schools of Choice,False,,,,,,,,,,,,,,,,,,,
DOZIER-LIBBEY MEDICAL HIGH SCH,2014,28.0,24.0,11.0,0.8571428571428571,0.4583333333333333,Antioch,Contra Costa,Antioch Unified,07616480117218,Alternative Schools of Choice,False,,,,,,,,,,,,,648.0,,,,,,
DOZIER-LIBBEY MEDICAL HIGH SCH,2015,29.0,14.0,9.0,0.4827586206896552,0.6428571428571429,Antioch,Contra Costa,Antioch Unified,07616480117218,Alternative Schools of Choice,False,,,,,,129.0,82.2,7.0,28.0,57.0,5.0,9.0,652.0,351.0,0.5383435582822086,,,,
DOZIER-LIBBEY MEDICAL HIGH SCH,2016,39.0,18.0,15.0,0.46153846153846156,0.8333333333333334,Antioch,Contra Costa,Antioch Unified,07616480117218,Alternative Schools of Choice,False,,,,,,137.0,84.7,15.0,28.0,59.0,2.0,12.0,685.0,359.0,0.5240875912408759,2650.1,2583.9,78.0,36.0
DOZIER-LIBBEY MEDICAL HIGH SCH,2017,45.0,22.0,16.0,0.4888888888888889,0.7272727272727273,Antioch,Contra Costa,Antioch Unified,07616480117218,Alternative Schools of Choice,False,151.0,149.0,98.7,87.0,58.4,149.0,74.5,14.0,21.0,63.0,8.0,5.0,712.0,381.0,0.5351123595505618,2652.0,2583.9,85.0,36.0
DOZIER-LIBBEY MEDICAL HIGH SCH,2018,33.0,18.0,13.0,0.5454545454545454,0.7222222222222222,Antioch,Contra Costa,Antioch Unified,07616480117218,Alternative Schools of Choice,False,130.0,130.0,100.0,56.0,43.1,130.0,85.4,12.0,14.0,72.0,8.0,5.0,706.0,369.0,0.5226628895184136,2641.9,2585.4,74.65,36.62
DOZIER-LIBBEY MEDICAL HIGH SCH,2019,28.0,11.0,6.0,0.39285714285714285,0.5454545454545454,Antioch,Contra Costa,Antioch Unified,07616480117218,Alternative Schools of Choice,False,134.0,129.0,96.3,63.0,48.8,128.0,77.3,5.0,19.0,65.0,3.0,7.0,713.0,397.0,0.5568022440392707,2624.4,2562.4,67.35,31.97
DOZIER-LIBBEY MEDICAL HIGH SCH,2020,37.0,23.0,17.0,0.6216216216216216,0.7391304347826086,Antioch,Contra Costa,Antioch Unified,07616480117218,Alternative Schools of Choice,False,138.0,137.0,99.3,57.0,41.6,137.0,77.4,16.0,13.0,68.0,5.0,4.0,717.0,413.0,0.5760111576011158,2639.4,2563.6,75.51,28.57
DOZIER-LIBBEY MEDICAL HIGH SCH,2021,36.0,20.0,13.0,0.5555555555555556,0.65,Antioch,Contra Costa,Antioch Unified,07616480117218,Alternative Schools of Choice,False,162.0,159.0,98.1,71.0,44.7,160.0,76.9,13.0,19.0,77.0,6.0,8.0,761.0,402.0,0.5282522996057819,,,,
DOZIER-LIBBEY MEDICAL HIGH SCH,2022,46.0,28.0,14.0,0.6086956521739131,0.5,Antioch,Contra Costa,Antioch Unified,07616480117218,Alternative Schools of Choice,False,151.0,151.0,100.0,84.0,55.6,151.0,78.1,12.0,15.0,84.0,2.0,5.0,,,,2637.3,2583.7,73.68,35.71
DOZIER-LIBBEY MEDICAL HIGH SCH,2023,39.0,26.0,17.0,0.6666666666666666,0.6538461538461539,Antioch,Contra Costa,Antioch Unified,07616480117218,Alternative Schools of Choice,False,143.0,142.0,99.3,58.0,40.8,143.0,82.5,15.0,17.0,76.0,1.0,9.0,699.0,511.0,0.7310443490701002,2627.5,2535.1,66.44,21.19
DOZIER-LIBBEY MEDICAL HIGH SCH,2024,34.0,27.0,13.0,0.7941176470588235,0.48148148148148145,Antioch,Contra Costa,Antioch Unified,07616480117218,Alternative Schools of Choice,False,157.0,152.0,96.8,65.0,42.8,,,,,,,,697.0,535.0,0.7675753228120517,2646.2,2547.7,78.34,23.53
DOZIER-LIBBEY MEDICAL HIGH SCH,2025,50.0,31.0,17.0,0.62,0.5483870967741935,Antioch,Contra Costa,Antioch Unified,07616480117218,Alternative Schools of Choice,False,152.0,150.0,98.7,67.0,44.7,,,,,,,,681.0,549.0,0.8061674008810573,2663.1,2569.7,82.91,34.62
DR JAMES J HOGAN HIGH SCHOOL,2005,34.0,30.0,17.0,0.8823529411764706,0.5666666666666667,Vallejo,Solano,,,,,,,,,,,,,,,,,,,,,,,
DR JAMES J HOGAN HIGH SCHOOL,2006,24.0,17.0,12.0,0.7083333333333334,0.7058823529411765,Vallejo,Solano,,,,,,,,,,,,,,,,,,,,,,,
DR JAMES J HOGAN HIGH SCHOOL,2007,28.0,25.0,18.0,0.8928571428571429,0.72,Vallejo,Solano,,,,,,,,,,,,,,,,,,,,,,,
DR JAMES J HOGAN HIGH SCHOOL,2008,26.0,19.0,10.0,0.7307692307692307,0.5263157894736842,Vallejo,Solano,,,,,,,,,,,,,,,,,,,,,,,
DR JAMES J HOGAN HIGH SCHOOL,2009,27.0,23.0,13.0,0.8518518518518519,0.5652173913043478,Vallejo,Solano,,,,,,,,,,,,,,,,,,,,,,,
DR JAMES J HOGAN HIGH SCHOOL,2010,24.0,16.0,7.0,0.6666666666666666,0.4375,Vallejo,Solano,,,,,,,,,,,,,,,,,,,,,,,
DR JAMES J HOGAN HIGH SCHOOL,2011,13.0,10.0,4.0,0.7692307692307693,0.4,Vallejo,Solano,,,,,,,,,,,,,,,,,,,,,,,
DR TJ OWENS GILROY EARLY COLG,2011,15.0,8.0,4.0,0.5333333333333333,0.5,Gilroy,Santa Clara,Gilroy Unified,43694840114496,High Schools (Public),False,,,,,,,,,,,,,,,,,,,
DR TJ OWENS GILROY EARLY COLG,2012,37.0,26.0,21.0,0.7027027027027027,0.8076923076923077,Gilroy,Santa Clara,Gilroy Unified,43694840114496,High Schools (Public),False,,,,,,,,,,,,,,,,,,,
DR TJ OWENS GILROY EARLY COLG,2013,31.0,25.0,15.0,0.8064516129032258,0.6,Gilroy,Santa Clara,Gilroy Unified,43694840114496,High Schools (Public),False,,,,,,,,,,,,,,,,,,,
DR TJ OWENS GILROY EARLY COLG,2014,40.0,25.0,14.0,0.625,0.56,Gilroy,Santa Clara,Gilroy Unified,43694840114496,High Schools (Public),False,,,,,,,,,,,,,236.0,,,,,,
DR TJ OWENS GILROY EARLY COLG,2015,34.0,15.0,8.0,0.4411764705882353,0.5333333333333333,Gilroy,Santa Clara,Gilroy Unified,43694840114496,High Schools (Public),False,,,,,,41.0,73.2,6.0,5.0,8.0,6.0,5.0,242.0,84.0,0.3471074380165289,,,,
DR TJ OWENS GILROY EARLY COLG,2016,35.0,18.0,9.0,0.5142857142857142,0.5,Gilroy,Santa Clara,Gilroy Unified,43694840114496,High Schools (Public),False,,,,,,40.0,92.5,7.0,11.0,11.0,2.0,6.0,255.0,85.0,0.3333333333333333,2706.4,2679.8,98.0,71.0
DR TJ OWENS GILROY EARLY COLG,2017,49.0,27.0,17.0,0.5510204081632653,0.6296296296296297,Gilroy,Santa Clara,Gilroy Unified,43694840114496,High Schools (Public),False,50.0,50.0,100.0,42.0,84.0,50.0,90.0,16.0,16.0,5.0,2.0,6.0,273.0,96.0,0.3516483516483517,2712.9,2682.8,95.0,69.0
DR TJ OWENS GILROY EARLY COLG,2018,42.0,28.0,17.0,0.6666666666666666,0.6071428571428571,Gilroy,Santa Clara,Gilroy Unified,43694840114496,High Schools (Public),False,58.0,58.0,100.0,49.0,84.5,58.0,93.1,17.0,20.0,9.0,4.0,4.0,288.0,96.0,0.3333333333333333,2739.9,2749.7,98.33,95.0
DR TJ OWENS GILROY EARLY COLG,2019,45.0,26.0,15.0,0.5777777777777777,0.5769230769230769,Gilroy,Santa Clara,Gilroy Unified,43694840114496,High Schools (Public),False,62.0,62.0,100.0,59.0,95.2,62.0,91.9,15.0,17.0,9.0,8.0,8.0,305.0,109.0,0.3573770491803278,2725.5,2727.5,95.31,87.5
DR TJ OWENS GILROY EARLY COLG,2020,51.0,42.0,26.0,0.8235294117647058,0.6190476190476191,Gilroy,Santa Clara,Gilroy Unified,43694840114496,High Schools (Public),False,69.0,68.0,98.6,62.0,91.2,68.0,95.6,25.0,19.0,7.0,8.0,6.0,304.0,119.0,0.3914473684210526,2735.7,2752.7,96.0,90.67
DR TJ OWENS GILROY EARLY COLG,2021,58.0,50.0,29.0,0.8620689655172413,0.58,Gilroy,Santa Clara,Gilroy Unified,43694840114496,High Schools (Public),False,73.0,71.0,97.3,66.0,93.0,72.0,93.1,28.0,18.0,9.0,6.0,6.0,298.0,129.0,0.4328859060402684,,,,
DR TJ OWENS GILROY EARLY COLG,2022,61.0,44.0,25.0,0.7213114754098361,0.5681818181818182,Gilroy,Santa Clara,Gilroy Unified,43694840114496,High Schools (Public),False,72.0,69.0,95.8,63.0,91.3,70.0,88.6,23.0,28.0,2.0,3.0,6.0,,,,,,,
DR TJ OWENS GILROY EARLY COLG,2023,50.0,35.0,18.0,0.7,0.5142857142857142,Gilroy,Santa Clara,Gilroy Unified,43694840114496,High Schools (Public),False,60.0,60.0,100.0,58.0,96.7,61.0,88.5,19.0,22.0,5.0,0.0,8.0,279.0,107.0,0.3835125448028674,2766.4,2757.9,100.0,95.24
DR TJ OWENS GILROY EARLY COLG,2024,49.0,40.0,24.0,0.8163265306122449,0.6,Gilroy,Santa Clara,Gilroy Unified,43694840114496,High Schools (Public),False,64.0,62.0,96.9,57.0,91.9,,,,,,,,290.0,122.0,0.4206896551724138,2745.9,2738.6,100.0,89.06
DR TJ OWENS GILROY EARLY COLG,2025,55.0,43.0,28.0,0.7818181818181819,0.6511627906976745,Gilroy,Santa Clara,Gilroy Unified,43694840114496,High Schools (Public),False,69.0,69.0,100.0,67.0,97.1,,,,,,,,304.0,121.0,0.3980263157894737,2730.9,2718.7,98.57,82.86
DUBLIN HIGH SCHOOL,2005,49.0,44.0,27.0,0.8979591836734694,0.6136363636363636,Dublin,Alameda,Dublin Unified,01750930132704,High Schools (Public),False,,,,,,,,,,,,,,,,,,,
DUBLIN HIGH SCHOOL,2006,63.0,55.0,29.0,0.873015873015873,0.5272727272727272,Dublin,Alameda,Dublin Unified,01750930132704,High Schools (Public),False,,,,,,,,,,,,,,,,,,,
DUBLIN HIGH SCHOOL,2007,53.0,46.0,25.0,0.8679245283018868,0.5434782608695652,Dublin,Alameda,Dublin Unified,01750930132704,High Schools (Public),False,,,,,,,,,,,,,,,,,,,
DUBLIN HIGH SCHOOL,2008,61.0,51.0,29.0,0.8360655737704918,0.5686274509803921,Dublin,Alameda,Dublin Unified,01750930132704,High Schools (Public),False,,,,,,,,,,,,,,,,,,,
DUBLIN HIGH SCHOOL,2009,66.0,57.0,32.0,0.8636363636363636,0.5614035087719298,Dublin,Alameda,Dublin Unified,01750930132704,High Schools (Public),False,,,,,,,,,,,,,,,,,,,
DUBLIN HIGH SCHOOL,2010,52.0,45.0,24.0,0.8653846153846154,0.5333333333333333,Dublin,Alameda,Dublin Unified,01750930132704,High Schools (Public),False,,,,,,,,,,,,,,,,,,,
DUBLIN HIGH SCHOOL,2011,64.0,47.0,24.0,0.734375,0.5106382978723404,Dublin,Alameda,Dublin Unified,01750930132704,High Schools (Public),False,,,,,,,,,,,,,,,,,,,
DUBLIN HIGH SCHOOL,2012,89.0,63.0,31.0,0.7078651685393258,0.49206349206349204,Dublin,Alameda,Dublin Unified,01750930132704,High Schools (Public),False,,,,,,,,,,,,,,,,,,,
DUBLIN HIGH SCHOOL,2013,118.0,84.0,46.0,0.711864406779661,0.5476190476190477,Dublin,Alameda,Dublin Unified,01750930132704,High Schools (Public),False,,,,,,,,,,,,,,,,,,,
DUBLIN HIGH SCHOOL,2014,136.0,77.0,37.0,0.5661764705882353,0.4805194805194805,Dublin,Alameda,Dublin Unified,01750930132704,High Schools (Public),False,,,,,,,,,,,,,1906.0,,,,,,
DUBLIN HIGH SCHOOL,2015,139.0,90.0,49.0,0.6474820143884892,0.5444444444444444,Dublin,Alameda,Dublin Unified,01750930132704,High Schools (Public),False,,,,,,446.0,78.3,33.0,75.0,150.0,24.0,67.0,2062.0,205.0,0.0994180407371484,,,,
DUBLIN HIGH SCHOOL,2016,175.0,125.0,69.0,0.7142857142857143,0.552,Dublin,Alameda,Dublin Unified,01750930132704,High Schools (Public),False,,,,,,476.0,83.8,64.0,84.0,156.0,20.0,75.0,2273.0,206.0,0.0906291245050593,2672.1,2661.3,85.0,62.0
DUBLIN HIGH SCHOOL,2017,200.0,140.0,73.0,0.7,0.5214285714285715,Dublin,Alameda,Dublin Unified,01750930132704,High Schools (Public),False,496.0,483.0,97.4,364.0,75.4,488.0,82.6,71.0,81.0,154.0,27.0,70.0,2499.0,211.0,0.0844337735094037,2652.7,2673.7,77.0,67.0
DUBLIN HIGH SCHOOL,2018,240.0,149.0,74.0,0.6208333333333333,0.4966442953020134,Dublin,Alameda,Dublin Unified,01750930132704,High Schools (Public),False,550.0,534.0,97.1,379.0,71.0,541.0,87.8,72.0,87.0,178.0,38.0,100.0,2750.0,335.0,0.1218181818181818,2640.4,2657.9,71.89,62.29
DUBLIN HIGH SCHOOL,2019,304.0,218.0,116.0,0.7171052631578947,0.5321100917431193,Dublin,Alameda,Dublin Unified,01750930132704,High Schools (Public),False,615.0,599.0,97.4,404.0,67.4,602.0,85.5,108.0,88.0,166.0,33.0,120.0,2978.0,298.0,0.1000671591672263,2670.6,2677.5,81.01,65.68
DUBLIN HIGH SCHOOL,2020,346.0,280.0,157.0,0.8092485549132948,0.5607142857142857,Dublin,Alameda,Dublin Unified,01750930132704,High Schools (Public),False,698.0,676.0,96.8,463.0,68.5,677.0,86.7,146.0,86.0,192.0,40.0,123.0,3168.0,290.0,0.091540404040404,2656.7,2676.8,76.61,66.36
DUBLIN HIGH SCHOOL,2021,442.0,315.0,146.0,0.7126696832579186,0.4634920634920635,Dublin,Alameda,Dublin Unified,01750930132704,High Schools (Public),False,731.0,716.0,97.9,548.0,76.5,719.0,85.5,139.0,114.0,198.0,40.0,124.0,3286.0,244.0,0.0742544126597687,,,,
DUBLIN HIGH SCHOOL,2022,467.0,358.0,204.0,0.7665952890792291,0.5698324022346368,Dublin,Alameda,Dublin Unified,01750930132704,High Schools (Public),False,743.0,724.0,97.4,573.0,79.1,727.0,86.5,189.0,113.0,169.0,28.0,130.0,,,,,,,
DUBLIN HIGH SCHOOL,2023,465.0,381.0,184.0,0.8193548387096774,0.48293963254593175,Dublin,Alameda,Dublin Unified,01750930132704,High Schools (Public),False,762.0,748.0,98.2,586.0,78.3,749.0,88.4,177.0,109.0,216.0,28.0,132.0,3500.0,282.0,0.0805714285714285,2672.6,2680.9,80.35,67.83
DUBLIN HIGH SCHOOL,2024,571.0,464.0,242.0,0.8126094570928196,0.521551724137931,Dublin,Alameda,Dublin Unified,01750930132704,High Schools (Public),False,874.0,858.0,98.2,691.0,80.5,,,,,,,,3224.0,278.0,0.086228287841191,2681.5,2694.6,84.51,72.04
DUBLIN HIGH SCHOOL,2025,520.0,466.0,208.0,0.8961538461538462,0.44635193133047213,Dublin,Alameda,Dublin Unified,01750930132704,High Schools (Public),False,829.0,810.0,97.7,667.0,82.3,,,,,,,,2771.0,469.0,0.1692529772645254,2656.2,2669.9,79.28,63.14
EAST BAY ARTS HIGH SCHOOL,2010,12.0,7,,0.5833333333333334,,San Lorenzo,Alameda,San Lorenzo Unified,01613090111799,Alternative Schools of Choice,False,,,,,,,,,,,,,,,,,,,
EAST BAY ARTS HIGH SCHOOL,2011,6.0,4.0,3.0,0.6666666666666666,0.75,San Lorenzo,Alameda,San Lorenzo Unified,01613090111799,Alternative Schools of Choice,False,,,,,,,,,,,,,,,,,,,
EAST BAY ARTS HIGH SCHOOL,2012,10.0,6.0,5.0,0.6,0.8333333333333334,San Lorenzo,Alameda,San Lorenzo Unified,01613090111799,Alternative Schools of Choice,False,,,,,,,,,,,,,,,,,,,
EAST BAY ARTS HIGH SCHOOL,2013,14.0,8.0,4.0,0.5714285714285714,0.5,San Lorenzo,Alameda,San Lorenzo Unified,01613090111799,Alternative Schools of Choice,False,,,,,,,,,,,,,,,,,,,
EAST BAY ARTS HIGH SCHOOL,2014,10.0,3,,0.3,,San Lorenzo,Alameda,San Lorenzo Unified,01613090111799,Alternative Schools of Choice,False,,,,,,,,,,,,,275.0,,,,,,
EAST BAY ARTS HIGH SCHOOL,2015,12.0,5.0,4.0,0.4166666666666667,0.8,San Lorenzo,Alameda,San Lorenzo Unified,01613090111799,Alternative Schools of Choice,False,,,,,,53.0,54.7,2.0,3.0,18.0,2.0,4.0,213.0,121.0,0.568075117370892,,,,
EAST BAY ARTS HIGH SCHOOL,2017,6.0,3.0,3.0,0.5,1.0,San Lorenzo,Alameda,San Lorenzo Unified,01613090111799,Alternative Schools of Choice,False,34.0,33.0,97.1,20.0,60.6,34.0,50.0,1.0,9.0,6.0,1.0,0.0,226.0,138.0,0.6106194690265486,2607.4,2540.8,64.0,18.0
EAST BAY ARTS HIGH SCHOOL,2018,5.0,,,,,San Lorenzo,Alameda,San Lorenzo Unified,01613090111799,Alternative Schools of Choice,False,32.0,28.0,87.5,14.0,50.0,29.0,55.2,1.0,5.0,7.0,1.0,2.0,220.0,145.0,0.6590909090909091,2576.8,2483.9,45.45,7.14
EAST BAY ARTS HIGH SCHOOL,2019,6.0,3,,0.5,,San Lorenzo,Alameda,San Lorenzo Unified,01613090111799,Alternative Schools of Choice,False,37.0,31.0,83.8,15.0,48.4,33.0,57.6,0.0,4.0,12.0,1.0,2.0,214.0,137.0,0.6401869158878505,2597.4,2505.8,50.0,12.5
EAST BAY INNOVATION ACADEMY,2020,14.0,8.0,6.0,0.5714285714285714,0.75,Oakland,Alameda,Oakland Unified,01612590129932,K-12 Schools (Public),True,45.0,31.0,68.9,1.0,3.2,32.0,81.3,8.0,7.0,5.0,3.0,3.0,620.0,192.0,0.3096774193548387,2645.0,2624.7,75.76,50.0
EAST BAY INNOVATION ACADEMY,2021,43.0,29.0,10.0,0.6744186046511628,0.3448275862068966,Oakland,Alameda,Oakland Unified,01612590129932,K-12 Schools (Public),True,65.0,63.0,96.9,62.0,98.4,65.0,69.2,10.0,13.0,8.0,4.0,10.0,630.0,211.0,0.3349206349206349,,,,
EAST BAY INNOVATION ACADEMY,2022,29.0,15.0,10.0,0.5172413793103449,0.6666666666666666,Oakland,Alameda,Oakland Unified,01612590129932,K-12 Schools (Public),True,61.0,56.0,91.8,48.0,85.7,56.0,75.0,9.0,16.0,14.0,0.0,3.0,,,,2619.6,2614.3,71.43,48.84
EAST BAY INNOVATION ACADEMY,2023,34.0,26.0,10.0,0.7647058823529411,0.38461538461538464,Oakland,Alameda,Oakland Unified,01612590129932,K-12 Schools (Public),True,62.0,61.0,98.4,56.0,91.8,61.0,80.3,9.0,11.0,21.0,3.0,5.0,533.0,124.0,0.2326454033771107,2569.9,2547.8,50.0,30.16
EAST BAY INNOVATION ACADEMY,2024,18.0,15.0,9.0,0.8333333333333334,0.6,Oakland,Alameda,Oakland Unified,01612590129932,K-12 Schools (Public),True,33.0,32.0,97.0,30.0,93.8,,,,,,,,502.0,181.0,0.3605577689243028,2617.3,2585.5,67.65,36.36
EAST BAY INNOVATION ACADEMY,2025,30.0,24.0,14.0,0.8,0.5833333333333334,Oakland,Alameda,Oakland Unified,01612590129932,K-12 Schools (Public),True,51.0,51.0,100.0,47.0,92.2,,,,,,,,451.0,184.0,0.4079822616407982,2643.3,2615.5,74.47,41.67
EAST OAKLAND SCH OF THE ARTS,2006,7.0,4,,0.5714285714285714,,Oakland,Alameda,,,,,,,,,,,,,,,,,,,,,,,
EAST OAKLAND SCH OF THE ARTS,2007,6.0,5,,0.8333333333333334,,Oakland,Alameda,,,,,,,,,,,,,,,,,,,,,,,
EAST OAKLAND SCH OF THE ARTS,2008,11.0,7.0,4.0,0.6363636363636364,0.5714285714285714,Oakland,Alameda,,,,,,,,,,,,,,,,,,,,,,,
EAST OAKLAND SCH OF THE ARTS,2011,6.0,3.0,3.0,0.5,1.0,Oakland,Alameda,,,,,,,,,,,,,,,,,,,,,,,
EAST OAKLAND SCH OF THE ARTS,2012,12.0,6,,0.5,,Oakland,Alameda,,,,,,,,,,,,,,,,,,,,,,,
EAST PALO ALTO ACADEMY,2005,12.0,6.0,4.0,0.5,0.6666666666666666,East Palo Alto,San Mateo,Sequoia Union High,41690620126722,High Schools (Public),True,,,,,,,,,,,,,,,,,,,
EAST PALO ALTO ACADEMY,2006,11.0,8.0,4.0,0.7272727272727273,0.5,East Palo Alto,San Mateo,Sequoia Union High,41690620126722,High Schools (Public),True,,,,,,,,,,,,,,,,,,,
EAST PALO ALTO ACADEMY,2007,14.0,7,,0.5,,East Palo Alto,San Mateo,Sequoia Union High,41690620126722,High Schools (Public),True,,,,,,,,,,,,,,,,,,,
EAST PALO ALTO ACADEMY,2008,15.0,12.0,7.0,0.8,0.5833333333333334,East Palo Alto,San Mateo,Sequoia Union High,41690620126722,High Schools (Public),True,,,,,,,,,,,,,,,,,,,
EAST PALO ALTO ACADEMY,2009,15.0,6.0,4.0,0.4,0.6666666666666666,East Palo Alto,San Mateo,Sequoia Union High,41690620126722,High Schools (Public),True,,,,,,,,,,,,,,,,,,,
EAST PALO ALTO ACADEMY,2010,10.0,5.0,3.0,0.5,0.6,East Palo Alto,San Mateo,Sequoia Union High,41690620126722,High Schools (Public),True,,,,,,,,,,,,,,,,,,,
EAST PALO ALTO ACADEMY,2011,8.0,5.0,5.0,0.625,1.0,East Palo Alto,San Mateo,Sequoia Union High,41690620126722,High Schools (Public),True,,,,,,,,,,,,,,,,,,,
EAST PALO ALTO ACADEMY,2012,9.0,6,,0.6666666666666666,,East Palo Alto,San Mateo,Sequoia Union High,41690620126722,High Schools (Public),True,,,,,,,,,,,,,,,,,,,
EAST PALO ALTO ACADEMY,2013,11.0,4.0,3.0,0.36363636363636365,0.75,East Palo Alto,San Mateo,Sequoia Union High,41690620126722,High Schools (Public),True,,,,,,,,,,,,,,,,,,,
EAST PALO ALTO ACADEMY,2014,21.0,11.0,4.0,0.5238095238095238,0.36363636363636365,East Palo Alto,San Mateo,Sequoia Union High,41690620126722,High Schools (Public),True,,,,,,,,,,,,,283.0,,,,,,
EAST PALO ALTO ACADEMY,2015,14.0,6,,0.42857142857142855,,East Palo Alto,San Mateo,Sequoia Union High,41690620126722,High Schools (Public),True,,,,,,47.0,66.0,2.0,8.0,17.0,2.0,2.0,300.0,240.0,0.8,,,,
EAST PALO ALTO ACADEMY,2016,14.0,8.0,5.0,0.5714285714285714,0.625,East Palo Alto,San Mateo,Sequoia Union High,41690620126722,High Schools (Public),True,,,,,,62.0,61.3,5.0,7.0,21.0,1.0,4.0,309.0,245.0,0.7928802588996764,2529.3,2482.1,31.0,4.0
EAST PALO ALTO ACADEMY,2017,16.0,10.0,5.0,0.625,0.5,East Palo Alto,San Mateo,Sequoia Union High,41690620126722,High Schools (Public),True,69.0,60.0,87.0,25.0,41.7,62.0,61.3,4.0,9.0,17.0,4.0,4.0,311.0,275.0,0.8842443729903537,2558.3,2499.5,43.0,11.0
EAST PALO ALTO ACADEMY,2018,22.0,12.0,6.0,0.5454545454545454,0.5,East Palo Alto,San Mateo,Sequoia Union High,41690620126722,High Schools (Public),True,72.0,67.0,93.1,27.0,40.3,69.0,72.5,6.0,12.0,23.0,4.0,5.0,320.0,296.0,0.925,2557.2,2501.2,46.77,8.33
EAST PALO ALTO ACADEMY,2019,19.0,8.0,6.0,0.42105263157894735,0.75,East Palo Alto,San Mateo,Sequoia Union High,41690620126722,High Schools (Public),True,68.0,58.0,85.3,23.0,39.7,56.0,76.8,6.0,7.0,28.0,2.0,0.0,364.0,321.0,0.8818681318681318,2520.5,2479.8,30.88,7.35
EAST PALO ALTO ACADEMY,2020,30.0,20.0,12.0,0.6666666666666666,0.6,East Palo Alto,San Mateo,Sequoia Union High,41690620126722,High Schools (Public),True,84.0,72.0,85.7,41.0,56.9,73.0,58.9,10.0,19.0,13.0,1.0,0.0,357.0,312.0,0.8739495798319328,2563.5,2529.8,51.32,12.0
EAST PALO ALTO ACADEMY,2021,31.0,18.0,12.0,0.5806451612903226,0.6666666666666666,East Palo Alto,San Mateo,Sequoia Union High,41690620126722,High Schools (Public),True,85.0,79.0,92.9,40.0,50.6,82.0,65.9,11.0,18.0,23.0,0.0,2.0,369.0,292.0,0.7913279132791328,,,,
EAST PALO ALTO ACADEMY,2022,26.0,15.0,13.0,0.5769230769230769,0.8666666666666667,East Palo Alto,San Mateo,Sequoia Union High,41690620126722,High Schools (Public),True,107.0,98.0,91.6,46.0,46.9,99.0,62.6,13.0,15.0,32.0,2.0,0.0,,,,,,,
EAST PALO ALTO ACADEMY,2023,19.0,11.0,5.0,0.5789473684210527,0.45454545454545453,East Palo Alto,San Mateo,Sequoia Union High,41690620126722,High Schools (Public),True,60.0,54.0,90.0,26.0,48.1,55.0,67.3,5.0,13.0,19.0,0.0,0.0,299.0,205.0,0.68561872909699,2517.1,2457.2,23.08,3.17
EAST PALO ALTO ACADEMY,2024,25.0,16.0,5.0,0.64,0.3125,East Palo Alto,San Mateo,Sequoia Union High,41690620126722,High Schools (Public),True,63.0,62.0,98.4,35.0,56.5,,,,,,,,287.0,211.0,0.735191637630662,2540.1,2467.5,39.44,8.45
EAST PALO ALTO ACADEMY,2025,18.0,15.0,3.0,0.8333333333333334,0.2,East Palo Alto,San Mateo,Sequoia Union High,41690620126722,High Schools (Public),True,63.0,55.0,87.3,29.0,52.7,,,,,,,,278.0,176.0,0.6330935251798561,2548.5,2472.1,40.0,9.38
EL CAMINO HIGH,2005,39.0,34.0,18.0,0.8717948717948718,0.5294117647058824,South San Francisco,San Mateo,South San Francisco Unified,41690704132551,High Schools (Public),False,,,,,,,,,,,,,,,,,,,
EL CAMINO HIGH,2006,45.0,43.0,30.0,0.9555555555555556,0.6976744186046512,South San Francisco,San Mateo,South San Francisco Unified,41690704132551,High Schools (Public),False,,,,,,,,,,,,,,,,,,,
EL CAMINO HIGH,2007,63.0,54.0,33.0,0.8571428571428571,0.6111111111111112,South San Francisco,San Mateo,South San Francisco Unified,41690704132551,High Schools (Public),False,,,,,,,,,,,,,,,,,,,
EL CAMINO HIGH,2008,50.0,41.0,24.0,0.82,0.5853658536585366,South San Francisco,San Mateo,South San Francisco Unified,41690704132551,High Schools (Public),False,,,,,,,,,,,,,,,,,,,
EL CAMINO HIGH,2009,66.0,53.0,20.0,0.803030303030303,0.37735849056603776,South San Francisco,San Mateo,South San Francisco Unified,41690704132551,High Schools (Public),False,,,,,,,,,,,,,,,,,,,
EL CAMINO HIGH,2010,54.0,45.0,22.0,0.8333333333333334,0.4888888888888889,South San Francisco,San Mateo,South San Francisco Unified,41690704132551,High Schools (Public),False,,,,,,,,,,,,,,,,,,,
EL CAMINO HIGH,2011,78.0,54.0,43.0,0.6923076923076923,0.7962962962962963,South San Francisco,San Mateo,South San Francisco Unified,41690704132551,High Schools (Public),False,,,,,,,,,,,,,,,,,,,
EL CAMINO HIGH,2012,78.0,52.0,34.0,0.6666666666666666,0.6538461538461539,South San Francisco,San Mateo,South San Francisco Unified,41690704132551,High Schools (Public),False,,,,,,,,,,,,,,,,,,,
EL CAMINO HIGH,2013,69.0,43.0,24.0,0.6231884057971014,0.5581395348837209,South San Francisco,San Mateo,South San Francisco Unified,41690704132551,High Schools (Public),False,,,,,,,,,,,,,,,,,,,
EL CAMINO HIGH,2014,91.0,48.0,23.0,0.5274725274725275,0.4791666666666667,South San Francisco,San Mateo,South San Francisco Unified,41690704132551,High Schools (Public),False,,,,,,,,,,,,,1486.0,,,,,,
EL CAMINO HIGH,2015,86.0,47.0,29.0,0.5465116279069767,0.6170212765957447,South San Francisco,San Mateo,South San Francisco Unified,41690704132551,High Schools (Public),False,,,,,,333.0,82.9,20.0,61.0,175.0,10.0,10.0,1430.0,325.0,0.2272727272727272,,,,
EL CAMINO HIGH,2016,58.0,40.0,23.0,0.6896551724137931,0.575,South San Francisco,San Mateo,South San Francisco Unified,41690704132551,High Schools (Public),False,,,,,,300.0,86.3,22.0,66.0,151.0,17.0,3.0,1387.0,340.0,0.2451333813987022,2608.3,2593.2,59.0,39.0
EL CAMINO HIGH,2017,89.0,46.0,29.0,0.5168539325842697,0.6304347826086957,South San Francisco,San Mateo,South San Francisco Unified,41690704132551,High Schools (Public),False,360.0,339.0,94.2,0.0,0.0,340.0,83.5,29.0,70.0,166.0,12.0,7.0,1357.0,304.0,0.2240235814296241,2607.3,2590.1,61.0,37.0
EL CAMINO HIGH,2018,72.0,40.0,20.0,0.5555555555555556,0.5,South San Francisco,San Mateo,South San Francisco Unified,41690704132551,High Schools (Public),False,321.0,296.0,92.2,0.0,0.0,302.0,79.1,19.0,57.0,140.0,18.0,5.0,1277.0,377.0,0.2952231793265465,2593.4,2567.6,58.63,30.72
EL CAMINO HIGH,2019,89.0,51.0,26.0,0.5730337078651685,0.5098039215686274,South San Francisco,San Mateo,South San Francisco Unified,41690704132551,High Schools (Public),False,324.0,307.0,94.8,0.0,0.0,307.0,75.6,21.0,47.0,138.0,20.0,6.0,1267.0,361.0,0.2849250197316496,2611.8,2582.7,60.19,37.62
EL CAMINO HIGH,2020,55.0,36.0,20.0,0.6545454545454545,0.5555555555555556,South San Francisco,San Mateo,South San Francisco Unified,41690704132551,High Schools (Public),False,288.0,271.0,94.1,138.0,50.9,273.0,79.9,19.0,43.0,137.0,12.0,7.0,1254.0,352.0,0.2807017543859649,2628.4,2597.4,67.86,41.64
EL CAMINO HIGH,2021,96.0,55.0,30.0,0.5729166666666666,0.5454545454545454,South San Francisco,San Mateo,South San Francisco Unified,41690704132551,High Schools (Public),False,308.0,301.0,97.7,187.0,62.1,302.0,80.8,29.0,52.0,137.0,15.0,11.0,1231.0,307.0,0.2493907392363931,,,,
EL CAMINO HIGH,2022,99.0,49.0,22.0,0.494949494949495,0.4489795918367347,South San Francisco,San Mateo,South San Francisco Unified,41690704132551,High Schools (Public),False,302.0,295.0,97.7,205.0,69.5,296.0,78.0,21.0,50.0,142.0,11.0,7.0,,,,2622.5,2610.0,63.27,47.55
EL CAMINO HIGH,2023,82.0,51.0,32.0,0.6219512195121951,0.6274509803921569,South San Francisco,San Mateo,South San Francisco Unified,41690704132551,High Schools (Public),False,292.0,288.0,98.6,193.0,67.0,287.0,82.6,31.0,53.0,134.0,11.0,8.0,1173.0,290.0,0.2472293265132139,2601.4,2563.4,59.86,30.5
EL CAMINO HIGH,2024,109.0,73.0,42.0,0.6697247706422018,0.5753424657534246,South San Francisco,San Mateo,South San Francisco Unified,41690704132551,High Schools (Public),False,302.0,291.0,96.4,211.0,72.5,,,,,,,,1088.0,266.0,0.244485294117647,2646.6,2592.4,78.05,37.98
EL CAMINO HIGH,2025,86.0,57.0,29.0,0.6627906976744186,0.5087719298245614,South San Francisco,San Mateo,South San Francisco Unified,41690704132551,High Schools (Public),False,271.0,264.0,97.4,179.0,67.8,,,,,,,,1053.0,264.0,0.2507122507122507,2637.5,2590.0,72.9,37.74
EL CERRITO HIGH SCHOOL,2005,86.0,81.0,47.0,0.9418604651162791,0.5802469135802469,El Cerrito,Contra Costa,West Contra Costa Unified,07617960732941,High Schools (Public),False,,,,,,,,,,,,,,,,,,,
EL CERRITO HIGH SCHOOL,2006,106.0,93.0,57.0,0.8773584905660378,0.6129032258064516,El Cerrito,Contra Costa,West Contra Costa Unified,07617960732941,High Schools (Public),False,,,,,,,,,,,,,,,,,,,
EL CERRITO HIGH SCHOOL,2007,97.0,87.0,56.0,0.8969072164948454,0.6436781609195402,El Cerrito,Contra Costa,West Contra Costa Unified,07617960732941,High Schools (Public),False,,,,,,,,,,,,,,,,,,,
EL CERRITO HIGH SCHOOL,2008,107.0,97.0,68.0,0.9065420560747663,0.7010309278350515,El Cerrito,Contra Costa,West Contra Costa Unified,07617960732941,High Schools (Public),False,,,,,,,,,,,,,,,,,,,
EL CERRITO HIGH SCHOOL,2009,81.0,60.0,32.0,0.7407407407407407,0.5333333333333333,El Cerrito,Contra Costa,West Contra Costa Unified,07617960732941,High Schools (Public),False,,,,,,,,,,,,,,,,,,,
EL CERRITO HIGH SCHOOL,2010,89.0,75.0,44.0,0.8426966292134831,0.5866666666666667,El Cerrito,Contra Costa,West Contra Costa Unified,07617960732941,High Schools (Public),False,,,,,,,,,,,,,,,,,,,
EL CERRITO HIGH SCHOOL,2011,78.0,62.0,36.0,0.7948717948717948,0.5806451612903226,El Cerrito,Contra Costa,West Contra Costa Unified,07617960732941,High Schools (Public),False,,,,,,,,,,,,,,,,,,,
EL CERRITO HIGH SCHOOL,2012,75.0,63.0,36.0,0.84,0.5714285714285714,El Cerrito,Contra Costa,West Contra Costa Unified,07617960732941,High Schools (Public),False,,,,,,,,,,,,,,,,,,,
EL CERRITO HIGH SCHOOL,2013,81.0,50.0,26.0,0.6172839506172839,0.52,El Cerrito,Contra Costa,West Contra Costa Unified,07617960732941,High Schools (Public),False,,,,,,,,,,,,,,,,,,,
EL CERRITO HIGH SCHOOL,2014,111.0,74.0,42.0,0.6666666666666666,0.5675675675675675,El Cerrito,Contra Costa,West Contra Costa Unified,07617960732941,High Schools (Public),False,,,,,,,,,,,,,1341.0,,,,,,
EL CERRITO HIGH SCHOOL,2015,105.0,63.0,27.0,0.6,0.42857142857142855,El Cerrito,Contra Costa,West Contra Costa Unified,07617960732941,High Schools (Public),False,,,,,,268.0,73.1,20.0,38.0,105.0,6.0,27.0,1364.0,691.0,0.5065982404692082,,,,
EL CERRITO HIGH SCHOOL,2016,99.0,76.0,52.0,0.7676767676767676,0.6842105263157895,El Cerrito,Contra Costa,West Contra Costa Unified,07617960732941,High Schools (Public),False,,,,,,293.0,79.5,47.0,22.0,133.0,7.0,24.0,1429.0,730.0,0.5108467459762072,2584.2,2554.6,55.0,30.0
EL CERRITO HIGH SCHOOL,2017,124.0,83.0,45.0,0.6693548387096774,0.5421686746987951,El Cerrito,Contra Costa,West Contra Costa Unified,07617960732941,High Schools (Public),False,364.0,308.0,84.6,148.0,48.1,310.0,72.9,44.0,30.0,116.0,9.0,27.0,1460.0,688.0,0.4712328767123288,2559.4,2526.2,48.0,24.0
EL CERRITO HIGH SCHOOL,2018,118.0,80.0,49.0,0.6779661016949152,0.6125,El Cerrito,Contra Costa,West Contra Costa Unified,07617960732941,High Schools (Public),False,384.0,327.0,85.2,179.0,54.7,330.0,76.7,46.0,41.0,128.0,11.0,27.0,1482.0,654.0,0.4412955465587044,2550.8,2530.9,42.35,26.25
EL CERRITO HIGH SCHOOL,2019,112.0,80.0,46.0,0.7142857142857143,0.575,El Cerrito,Contra Costa,West Contra Costa Unified,07617960732941,High Schools (Public),False,343.0,305.0,88.9,172.0,56.4,314.0,73.2,46.0,39.0,116.0,5.0,23.0,1506.0,634.0,0.4209827357237716,2539.5,2527.6,40.65,28.95
EL CERRITO HIGH SCHOOL,2020,140.0,107.0,63.0,0.7642857142857142,0.5887850467289719,El Cerrito,Contra Costa,West Contra Costa Unified,07617960732941,High Schools (Public),False,368.0,327.0,88.9,186.0,56.9,332.0,75.3,62.0,35.0,117.0,9.0,27.0,1605.0,639.0,0.3981308411214953,2579.2,2559.1,48.8,31.23
EL CERRITO HIGH SCHOOL,2021,172.0,133.0,73.0,0.7732558139534884,0.5488721804511278,El Cerrito,Contra Costa,West Contra Costa Unified,07617960732941,High Schools (Public),False,395.0,354.0,89.6,233.0,65.8,363.0,76.0,74.0,59.0,102.0,7.0,34.0,1596.0,622.0,0.3897243107769423,,,,
EL CERRITO HIGH SCHOOL,2022,154.0,113.0,60.0,0.7337662337662337,0.5309734513274337,El Cerrito,Contra Costa,West Contra Costa Unified,07617960732941,High Schools (Public),False,395.0,360.0,91.1,234.0,65.0,366.0,73.5,59.0,50.0,109.0,6.0,45.0,,,,,,,
EL CERRITO HIGH SCHOOL,2023,161.0,126.0,72.0,0.782608695652174,0.5714285714285714,El Cerrito,Contra Costa,West Contra Costa Unified,07617960732941,High Schools (Public),False,402.0,372.0,92.5,229.0,61.6,375.0,76.0,67.0,47.0,118.0,12.0,41.0,1522.0,633.0,0.4159001314060447,2577.8,2561.1,51.01,32.19
EL CERRITO HIGH SCHOOL,2024,154.0,119.0,79.0,0.7727272727272727,0.6638655462184874,El Cerrito,Contra Costa,West Contra Costa Unified,07617960732941,High Schools (Public),False,366.0,340.0,92.9,212.0,62.4,,,,,,,,1476.0,584.0,0.3956639566395664,2624.3,2575.4,67.74,31.27
EL CERRITO HIGH SCHOOL,2025,165.0,139.0,74.0,0.8424242424242424,0.5323741007194245,El Cerrito,Contra Costa,West Contra Costa Unified,07617960732941,High Schools (Public),False,397.0,371.0,93.5,210.0,56.6,,,,,,,,1460.0,569.0,0.3897260273972602,2584.5,2551.4,52.41,30.55
EL MOLINO HIGH SCHOOL,2005,37.0,35.0,16.0,0.9459459459459459,0.45714285714285713,Forestville,Sonoma,,,,,,,,,,,,,,,,,,,,,,,
EL MOLINO HIGH SCHOOL,2006,38.0,38.0,20.0,1.0,0.5263157894736842,Forestville,Sonoma,,,,,,,,,,,,,,,,,,,,,,,
EL MOLINO HIGH SCHOOL,2007,39.0,33.0,14.0,0.8461538461538461,0.42424242424242425,Forestville,Sonoma,,,,,,,,,,,,,,,,,,,,,,,
EL MOLINO HIGH SCHOOL,2008,34.0,32.0,12.0,0.9411764705882353,0.375,Forestville,Sonoma,,,,,,,,,,,,,,,,,,,,,,,
EL MOLINO HIGH SCHOOL,2009,34.0,31.0,13.0,0.9117647058823529,0.41935483870967744,Forestville,Sonoma,,,,,,,,,,,,,,,,,,,,,,,
EL MOLINO HIGH SCHOOL,2010,30.0,27.0,9.0,0.9,0.3333333333333333,Forestville,Sonoma,,,,,,,,,,,,,,,,,,,,,,,
EL MOLINO HIGH SCHOOL,2011,20.0,15.0,8.0,0.75,0.5333333333333333,Forestville,Sonoma,,,,,,,,,,,,,,,,,,,,,,,
EL MOLINO HIGH SCHOOL,2012,33.0,24.0,12.0,0.7272727272727273,0.5,Forestville,Sonoma,,,,,,,,,,,,,,,,,,,,,,,
EL MOLINO HIGH SCHOOL,2013,30.0,21.0,15.0,0.7,0.7142857142857143,Forestville,Sonoma,,,,,,,,,,,,,,,,,,,,,,,
EL MOLINO HIGH SCHOOL,2014,14.0,11.0,4.0,0.7857142857142857,0.36363636363636365,Forestville,Sonoma,,,,,,,,,,,,,,,,,,,,,,,
EL MOLINO HIGH SCHOOL,2015,26.0,13.0,8.0,0.5,0.6153846153846154,Forestville,Sonoma,,,,,,,,,,,,,,,,,,,,,,,
EL MOLINO HIGH SCHOOL,2016,20.0,12.0,5.0,0.6,0.4166666666666667,Forestville,Sonoma,,,,,,,,,,,,,,,,,,,,,,,
EL MOLINO HIGH SCHOOL,2017,24.0,12.0,6.0,0.5,0.5,Forestville,Sonoma,,,,,,,,,,,,,,,,,,,,,,,
EL MOLINO HIGH SCHOOL,2018,25.0,9.0,6.0,0.36,0.6666666666666666,Forestville,Sonoma,,,,,,,,,,,,,,,,,,,,,,,
EL MOLINO HIGH SCHOOL,2019,27.0,13.0,7.0,0.48148148148148145,0.5384615384615384,Forestville,Sonoma,,,,,,,,,,,,,,,,,,,,,,,
EL MOLINO HIGH SCHOOL,2020,19.0,15.0,13.0,0.7894736842105263,0.8666666666666667,Forestville,Sonoma,,,,,,,,,,,,,,,,,,,,,,,
EL MOLINO HIGH SCHOOL,2021,20.0,16.0,7.0,0.8,0.4375,Forestville,Sonoma,,,,,,,,,,,,,,,,,,,,,,,
ELSIE ALLEN HIGH SCHOOL,2005,16.0,15.0,9.0,0.9375,0.6,Santa Rosa,Sonoma,Santa Rosa High,49709204930160,High Schools (Public),False,,,,,,,,,,,,,,,,,,,
ELSIE ALLEN HIGH SCHOOL,2006,7.0,6.0,3.0,0.8571428571428571,0.5,Santa Rosa,Sonoma,Santa Rosa High,49709204930160,High Schools (Public),False,,,,,,,,,,,,,,,,,,,
ELSIE ALLEN HIGH SCHOOL,2007,21.0,15.0,9.0,0.7142857142857143,0.6,Santa Rosa,Sonoma,Santa Rosa High,49709204930160,High Schools (Public),False,,,,,,,,,,,,,,,,,,,
ELSIE ALLEN HIGH SCHOOL,2008,9.0,8,,0.8888888888888888,,Santa Rosa,Sonoma,Santa Rosa High,49709204930160,High Schools (Public),False,,,,,,,,,,,,,,,,,,,
ELSIE ALLEN HIGH SCHOOL,2009,11.0,8.0,3.0,0.7272727272727273,0.375,Santa Rosa,Sonoma,Santa Rosa High,49709204930160,High Schools (Public),False,,,,,,,,,,,,,,,,,,,
ELSIE ALLEN HIGH SCHOOL,2010,8.0,6.0,4.0,0.75,0.6666666666666666,Santa Rosa,Sonoma,Santa Rosa High,49709204930160,High Schools (Public),False,,,,,,,,,,,,,,,,,,,
ELSIE ALLEN HIGH SCHOOL,2011,13.0,12.0,6.0,0.9230769230769231,0.5,Santa Rosa,Sonoma,Santa Rosa High,49709204930160,High Schools (Public),False,,,,,,,,,,,,,,,,,,,
ELSIE ALLEN HIGH SCHOOL,2012,17.0,8.0,5.0,0.47058823529411764,0.625,Santa Rosa,Sonoma,Santa Rosa High,49709204930160,High Schools (Public),False,,,,,,,,,,,,,,,,,,,
ELSIE ALLEN HIGH SCHOOL,2013,15.0,11,,0.7333333333333333,,Santa Rosa,Sonoma,Santa Rosa High,49709204930160,High Schools (Public),False,,,,,,,,,,,,,,,,,,,
ELSIE ALLEN HIGH SCHOOL,2014,18.0,5,,0.2777777777777778,,Santa Rosa,Sonoma,Santa Rosa High,49709204930160,High Schools (Public),False,,,,,,,,,,,,,1034.0,,,,,,
ELSIE ALLEN HIGH SCHOOL,2015,20.0,15.0,10.0,0.75,0.6666666666666666,Santa Rosa,Sonoma,Santa Rosa High,49709204930160,High Schools (Public),False,,,,,,193.0,63.2,7.0,11.0,99.0,1.0,4.0,1034.0,941.0,0.9100580270793036,,,,
ELSIE ALLEN HIGH SCHOOL,2016,19.0,11,,0.5789473684210527,,Santa Rosa,Sonoma,Santa Rosa High,49709204930160,High Schools (Public),False,,,,,,162.0,62.3,2.0,16.0,82.0,1.0,0.0,1025.0,670.0,0.6536585365853659,2560.5,2539.2,44.0,14.0
ELSIE ALLEN HIGH SCHOOL,2017,27.0,17.0,5.0,0.6296296296296297,0.29411764705882354,Santa Rosa,Sonoma,Santa Rosa High,49709204930160,High Schools (Public),False,296.0,210.0,70.9,50.0,23.8,216.0,56.5,4.0,25.0,89.0,0.0,4.0,1093.0,757.0,0.6925892040256175,2558.2,2521.5,44.0,13.0
ELSIE ALLEN HIGH SCHOOL,2018,16.0,11.0,7.0,0.6875,0.6363636363636364,Santa Rosa,Sonoma,Santa Rosa High,49709204930160,High Schools (Public),False,286.0,210.0,73.4,47.0,22.4,222.0,46.4,7.0,18.0,78.0,0.0,0.0,1032.0,683.0,0.6618217054263565,2563.9,2492.0,42.52,8.65
ELSIE ALLEN HIGH SCHOOL,2019,10.0,5,,0.5,,Santa Rosa,Sonoma,Santa Rosa High,49709204930160,High Schools (Public),False,238.0,171.0,71.8,33.0,19.3,181.0,60.2,2.0,18.0,79.0,4.0,6.0,1042.0,702.0,0.6737044145873321,,,,
ELSIE ALLEN HIGH SCHOOL,2020,15.0,10.0,5.0,0.6666666666666666,0.5,Santa Rosa,Sonoma,Santa Rosa High,49709204930160,High Schools (Public),False,240.0,174.0,72.5,0.0,0.0,174.0,52.3,5.0,16.0,67.0,1.0,2.0,1030.0,610.0,0.5922330097087378,2488.8,2467.1,23.5,5.8
ELSIE ALLEN HIGH SCHOOL,2021,16.0,11.0,7.0,0.6875,0.6363636363636364,Santa Rosa,Sonoma,Santa Rosa High,49709204930160,High Schools (Public),False,233.0,164.0,70.4,2.0,1.2,170.0,49.4,6.0,7.0,65.0,2.0,4.0,1071.0,619.0,0.5779645191409897,,,,
ELSIE ALLEN HIGH SCHOOL,2022,17.0,11.0,6.0,0.6470588235294118,0.5454545454545454,Santa Rosa,Sonoma,Santa Rosa High,49709204930160,High Schools (Public),False,288.0,200.0,69.4,46.0,23.0,202.0,56.9,5.0,17.0,92.0,0.0,1.0,,,,,,,
ELSIE ALLEN HIGH SCHOOL,2023,22.0,16.0,5.0,0.7272727272727273,0.3125,Santa Rosa,Sonoma,Santa Rosa High,49709204930160,High Schools (Public),False,255.0,169.0,66.3,31.0,18.3,176.0,55.7,5.0,16.0,76.0,0.0,1.0,1055.0,535.0,0.5071090047393365,2514.5,2482.2,27.98,9.04
ELSIE ALLEN HIGH SCHOOL,2024,17.0,8,,0.47058823529411764,,Santa Rosa,Sonoma,Santa Rosa High,49709204930160,High Schools (Public),False,245.0,185.0,75.5,29.0,15.7,,,,,,,,980.0,571.0,0.5826530612244898,2527.0,2462.7,32.31,6.35
ELSIE ALLEN HIGH SCHOOL,2025,17.0,15.0,3.0,0.8823529411764706,0.2,Santa Rosa,Sonoma,Santa Rosa High,49709204930160,High Schools (Public),False,237.0,191.0,80.6,37.0,19.4,,,,,,,,1029.0,738.0,0.717201166180758,2498.9,2455.8,23.58,5.24
EMERY SECONDARY SCHOOL,2005,5.0,5.0,3.0,1.0,0.6,Emeryville,Alameda,Emery Unified,01611680132746,High Schools (Public),False,,,,,,,,,,,,,,,,,,,
EMERY SECONDARY SCHOOL,2006,5.0,3.0,3.0,0.6,1.0,Emeryville,Alameda,Emery Unified,01611680132746,High Schools (Public),False,,,,,,,,,,,,,,,,,,,
EMERY SECONDARY SCHOOL,2008,11.0,5.0,3.0,0.45454545454545453,0.6,Emeryville,Alameda,Emery Unified,01611680132746,High Schools (Public),False,,,,,,,,,,,,,,,,,,,
EMERY SECONDARY SCHOOL,2009,9.0,6.0,5.0,0.6666666666666666,0.8333333333333334,Emeryville,Alameda,Emery Unified,01611680132746,High Schools (Public),False,,,,,,,,,,,,,,,,,,,
EMERY SECONDARY SCHOOL,2010,14.0,8.0,6.0,0.5714285714285714,0.75,Emeryville,Alameda,Emery Unified,01611680132746,High Schools (Public),False,,,,,,,,,,,,,,,,,,,
EMERY SECONDARY SCHOOL,2012,8.0,5,,0.625,,Emeryville,Alameda,Emery Unified,01611680132746,High Schools (Public),False,,,,,,,,,,,,,,,,,,,
EMERY SECONDARY SCHOOL,2014,20.0,12.0,6.0,0.6,0.5,Emeryville,Alameda,Emery Unified,01611680132746,High Schools (Public),False,,,,,,,,,,,,,219.0,,,,,,
EMERY SECONDARY SCHOOL,2015,7.0,5.0,5.0,0.7142857142857143,1.0,Emeryville,Alameda,Emery Unified,01611680132746,High Schools (Public),False,,,,,,36.0,77.8,2.0,3.0,20.0,1.0,2.0,191.0,130.0,0.680628272251309,,,,
EMERY SECONDARY SCHOOL,2016,12.0,7.0,4.0,0.5833333333333334,0.5714285714285714,Emeryville,Alameda,Emery Unified,01611680132746,High Schools (Public),False,,,,,,46.0,71.7,4.0,5.0,19.0,2.0,3.0,174.0,124.0,0.7126436781609196,2570.6,2508.9,47.0,12.0
EMERY SECONDARY SCHOOL,2017,11.0,3,,0.2727272727272727,,Emeryville,Alameda,Emery Unified,01611680132746,High Schools (Public),False,37.0,34.0,91.9,11.0,32.4,32.0,71.9,1.0,3.0,17.0,1.0,1.0,177.0,122.0,0.6892655367231638,2553.5,2516.3,44.0,11.0
EMERY SECONDARY SCHOOL,2018,10.0,4,,0.4,,Emeryville,Alameda,Emery Unified,01611680132746,High Schools (Public),False,37.0,35.0,94.6,10.0,28.6,37.0,67.6,2.0,7.0,12.0,1.0,3.0,179.0,132.0,0.7374301675977654,2568.5,2499.1,45.0,12.2
EMERY SECONDARY SCHOOL,2019,10.0,6.0,3.0,0.6,0.5,Emeryville,Alameda,Emery Unified,01611680132746,High Schools (Public),False,40.0,40.0,100.0,16.0,40.0,40.0,72.5,3.0,4.0,21.0,0.0,1.0,209.0,170.0,0.8133971291866029,2551.4,2549.4,36.84,26.32
EMERY SECONDARY SCHOOL,2020,23.0,16.0,10.0,0.6956521739130435,0.625,Emeryville,Alameda,Emery Unified,01611680132746,High Schools (Public),False,59.0,58.0,98.3,0.0,0.0,58.0,69.0,8.0,6.0,21.0,3.0,2.0,227.0,154.0,0.6784140969162996,2556.3,2557.1,42.59,23.64
EMERY SECONDARY SCHOOL,2021,12.0,5.0,3.0,0.4166666666666667,0.6,Emeryville,Alameda,Emery Unified,01611680132746,High Schools (Public),False,40.0,38.0,95.0,29.0,76.3,38.0,76.3,3.0,7.0,15.0,2.0,2.0,204.0,171.0,0.8382352941176471,,,,
EMERY SECONDARY SCHOOL,2022,16.0,12.0,8.0,0.75,0.6666666666666666,Emeryville,Alameda,Emery Unified,01611680132746,High Schools (Public),False,51.0,50.0,98.0,4.0,8.0,50.0,70.0,8.0,8.0,16.0,1.0,2.0,,,,2535.4,2492.0,29.73,9.76
EMERY SECONDARY SCHOOL,2023,25.0,18.0,5.0,0.72,0.2777777777777778,Emeryville,Alameda,Emery Unified,01611680132746,High Schools (Public),False,51.0,49.0,96.1,20.0,40.8,50.0,60.0,5.0,8.0,10.0,3.0,4.0,187.0,115.0,0.6149732620320856,2545.2,2484.4,37.78,6.52
EMERY SECONDARY SCHOOL,2024,18.0,11.0,5.0,0.6111111111111112,0.45454545454545453,Emeryville,Alameda,Emery Unified,01611680132746,High Schools (Public),False,36.0,34.0,94.4,19.0,55.9,,,,,,,,155.0,73.0,0.4709677419354838,2609.9,2514.8,58.97,20.51
EMERY SECONDARY SCHOOL,2025,21.0,18.0,8.0,0.8571428571428571,0.4444444444444444,Emeryville,Alameda,Emery Unified,01611680132746,High Schools (Public),False,46.0,44.0,95.7,5.0,11.4,,,,,,,,162.0,98.0,0.6049382716049383,2605.8,2504.7,64.44,13.64
ENCINAL HIGH SCHOOL,2005,39.0,29.0,21.0,0.7435897435897436,0.7241379310344828,Alameda,Alameda,,,,,,,,,,,,,,,,,,,,,,,
ENCINAL HIGH SCHOOL,2006,79.0,67.0,42.0,0.8481012658227848,0.6268656716417911,Alameda,Alameda,,,,,,,,,,,,,,,,,,,,,,,
ENCINAL HIGH SCHOOL,2007,51.0,44.0,24.0,0.8627450980392157,0.5454545454545454,Alameda,Alameda,,,,,,,,,,,,,,,,,,,,,,,
ENCINAL HIGH SCHOOL,2008,52.0,44.0,27.0,0.8461538461538461,0.6136363636363636,Alameda,Alameda,,,,,,,,,,,,,,,,,,,,,,,
ENCINAL HIGH SCHOOL,2009,52.0,44.0,21.0,0.8461538461538461,0.4772727272727273,Alameda,Alameda,,,,,,,,,,,,,,,,,,,,,,,
ENCINAL HIGH SCHOOL,2010,57.0,46.0,22.0,0.8070175438596491,0.4782608695652174,Alameda,Alameda,,,,,,,,,,,,,,,,,,,,,,,
ENCINAL HIGH SCHOOL,2011,65.0,47.0,30.0,0.7230769230769231,0.6382978723404256,Alameda,Alameda,,,,,,,,,,,,,,,,,,,,,,,
ENCINAL HIGH SCHOOL,2012,68.0,37.0,23.0,0.5441176470588235,0.6216216216216216,Alameda,Alameda,,,,,,,,,,,,,,,,,,,,,,,
ENCINAL HIGH SCHOOL,2013,63.0,39.0,25.0,0.6190476190476191,0.6410256410256411,Alameda,Alameda,,,,,,,,,,,,,,,,,,,,,,,
ENCINAL HIGH SCHOOL,2014,72.0,47.0,28.0,0.6527777777777778,0.5957446808510638,Alameda,Alameda,,,,,,,,,,,,,,,,,,,,,,,
ENCINAL HIGH SCHOOL,2015,57.0,31.0,23.0,0.543859649122807,0.7419354838709677,Alameda,Alameda,,,,,,,,,,,,,,,,,,,,,,,
ENCINAL HIGH SCHOOL,2016,56.0,41.0,25.0,0.7321428571428571,0.6097560975609756,Alameda,Alameda,,,,,,,,,,,,,,,,,,,,,,,
ENCINAL HIGH SCHOOL,2017,59.0,40.0,28.0,0.6779661016949152,0.7,Alameda,Alameda,,,,,,,,,,,,,,,,,,,,,,,
ENCINAL HIGH SCHOOL,2018,85.0,55.0,40.0,0.6470588235294118,0.7272727272727273,Alameda,Alameda,,,,,,,,,,,,,,,,,,,,,,,
ENCINAL HIGH SCHOOL,2019,75.0,57.0,36.0,0.76,0.631578947368421,Alameda,Alameda,,,,,,,,,,,,,,,,,,,,,,,
ENCINAL HIGH SCHOOL,2020,71.0,57.0,35.0,0.8028169014084507,0.6140350877192983,Alameda,Alameda,,,,,,,,,,,,,,,,,,,,,,,
ENCINAL HIGH SCHOOL,2021,84.0,57.0,38.0,0.6785714285714286,0.6666666666666666,Alameda,Alameda,,,,,,,,,,,,,,,,,,,,,,,
ENCINAL HIGH SCHOOL,2022,85.0,50.0,30.0,0.5882352941176471,0.6,Alameda,Alameda,,,,,,,,,,,,,,,,,,,,,,,
ENCINAL HIGH SCHOOL,2023,108.0,82.0,45.0,0.7592592592592593,0.5487804878048781,Alameda,Alameda,,,,,,,,,,,,,,,,,,,,,,,
ENCINAL HIGH SCHOOL,2024,94.0,71.0,38.0,0.7553191489361702,0.5352112676056338,Alameda,Alameda,,,,,,,,,,,,,,,,,,,,,,,
ENCINAL HIGH SCHOOL,2025,91.0,70.0,33.0,0.7692307692307693,0.4714285714285714,Alameda,Alameda,,,,,,,,,,,,,,,,,,,,,,,
ENVISION ACAD ARTS/TECHNOLOGY,2010,7.0,5.0,4.0,0.7142857142857143,0.8,Oakland,Alameda,Alameda County Office of Education,01100170112607,K-12 Schools (Public),True,,,,,,,,,,,,,,,,,,,
ENVISION ACAD ARTS/TECHNOLOGY,2011,7.0,6.0,3.0,0.8571428571428571,0.5,Oakland,Alameda,Alameda County Office of Education,01100170112607,K-12 Schools (Public),True,,,,,,,,,,,,,,,,,,,
ENVISION ACAD ARTS/TECHNOLOGY,2012,12.0,9.0,5.0,0.75,0.5555555555555556,Oakland,Alameda,Alameda County Office of Education,01100170112607,K-12 Schools (Public),True,,,,,,,,,,,,,,,,,,,
ENVISION ACAD ARTS/TECHNOLOGY,2013,16.0,8.0,3.0,0.5,0.375,Oakland,Alameda,Alameda County Office of Education,01100170112607,K-12 Schools (Public),True,,,,,,,,,,,,,,,,,,,
ENVISION ACAD ARTS/TECHNOLOGY,2014,11.0,7.0,4.0,0.6363636363636364,0.5714285714285714,Oakland,Alameda,Alameda County Office of Education,01100170112607,K-12 Schools (Public),True,,,,,,,,,,,,,343.0,,,,,,
ENVISION ACAD ARTS/TECHNOLOGY,2015,25.0,16.0,12.0,0.64,0.75,Oakland,Alameda,Alameda County Office of Education,01100170112607,K-12 Schools (Public),True,,,,,,70.0,77.1,8.0,24.0,19.0,1.0,2.0,395.0,186.0,0.4708860759493671,,,,
ENVISION ACAD ARTS/TECHNOLOGY,2016,32.0,15.0,7.0,0.46875,0.4666666666666667,Oakland,Alameda,Alameda County Office of Education,01100170112607,K-12 Schools (Public),True,,,,,,81.0,76.5,6.0,33.0,14.0,3.0,6.0,407.0,274.0,0.6732186732186732,2543.4,2487.1,38.0,8.0
ENVISION ACAD ARTS/TECHNOLOGY,2017,24.0,19.0,11.0,0.7916666666666666,0.5789473684210527,Oakland,Alameda,Alameda County Office of Education,01100170112607,K-12 Schools (Public),True,81.0,66.0,81.5,66.0,100.0,69.0,84.1,9.0,28.0,16.0,3.0,2.0,403.0,299.0,0.7419354838709677,2566.0,2506.3,43.0,11.0
ENVISION ACAD ARTS/TECHNOLOGY,2018,28.0,18.0,7.0,0.6428571428571429,0.3888888888888889,Oakland,Alameda,Alameda County Office of Education,01100170112607,K-12 Schools (Public),True,87.0,80.0,92.0,80.0,100.0,85.0,74.1,8.0,27.0,21.0,3.0,4.0,413.0,308.0,0.7457627118644068,2579.3,2522.7,42.86,18.89
ENVISION ACAD ARTS/TECHNOLOGY,2019,22.0,12.0,8.0,0.5454545454545454,0.6666666666666666,Oakland,Alameda,Alameda County Office of Education,01100170112607,K-12 Schools (Public),True,85.0,80.0,94.1,80.0,100.0,81.0,75.3,8.0,27.0,20.0,3.0,3.0,385.0,306.0,0.7948051948051948,2577.2,2539.2,45.83,19.79
ENVISION ACAD ARTS/TECHNOLOGY,2020,18.0,15.0,7.0,0.8333333333333334,0.4666666666666667,Oakland,Alameda,Alameda County Office of Education,01100170112607,K-12 Schools (Public),True,91.0,82.0,90.1,82.0,100.0,82.0,70.7,7.0,24.0,19.0,3.0,5.0,412.0,295.0,0.7160194174757282,2541.2,2497.0,34.52,10.71
ENVISION ACAD ARTS/TECHNOLOGY,2021,29.0,27.0,9.0,0.9310344827586207,0.3333333333333333,Oakland,Alameda,Alameda County Office of Education,01100170112607,K-12 Schools (Public),True,94.0,85.0,90.4,85.0,100.0,87.0,67.8,10.0,27.0,17.0,3.0,2.0,408.0,317.0,0.7769607843137255,,,,
ENVISION ACAD ARTS/TECHNOLOGY,2022,29.0,21.0,6.0,0.7241379310344828,0.2857142857142857,Oakland,Alameda,Alameda County Office of Education,01100170112607,K-12 Schools (Public),True,83.0,77.0,92.8,77.0,100.0,80.0,70.0,6.0,25.0,21.0,2.0,2.0,,,,2579.7,2533.3,52.46,22.03
ENVISION ACAD ARTS/TECHNOLOGY,2023,20.0,12.0,8.0,0.6,0.6666666666666666,Oakland,Alameda,Alameda County Office of Education,01100170112607,K-12 Schools (Public),True,73.0,62.0,84.9,60.0,96.8,63.0,61.9,7.0,16.0,9.0,1.0,6.0,272.0,214.0,0.7867647058823529,2565.1,2476.6,46.75,5.13
ENVISION ACAD ARTS/TECHNOLOGY,2024,12.0,11.0,8.0,0.9166666666666666,0.7272727272727273,Oakland,Alameda,Alameda County Office of Education,01100170112607,K-12 Schools (Public),True,46.0,42.0,91.3,42.0,100.0,,,,,,,,223.0,162.0,0.726457399103139,2560.3,2484.1,51.11,17.78
ENVISION ACAD ARTS/TECHNOLOGY,2025,13.0,8.0,6.0,0.6153846153846154,0.75,Oakland,Alameda,Alameda County Office of Education,01100170112607,K-12 Schools (Public),True,50.0,43.0,86.0,41.0,95.3,,,,,,,,207.0,153.0,0.7391304347826086,2517.4,2472.5,27.66,12.5
EVEREST PUBLIC HIGH SCHOOL,2013,24.0,18.0,10.0,0.75,0.5555555555555556,Redwood City,San Mateo,,,,,,,,,,,,,,,,,,,,,,,
EVEREST PUBLIC HIGH SCHOOL,2014,36.0,24.0,12.0,0.6666666666666666,0.5,Redwood City,San Mateo,,,,,,,,,,,,,,,,,,,,,,,
EVEREST PUBLIC HIGH SCHOOL,2015,51.0,39.0,22.0,0.7647058823529411,0.5641025641025641,Redwood City,San Mateo,,,,,,,,,,,,,,,,,,,,,,,
EVEREST PUBLIC HIGH SCHOOL,2016,30.0,23.0,14.0,0.7666666666666667,0.6086956521739131,Redwood City,San Mateo,,,,,,,,,,,,,,,,,,,,,,,
EVEREST PUBLIC HIGH SCHOOL,2017,52.0,39.0,15.0,0.75,0.38461538461538464,Redwood City,San Mateo,,,,,,,,,,,,,,,,,,,,,,,
EVEREST PUBLIC HIGH SCHOOL,2018,61.0,37.0,19.0,0.6065573770491803,0.5135135135135135,Redwood City,San Mateo,,,,,,,,,,,,,,,,,,,,,,,
EVEREST PUBLIC HIGH SCHOOL,2019,44.0,29.0,15.0,0.6590909090909091,0.5172413793103449,Redwood City,San Mateo,,,,,,,,,,,,,,,,,,,,,,,
EVEREST PUBLIC HIGH SCHOOL,2020,39.0,29.0,15.0,0.7435897435897436,0.5172413793103449,Redwood City,San Mateo,,,,,,,,,,,,,,,,,,,,,,,
EVEREST PUBLIC HIGH SCHOOL,2021,34.0,26.0,16.0,0.7647058823529411,0.6153846153846154,Redwood City,San Mateo,,,,,,,,,,,,,,,,,,,,,,,
EVEREST PUBLIC HIGH SCHOOL,2022,37.0,25.0,7.0,0.6756756756756757,0.28,Redwood City,San Mateo,,,,,,,,,,,,,,,,,,,,,,,
EVEREST PUBLIC HIGH SCHOOL,2023,27.0,20.0,3.0,0.7407407407407407,0.15,Redwood City,San Mateo,,,,,,,,,,,,,,,,,,,,,,,
EVEREST PUBLIC HIGH SCHOOL,2024,26.0,19.0,8.0,0.7307692307692307,0.42105263157894735,Redwood City,San Mateo,,,,,,,,,,,,,,,,,,,,,,,
EVEREST PUBLIC HIGH SCHOOL,2025,13.0,10.0,5.0,0.7692307692307693,0.5,Redwood City,San Mateo,,,,,,,,,,,,,,,,,,,,,,,
EVERGREEN VALLEY HIGH SCHOOL,2005,103.0,96.0,58.0,0.9320388349514563,0.6041666666666666,San Jose,Santa Clara,East Side Union High,43694274330692,High Schools (Public),False,,,,,,,,,,,,,,,,,,,
EVERGREEN VALLEY HIGH SCHOOL,2006,182.0,164.0,112.0,0.9010989010989011,0.6829268292682927,San Jose,Santa Clara,East Side Union High,43694274330692,High Schools (Public),False,,,,,,,,,,,,,,,,,,,
EVERGREEN VALLEY HIGH SCHOOL,2007,235.0,203.0,131.0,0.8638297872340426,0.645320197044335,San Jose,Santa Clara,East Side Union High,43694274330692,High Schools (Public),False,,,,,,,,,,,,,,,,,,,
EVERGREEN VALLEY HIGH SCHOOL,2008,205.0,186.0,121.0,0.9073170731707317,0.6505376344086021,San Jose,Santa Clara,East Side Union High,43694274330692,High Schools (Public),False,,,,,,,,,,,,,,,,,,,
EVERGREEN VALLEY HIGH SCHOOL,2009,192.0,171.0,93.0,0.890625,0.543859649122807,San Jose,Santa Clara,East Side Union High,43694274330692,High Schools (Public),False,,,,,,,,,,,,,,,,,,,
EVERGREEN VALLEY HIGH SCHOOL,2010,236.0,204.0,110.0,0.864406779661017,0.5392156862745098,San Jose,Santa Clara,East Side Union High,43694274330692,High Schools (Public),False,,,,,,,,,,,,,,,,,,,
EVERGREEN VALLEY HIGH SCHOOL,2011,211.0,162.0,95.0,0.7677725118483413,0.5864197530864198,San Jose,Santa Clara,East Side Union High,43694274330692,High Schools (Public),False,,,,,,,,,,,,,,,,,,,
EVERGREEN VALLEY HIGH SCHOOL,2012,238.0,179.0,110.0,0.7521008403361344,0.6145251396648045,San Jose,Santa Clara,East Side Union High,43694274330692,High Schools (Public),False,,,,,,,,,,,,,,,,,,,
EVERGREEN VALLEY HIGH SCHOOL,2013,287.0,204.0,114.0,0.710801393728223,0.5588235294117647,San Jose,Santa Clara,East Side Union High,43694274330692,High Schools (Public),False,,,,,,,,,,,,,,,,,,,
EVERGREEN VALLEY HIGH SCHOOL,2014,281.0,194.0,132.0,0.6903914590747331,0.6804123711340206,San Jose,Santa Clara,East Side Union High,43694274330692,High Schools (Public),False,,,,,,,,,,,,,2734.0,,,,,,
EVERGREEN VALLEY HIGH SCHOOL,2015,302.0,199.0,119.0,0.6589403973509934,0.5979899497487438,San Jose,Santa Clara,East Side Union High,43694274330692,High Schools (Public),False,,,,,,617.0,80.2,112.0,95.0,226.0,25.0,37.0,2763.0,441.0,0.1596091205211726,,,,
EVERGREEN VALLEY HIGH SCHOOL,2016,308.0,237.0,146.0,0.7694805194805194,0.6160337552742616,San Jose,Santa Clara,East Side Union High,43694274330692,High Schools (Public),False,,,,,,648.0,88.1,139.0,63.0,298.0,34.0,37.0,2809.0,477.0,0.1698113207547169,2649.9,2653.8,75.0,60.0
EVERGREEN VALLEY HIGH SCHOOL,2017,314.0,219.0,127.0,0.697452229299363,0.5799086757990868,San Jose,Santa Clara,East Side Union High,43694274330692,High Schools (Public),False,684.0,644.0,94.2,416.0,64.6,653.0,89.4,116.0,118.0,270.0,36.0,44.0,2868.0,467.0,0.1628312412831241,2674.5,2679.7,83.0,69.0
EVERGREEN VALLEY HIGH SCHOOL,2018,347.0,223.0,132.0,0.6426512968299711,0.5919282511210763,San Jose,Santa Clara,East Side Union High,43694274330692,High Schools (Public),False,723.0,696.0,96.3,478.0,68.7,705.0,90.6,128.0,97.0,335.0,36.0,43.0,2932.0,554.0,0.1889495225102319,2677.7,2672.6,85.02,68.79
EVERGREEN VALLEY HIGH SCHOOL,2019,373.0,250.0,134.0,0.6702412868632708,0.536,San Jose,Santa Clara,East Side Union High,43694274330692,High Schools (Public),False,720.0,686.0,95.3,503.0,73.3,693.0,88.9,127.0,104.0,274.0,35.0,76.0,2961.0,475.0,0.160418777440054,2675.4,2689.8,82.88,72.47
EVERGREEN VALLEY HIGH SCHOOL,2020,364.0,300.0,154.0,0.8241758241758241,0.5133333333333333,San Jose,Santa Clara,East Side Union High,43694274330692,High Schools (Public),False,722.0,697.0,96.5,495.0,71.0,704.0,89.6,145.0,104.0,272.0,43.0,67.0,2978.0,441.0,0.1480859637340497,2662.1,2691.6,78.56,71.06
EVERGREEN VALLEY HIGH SCHOOL,2021,420.0,308.0,160.0,0.7333333333333333,0.5194805194805194,San Jose,Santa Clara,East Side Union High,43694274330692,High Schools (Public),False,773.0,729.0,94.3,514.0,70.5,738.0,90.9,147.0,122.0,271.0,36.0,95.0,2999.0,528.0,0.1760586862287429,,,,
EVERGREEN VALLEY HIGH SCHOOL,2022,442.0,330.0,154.0,0.746606334841629,0.4666666666666667,San Jose,Santa Clara,East Side Union High,43694274330692,High Schools (Public),False,753.0,739.0,98.1,563.0,76.2,745.0,91.3,146.0,127.0,282.0,36.0,89.0,,,,2688.1,2710.8,82.82,76.05
EVERGREEN VALLEY HIGH SCHOOL,2023,425.0,350.0,192.0,0.8235294117647058,0.5485714285714286,San Jose,Santa Clara,East Side Union High,43694274330692,High Schools (Public),False,714.0,691.0,96.8,506.0,73.2,699.0,92.8,187.0,131.0,237.0,29.0,65.0,2767.0,349.0,0.1261293820021684,2691.8,2686.8,86.18,66.96
EVERGREEN VALLEY HIGH SCHOOL,2024,438.0,332.0,169.0,0.7579908675799086,0.5090361445783133,San Jose,Santa Clara,East Side Union High,43694274330692,High Schools (Public),False,742.0,718.0,96.8,541.0,75.3,,,,,,,,2749.0,552.0,0.2008002910149145,2683.7,2683.2,87.64,69.32
EVERGREEN VALLEY HIGH SCHOOL,2025,406.0,334.0,152.0,0.8226600985221675,0.4550898203592814,San Jose,Santa Clara,East Side Union High,43694274330692,High Schools (Public),False,699.0,665.0,95.1,518.0,77.9,,,,,,,,2703.0,606.0,0.2241953385127636,2680.1,2680.8,83.53,67.47
EXCEL COLLEGE PREPARATORY HS,2007,9.0,7.0,6.0,0.7777777777777778,0.8571428571428571,Oakland,Alameda,Oakland Unified,01612590110189,High Schools (Public),False,,,,,,,,,,,,,,,,,,,
EXCEL COLLEGE PREPARATORY HS,2008,16.0,10.0,4.0,0.625,0.4,Oakland,Alameda,Oakland Unified,01612590110189,High Schools (Public),False,,,,,,,,,,,,,,,,,,,
EXCEL COLLEGE PREPARATORY HS,2009,8.0,5,,0.625,,Oakland,Alameda,Oakland Unified,01612590110189,High Schools (Public),False,,,,,,,,,,,,,,,,,,,
EXCEL COLLEGE PREPARATORY HS,2010,11.0,7.0,4.0,0.6363636363636364,0.5714285714285714,Oakland,Alameda,Oakland Unified,01612590110189,High Schools (Public),False,,,,,,,,,,,,,,,,,,,
EXCEL COLLEGE PREPARATORY HS,2011,9.0,,,,,Oakland,Alameda,Oakland Unified,01612590110189,High Schools (Public),False,,,,,,,,,,,,,,,,,,,
FAIRFIELD HIGH SCHOOL,2005,47.0,42.0,28.0,0.8936170212765957,0.6666666666666666,Fairfield,Solano,Fairfield-Suisun Unified,48705404833000,High Schools (Public),False,,,,,,,,,,,,,,,,,,,
FAIRFIELD HIGH SCHOOL,2006,57.0,49.0,34.0,0.8596491228070176,0.6938775510204082,Fairfield,Solano,Fairfield-Suisun Unified,48705404833000,High Schools (Public),False,,,,,,,,,,,,,,,,,,,
FAIRFIELD HIGH SCHOOL,2007,44.0,39.0,20.0,0.8863636363636364,0.5128205128205128,Fairfield,Solano,Fairfield-Suisun Unified,48705404833000,High Schools (Public),False,,,,,,,,,,,,,,,,,,,
FAIRFIELD HIGH SCHOOL,2008,33.0,27.0,17.0,0.8181818181818182,0.6296296296296297,Fairfield,Solano,Fairfield-Suisun Unified,48705404833000,High Schools (Public),False,,,,,,,,,,,,,,,,,,,
FAIRFIELD HIGH SCHOOL,2009,35.0,31.0,15.0,0.8857142857142857,0.4838709677419355,Fairfield,Solano,Fairfield-Suisun Unified,48705404833000,High Schools (Public),False,,,,,,,,,,,,,,,,,,,
FAIRFIELD HIGH SCHOOL,2010,26.0,23.0,10.0,0.8846153846153846,0.43478260869565216,Fairfield,Solano,Fairfield-Suisun Unified,48705404833000,High Schools (Public),False,,,,,,,,,,,,,,,,,,,
FAIRFIELD HIGH SCHOOL,2011,19.0,13.0,9.0,0.6842105263157895,0.6923076923076923,Fairfield,Solano,Fairfield-Suisun Unified,48705404833000,High Schools (Public),False,,,,,,,,,,,,,,,,,,,
FAIRFIELD HIGH SCHOOL,2012,16.0,12.0,7.0,0.75,0.5833333333333334,Fairfield,Solano,Fairfield-Suisun Unified,48705404833000,High Schools (Public),False,,,,,,,,,,,,,,,,,,,
FAIRFIELD HIGH SCHOOL,2013,20.0,12.0,10.0,0.6,0.8333333333333334,Fairfield,Solano,Fairfield-Suisun Unified,48705404833000,High Schools (Public),False,,,,,,,,,,,,,,,,,,,
FAIRFIELD HIGH SCHOOL,2014,21.0,9.0,5.0,0.42857142857142855,0.5555555555555556,Fairfield,Solano,Fairfield-Suisun Unified,48705404833000,High Schools (Public),False,,,,,,,,,,,,,1383.0,,,,,,
FAIRFIELD HIGH SCHOOL,2015,12.0,9.0,3.0,0.75,0.3333333333333333,Fairfield,Solano,Fairfield-Suisun Unified,48705404833000,High Schools (Public),False,,,,,,269.0,55.4,3.0,15.0,116.0,2.0,13.0,1385.0,884.0,0.6382671480144404,,,,
FAIRFIELD HIGH SCHOOL,2016,29.0,22.0,17.0,0.7586206896551724,0.7727272727272727,Fairfield,Solano,Fairfield-Suisun Unified,48705404833000,High Schools (Public),False,,,,,,245.0,59.6,16.0,19.0,105.0,1.0,5.0,1443.0,925.0,0.6410256410256411,2597.5,2553.3,59.0,24.0
FAIRFIELD HIGH SCHOOL,2017,22.0,18.0,13.0,0.8181818181818182,0.7222222222222222,Fairfield,Solano,Fairfield-Suisun Unified,48705404833000,High Schools (Public),False,324.0,266.0,82.1,80.0,30.1,267.0,59.2,12.0,9.0,129.0,3.0,5.0,1453.0,944.0,0.6496902959394356,2583.0,2546.6,53.0,19.0
FAIRFIELD HIGH SCHOOL,2018,25.0,14.0,6.0,0.56,0.42857142857142855,Fairfield,Solano,Fairfield-Suisun Unified,48705404833000,High Schools (Public),False,298.0,247.0,82.9,71.0,28.7,249.0,49.0,6.0,8.0,95.0,3.0,10.0,1504.0,1108.0,0.7367021276595744,2570.8,2525.2,50.17,17.23
FAIRFIELD HIGH SCHOOL,2019,26.0,17.0,5.0,0.6538461538461539,0.29411764705882354,Fairfield,Solano,Fairfield-Suisun Unified,48705404833000,High Schools (Public),False,326.0,282.0,86.5,82.0,29.1,288.0,45.8,5.0,12.0,100.0,3.0,12.0,1489.0,1070.0,0.7186030893216924,2557.2,2501.7,41.9,10.43
FAIRFIELD HIGH SCHOOL,2020,30.0,19.0,13.0,0.6333333333333333,0.6842105263157895,Fairfield,Solano,Fairfield-Suisun Unified,48705404833000,High Schools (Public),False,310.0,268.0,86.5,70.0,26.1,270.0,44.1,12.0,16.0,86.0,1.0,4.0,1540.0,1025.0,0.6655844155844156,2567.5,2507.0,45.36,13.21
FAIRFIELD HIGH SCHOOL,2021,27.0,14.0,7.0,0.5185185185185185,0.5,Fairfield,Solano,Fairfield-Suisun Unified,48705404833000,High Schools (Public),False,338.0,290.0,85.8,71.0,24.5,288.0,44.1,7.0,9.0,101.0,2.0,8.0,1596.0,1117.0,0.699874686716792,,,,
FAIRFIELD HIGH SCHOOL,2022,26.0,20.0,9.0,0.7692307692307693,0.45,Fairfield,Solano,Fairfield-Suisun Unified,48705404833000,High Schools (Public),False,380.0,337.0,88.7,75.0,22.3,338.0,43.2,8.0,8.0,119.0,3.0,8.0,,,,2551.6,2515.9,40.14,14.14
FAIRFIELD HIGH SCHOOL,2023,25.0,15.0,8.0,0.6,0.5333333333333333,Fairfield,Solano,Fairfield-Suisun Unified,48705404833000,High Schools (Public),False,353.0,266.0,75.4,68.0,25.6,269.0,50.2,8.0,14.0,104.0,4.0,5.0,1633.0,939.0,0.575015309246785,2510.6,2465.5,28.88,4.8
FAIRFIELD HIGH SCHOOL,2024,39.0,29.0,18.0,0.7435897435897436,0.6206896551724138,Fairfield,Solano,Fairfield-Suisun Unified,48705404833000,High Schools (Public),False,349.0,305.0,87.4,67.0,22.0,,,,,,,,1560.0,977.0,0.6262820512820513,2561.3,2494.6,45.87,11.59
FAIRFIELD HIGH SCHOOL,2025,32.0,22.0,8.0,0.6875,0.36363636363636365,Fairfield,Solano,Fairfield-Suisun Unified,48705404833000,High Schools (Public),False,412.0,366.0,88.8,73.0,19.9,,,,,,,,1605.0,1305.0,0.8130841121495327,2552.8,2479.5,41.53,10.03
FAME PUBLIC CHARTER SCHOOL,2011,7.0,6.0,4.0,0.8571428571428571,0.6666666666666666,Newark,Alameda,,,,,,,,,,,,,,,,,,,,,,,
FAME PUBLIC CHARTER SCHOOL,2012,11.0,6.0,4.0,0.5454545454545454,0.6666666666666666,Newark,Alameda,,,,,,,,,,,,,,,,,,,,,,,
FAME PUBLIC CHARTER SCHOOL,2013,14.0,12.0,5.0,0.8571428571428571,0.4166666666666667,Newark,Alameda,,,,,,,,,,,,,,,,,,,,,,,
FAME PUBLIC CHARTER SCHOOL,2014,5.0,3,,0.6,,Newark,Alameda,,,,,,,,,,,,,,,,,,,,,,,
FAME PUBLIC CHARTER SCHOOL,2015,16.0,9.0,6.0,0.5625,0.6666666666666666,Newark,Alameda,,,,,,,,,,,,,,,,,,,,,,,
FAR WEST HIGH SCHOOL,2010,7.0,5,,0.7142857142857143,,Oakland,Alameda,Oakland Unified,01612590130146,Continuation High Schools,False,,,,,,,,,,,,,,,,,,,
FOOTHILL HIGH SCHOOL,2005,159.0,153.0,97.0,0.9622641509433962,0.6339869281045751,Pleasanton,Alameda,Pleasanton Unified,01751010130096,High Schools (Public),False,,,,,,,,,,,,,,,,,,,
FOOTHILL HIGH SCHOOL,2006,203.0,193.0,113.0,0.9507389162561576,0.5854922279792746,Pleasanton,Alameda,Pleasanton Unified,01751010130096,High Schools (Public),False,,,,,,,,,,,,,,,,,,,
FOOTHILL HIGH SCHOOL,2007,206.0,190.0,100.0,0.9223300970873787,0.5263157894736842,Pleasanton,Alameda,Pleasanton Unified,01751010130096,High Schools (Public),False,,,,,,,,,,,,,,,,,,,
FOOTHILL HIGH SCHOOL,2008,228.0,208.0,134.0,0.9122807017543859,0.6442307692307693,Pleasanton,Alameda,Pleasanton Unified,01751010130096,High Schools (Public),False,,,,,,,,,,,,,,,,,,,
FOOTHILL HIGH SCHOOL,2009,249.0,235.0,118.0,0.9437751004016064,0.502127659574468,Pleasanton,Alameda,Pleasanton Unified,01751010130096,High Schools (Public),False,,,,,,,,,,,,,,,,,,,
FOOTHILL HIGH SCHOOL,2010,209.0,195.0,83.0,0.9330143540669856,0.4256410256410256,Pleasanton,Alameda,Pleasanton Unified,01751010130096,High Schools (Public),False,,,,,,,,,,,,,,,,,,,
FOOTHILL HIGH SCHOOL,2011,232.0,182.0,92.0,0.7844827586206896,0.5054945054945055,Pleasanton,Alameda,Pleasanton Unified,01751010130096,High Schools (Public),False,,,,,,,,,,,,,,,,,,,
FOOTHILL HIGH SCHOOL,2012,253.0,191.0,91.0,0.7549407114624506,0.47643979057591623,Pleasanton,Alameda,Pleasanton Unified,01751010130096,High Schools (Public),False,,,,,,,,,,,,,,,,,,,
FOOTHILL HIGH SCHOOL,2013,238.0,177.0,86.0,0.7436974789915967,0.4858757062146893,Pleasanton,Alameda,Pleasanton Unified,01751010130096,High Schools (Public),False,,,,,,,,,,,,,,,,,,,
FOOTHILL HIGH SCHOOL,2014,211.0,148.0,72.0,0.7014218009478673,0.4864864864864865,Pleasanton,Alameda,Pleasanton Unified,01751010130096,High Schools (Public),False,,,,,,,,,,,,,2158.0,,,,,,
FOOTHILL HIGH SCHOOL,2015,234.0,150.0,68.0,0.6410256410256411,0.4533333333333333,Pleasanton,Alameda,Pleasanton Unified,01751010130096,High Schools (Public),False,,,,,,512.0,80.9,50.0,66.0,159.0,30.0,109.0,2127.0,109.0,0.0512458862247296,,,,
FOOTHILL HIGH SCHOOL,2016,184.0,131.0,73.0,0.7119565217391305,0.5572519083969466,Pleasanton,Alameda,Pleasanton Unified,01751010130096,High Schools (Public),False,,,,,,475.0,84.0,69.0,68.0,141.0,35.0,86.0,2085.0,105.0,0.0503597122302158,2670.2,2657.7,80.0,61.0
FOOTHILL HIGH SCHOOL,2017,236.0,166.0,87.0,0.7033898305084746,0.5240963855421686,Pleasanton,Alameda,Pleasanton Unified,01751010130096,High Schools (Public),False,519.0,509.0,98.1,336.0,66.0,510.0,83.9,84.0,70.0,131.0,32.0,111.0,2148.0,121.0,0.0563314711359404,2688.6,2681.4,88.0,69.0
FOOTHILL HIGH SCHOOL,2018,260.0,191.0,96.0,0.7346153846153847,0.5026178010471204,Pleasanton,Alameda,Pleasanton Unified,01751010130096,High Schools (Public),False,518.0,511.0,98.6,359.0,70.3,514.0,88.9,91.0,65.0,142.0,41.0,118.0,2176.0,193.0,0.0886948529411764,2698.1,2689.1,88.93,71.84
FOOTHILL HIGH SCHOOL,2019,248.0,175.0,93.0,0.7056451612903226,0.5314285714285715,Pleasanton,Alameda,Pleasanton Unified,01751010130096,High Schools (Public),False,497.0,485.0,97.6,358.0,73.8,490.0,85.9,89.0,81.0,115.0,19.0,117.0,2178.0,222.0,0.1019283746556473,2687.5,2688.9,84.76,70.06
FOOTHILL HIGH SCHOOL,2020,293.0,229.0,132.0,0.7815699658703071,0.5764192139737991,Pleasanton,Alameda,Pleasanton Unified,01751010130096,High Schools (Public),False,551.0,538.0,97.6,415.0,77.1,540.0,88.0,123.0,78.0,121.0,28.0,125.0,2217.0,190.0,0.085701398285972,2685.1,2688.0,84.88,69.48
FOOTHILL HIGH SCHOOL,2021,292.0,224.0,118.0,0.7671232876712328,0.5267857142857143,Pleasanton,Alameda,Pleasanton Unified,01751010130096,High Schools (Public),False,531.0,521.0,98.1,428.0,82.1,523.0,85.9,112.0,74.0,108.0,37.0,118.0,2237.0,211.0,0.0943227536879749,,,,
FOOTHILL HIGH SCHOOL,2022,319.0,230.0,109.0,0.7210031347962382,0.47391304347826085,Pleasanton,Alameda,Pleasanton Unified,01751010130096,High Schools (Public),False,553.0,537.0,97.1,438.0,81.6,541.0,86.1,98.0,75.0,129.0,25.0,139.0,,,,,,,
FOOTHILL HIGH SCHOOL,2023,318.0,265.0,135.0,0.8333333333333334,0.5094339622641509,Pleasanton,Alameda,Pleasanton Unified,01751010130096,High Schools (Public),False,553.0,536.0,96.9,452.0,84.3,540.0,89.1,134.0,66.0,125.0,25.0,131.0,2199.0,153.0,0.0695770804911323,2685.1,2709.7,82.91,72.86
FOOTHILL HIGH SCHOOL,2024,320.0,258.0,106.0,0.80625,0.4108527131782946,Pleasanton,Alameda,Pleasanton Unified,01751010130096,High Schools (Public),False,572.0,544.0,95.1,447.0,82.2,,,,,,,,2208.0,192.0,0.0869565217391304,2687.9,2689.1,85.77,69.58
FOOTHILL HIGH SCHOOL,2025,304.0,264.0,120.0,0.868421052631579,0.45454545454545453,Pleasanton,Alameda,Pleasanton Unified,01751010130096,High Schools (Public),False,513.0,491.0,95.7,408.0,83.1,,,,,,,,2169.0,192.0,0.0885200553250345,2677.3,2679.5,81.49,66.52
FREEDOM HIGH SCHOOL,2005,31.0,26.0,16.0,0.8387096774193549,0.6153846153846154,Oakley,Contra Costa,Liberty Union High,07617210730457,High Schools (Public),False,,,,,,,,,,,,,,,,,,,
FREEDOM HIGH SCHOOL,2006,28.0,27.0,14.0,0.9642857142857143,0.5185185185185185,Oakley,Contra Costa,Liberty Union High,07617210730457,High Schools (Public),False,,,,,,,,,,,,,,,,,,,
FREEDOM HIGH SCHOOL,2007,31.0,27.0,13.0,0.8709677419354839,0.48148148148148145,Oakley,Contra Costa,Liberty Union High,07617210730457,High Schools (Public),False,,,,,,,,,,,,,,,,,,,
FREEDOM HIGH SCHOOL,2008,34.0,31.0,15.0,0.9117647058823529,0.4838709677419355,Oakley,Contra Costa,Liberty Union High,07617210730457,High Schools (Public),False,,,,,,,,,,,,,,,,,,,
FREEDOM HIGH SCHOOL,2009,44.0,40.0,19.0,0.9090909090909091,0.475,Oakley,Contra Costa,Liberty Union High,07617210730457,High Schools (Public),False,,,,,,,,,,,,,,,,,,,
FREEDOM HIGH SCHOOL,2010,35.0,28.0,15.0,0.8,0.5357142857142857,Oakley,Contra Costa,Liberty Union High,07617210730457,High Schools (Public),False,,,,,,,,,,,,,,,,,,,
FREEDOM HIGH SCHOOL,2011,41.0,31.0,19.0,0.7560975609756098,0.6129032258064516,Oakley,Contra Costa,Liberty Union High,07617210730457,High Schools (Public),False,,,,,,,,,,,,,,,,,,,
FREEDOM HIGH SCHOOL,2012,53.0,28.0,14.0,0.5283018867924528,0.5,Oakley,Contra Costa,Liberty Union High,07617210730457,High Schools (Public),False,,,,,,,,,,,,,,,,,,,
FREEDOM HIGH SCHOOL,2013,54.0,31.0,21.0,0.5740740740740741,0.6774193548387096,Oakley,Contra Costa,Liberty Union High,07617210730457,High Schools (Public),False,,,,,,,,,,,,,,,,,,,
FREEDOM HIGH SCHOOL,2014,59.0,36.0,21.0,0.6101694915254238,0.5833333333333334,Oakley,Contra Costa,Liberty Union High,07617210730457,High Schools (Public),False,,,,,,,,,,,,,2560.0,,,,,,
FREEDOM HIGH SCHOOL,2015,71.0,37.0,24.0,0.5211267605633803,0.6486486486486487,Oakley,Contra Costa,Liberty Union High,07617210730457,High Schools (Public),False,,,,,,557.0,62.8,20.0,67.0,220.0,17.0,26.0,2550.0,910.0,0.3568627450980392,,,,
FREEDOM HIGH SCHOOL,2016,72.0,47.0,24.0,0.6527777777777778,0.5106382978723404,Oakley,Contra Costa,Liberty Union High,07617210730457,High Schools (Public),False,,,,,,560.0,69.5,20.0,60.0,258.0,12.0,39.0,2624.0,925.0,0.352515243902439,2571.1,2541.9,47.0,20.0
FREEDOM HIGH SCHOOL,2017,76.0,45.0,26.0,0.5921052631578947,0.5777777777777777,Oakley,Contra Costa,Liberty Union High,07617210730457,High Schools (Public),False,605.0,593.0,98.0,281.0,47.4,596.0,67.8,22.0,65.0,272.0,13.0,32.0,2643.0,944.0,0.3571698827090427,2599.6,2556.1,59.0,25.0
FREEDOM HIGH SCHOOL,2018,76.0,45.0,30.0,0.5921052631578947,0.6666666666666666,Oakley,Contra Costa,Liberty Union High,07617210730457,High Schools (Public),False,588.0,571.0,97.1,289.0,50.6,578.0,73.7,29.0,69.0,280.0,20.0,28.0,2600.0,1013.0,0.3896153846153846,2607.0,2551.3,62.01,23.56
FREEDOM HIGH SCHOOL,2019,71.0,47.0,25.0,0.6619718309859155,0.5319148936170213,Oakley,Contra Costa,Liberty Union High,07617210730457,High Schools (Public),False,629.0,621.0,98.7,300.0,48.3,624.0,63.6,25.0,49.0,270.0,12.0,41.0,2589.0,1014.0,0.3916570104287369,2568.9,2539.2,46.78,18.86
FREEDOM HIGH SCHOOL,2020,81.0,51.0,21.0,0.6296296296296297,0.4117647058823529,Oakley,Contra Costa,Liberty Union High,07617210730457,High Schools (Public),False,595.0,587.0,98.7,294.0,50.1,591.0,61.9,22.0,47.0,267.0,8.0,22.0,2545.0,1052.0,0.4133595284872298,2607.9,2553.2,62.61,23.62
FREEDOM HIGH SCHOOL,2021,89.0,65.0,40.0,0.7303370786516854,0.6153846153846154,Oakley,Contra Costa,Liberty Union High,07617210730457,High Schools (Public),False,563.0,551.0,97.9,277.0,50.3,553.0,64.0,40.0,36.0,225.0,10.0,43.0,2495.0,824.0,0.3302605210420841,,,,
FREEDOM HIGH SCHOOL,2022,98.0,54.0,27.0,0.5510204081632653,0.5,Oakley,Contra Costa,Liberty Union High,07617210730457,High Schools (Public),False,587.0,577.0,98.3,281.0,48.7,581.0,62.3,24.0,51.0,241.0,9.0,37.0,,,,,,,
FREEDOM HIGH SCHOOL,2023,84.0,59.0,26.0,0.7023809523809523,0.4406779661016949,Oakley,Contra Costa,Liberty Union High,07617210730457,High Schools (Public),False,566.0,550.0,97.2,275.0,50.0,551.0,63.5,24.0,47.0,245.0,11.0,23.0,2527.0,800.0,0.3165809259992085,2574.4,2513.2,52.57,14.11
FREEDOM HIGH SCHOOL,2024,81.0,53.0,33.0,0.654320987654321,0.6226415094339622,Oakley,Contra Costa,Liberty Union High,07617210730457,High Schools (Public),False,569.0,555.0,97.5,252.0,45.4,,,,,,,,2478.0,714.0,0.288135593220339,2590.8,2513.9,55.23,16.41
FREEDOM HIGH SCHOOL,2025,86.0,66.0,30.0,0.7674418604651163,0.45454545454545453,Oakley,Contra Costa,Liberty Union High,07617210730457,High Schools (Public),False,588.0,567.0,96.4,295.0,52.0,,,,,,,,2460.0,967.0,0.3930894308943089,2581.8,2517.6,53.65,14.54
FREMONT HIGH SCHOOL,2005,94.0,80.0,48.0,0.851063829787234,0.6,Oakland,Alameda,Oakland Unified,01612590125716,High Schools (Public),False,,,,,,,,,,,,,,,,,,,
FREMONT HIGH SCHOOL,2006,114.0,106.0,60.0,0.9298245614035088,0.5660377358490566,Oakland,Alameda,Oakland Unified,01612590125716,High Schools (Public),False,,,,,,,,,,,,,,,,,,,
FREMONT HIGH SCHOOL,2007,87.0,81.0,52.0,0.9310344827586207,0.6419753086419753,Sunnyvale,Santa Clara,Fremont Union High,43694684332474,High Schools (Public),False,,,,,,,,,,,,,,,,,,,
FREMONT HIGH SCHOOL,2008,100.0,91.0,48.0,0.91,0.5274725274725275,Sunnyvale,Santa Clara,Fremont Union High,43694684332474,High Schools (Public),False,,,,,,,,,,,,,,,,,,,
FREMONT HIGH SCHOOL,2009,99.0,89.0,55.0,0.898989898989899,0.6179775280898876,Sunnyvale,Santa Clara,Fremont Union High,43694684332474,High Schools (Public),False,,,,,,,,,,,,,,,,,,,
FREMONT HIGH SCHOOL,2010,100.0,91.0,36.0,0.91,0.3956043956043956,Sunnyvale,Santa Clara,Fremont Union High,43694684332474,High Schools (Public),False,,,,,,,,,,,,,,,,,,,
FREMONT HIGH SCHOOL,2011,104.0,87.0,44.0,0.8365384615384616,0.5057471264367817,Sunnyvale,Santa Clara,Fremont Union High,43694684332474,High Schools (Public),False,,,,,,,,,,,,,,,,,,,
FREMONT HIGH SCHOOL,2012,100.0,73.0,42.0,0.73,0.5753424657534246,Sunnyvale,Santa Clara,Fremont Union High,43694684332474,High Schools (Public),False,,,,,,,,,,,,,,,,,,,
FREMONT HIGH SCHOOL,2013,143.0,96.0,51.0,0.6713286713286714,0.53125,Oakland,Alameda,Oakland Unified,01612590125716,High Schools (Public),False,,,,,,,,,,,,,,,,,,,
FREMONT HIGH SCHOOL,2014,133.0,99.0,59.0,0.7443609022556391,0.5959595959595959,Oakland,Alameda,Oakland Unified,01612590125716,High Schools (Public),False,,,,,,,,,,,,,727.0,,,,,,
FREMONT HIGH SCHOOL,2015,162.0,108.0,50.0,0.6666666666666666,0.46296296296296297,Oakland,Alameda,Oakland Unified,01612590125716,High Schools (Public),False,,,,,,94.0,51.1,5.0,6.0,36.0,0.0,1.0,811.0,613.0,0.7558569667077681,,,,
FREMONT HIGH SCHOOL,2016,132.0,98.0,50.0,0.7424242424242424,0.5102040816326531,Oakland,Alameda,Oakland Unified,01612590125716,High Schools (Public),False,,,,,,87.0,59.8,2.0,11.0,38.0,0.0,1.0,773.0,646.0,0.8357050452781372,2473.7,2430.5,12.0,1.0
FREMONT HIGH SCHOOL,2017,143.0,92.0,40.0,0.6433566433566433,0.43478260869565216,Oakland,Alameda,Oakland Unified,01612590125716,High Schools (Public),False,136.0,82.0,60.3,22.0,26.8,99.0,50.5,5.0,9.0,32.0,1.0,3.0,764.0,654.0,0.856020942408377,2478.3,2461.1,18.0,4.0
FREMONT HIGH SCHOOL,2018,200.0,130.0,70.0,0.65,0.5384615384615384,Oakland,Alameda,Oakland Unified,01612590125716,High Schools (Public),False,201.0,114.0,56.7,45.0,39.5,119.0,57.1,6.0,10.0,46.0,3.0,3.0,827.0,781.0,0.9443772672309552,2480.0,2433.4,15.49,2.78
FREMONT HIGH SCHOOL,2019,171.0,124.0,54.0,0.7251461988304093,0.43548387096774194,Oakland,Alameda,Oakland Unified,01612590125716,High Schools (Public),False,198.0,116.0,58.6,62.0,53.4,136.0,44.9,3.0,8.0,47.0,1.0,2.0,771.0,728.0,0.9442282749675746,2438.0,2418.5,7.95,0.66
FREMONT HIGH SCHOOL,2020,188.0,145.0,72.0,0.7712765957446809,0.496551724137931,Oakland,Alameda,Oakland Unified,01612590125716,High Schools (Public),False,224.0,146.0,65.2,96.0,65.8,157.0,35.7,5.0,8.0,36.0,4.0,3.0,841.0,765.0,0.9096313912009512,2476.8,2425.7,17.61,2.47
FREMONT HIGH SCHOOL,2021,233.0,171.0,83.0,0.7339055793991416,0.4853801169590643,Oakland,Alameda,Oakland Unified,01612590125716,High Schools (Public),False,185.0,133.0,71.9,69.0,51.9,140.0,28.6,4.0,12.0,20.0,2.0,2.0,927.0,839.0,0.9050701186623517,,,,
FREMONT HIGH SCHOOL,2022,238.0,174.0,66.0,0.7310924369747899,0.3793103448275862,Oakland,Alameda,Oakland Unified,01612590125716,High Schools (Public),False,243.0,167.0,68.7,89.0,53.3,171.0,36.8,6.0,15.0,30.0,2.0,10.0,,,,2703.0,2699.6,83.33,69.14
FREMONT HIGH SCHOOL,2023,221.0,173.0,73.0,0.7828054298642534,0.42196531791907516,Oakland,Alameda,Oakland Unified,01612590125716,High Schools (Public),False,225.0,171.0,76.0,109.0,63.7,193.0,40.4,12.0,18.0,46.0,1.0,1.0,1146.0,1111.0,0.9694589877835952,2454.8,2399.2,12.24,0.53
FREMONT HIGH SCHOOL,2024,289.0,213.0,71.0,0.7370242214532872,0.3333333333333333,Oakland,Alameda,Oakland Unified,01612590125716,High Schools (Public),False,248.0,201.0,81.0,120.0,59.7,,,,,,,,1186.0,1179.0,0.9940978077571668,2459.0,2407.3,15.56,1.6
FREMONT HIGH SCHOOL,2025,231.0,188.0,68.0,0.8138528138528138,0.3617021276595745,Oakland,Alameda,Oakland Unified,01612590125716,High Schools (Public),False,263.0,195.0,74.1,136.0,69.7,,,,,,,,1166.0,1155.0,0.9905660377358492,2447.2,2403.7,11.98,0.91
GALILEO ACAD OF SCIENCE & TECH,2005,91.0,75.0,54.0,0.8241758241758241,0.72,San Francisco,San Francisco,San Francisco Unified,38684783831765,High Schools (Public),False,,,,,,,,,,,,,,,,,,,
GALILEO ACAD OF SCIENCE & TECH,2006,101.0,71.0,50.0,0.7029702970297029,0.704225352112676,San Francisco,San Francisco,San Francisco Unified,38684783831765,High Schools (Public),False,,,,,,,,,,,,,,,,,,,
GALILEO ACAD OF SCIENCE & TECH,2007,174.0,149.0,94.0,0.8563218390804598,0.6308724832214765,San Francisco,San Francisco,San Francisco Unified,38684783831765,High Schools (Public),False,,,,,,,,,,,,,,,,,,,
GALILEO ACAD OF SCIENCE & TECH,2008,201.0,166.0,94.0,0.8258706467661692,0.5662650602409639,San Francisco,San Francisco,San Francisco Unified,38684783831765,High Schools (Public),False,,,,,,,,,,,,,,,,,,,
GALILEO ACAD OF SCIENCE & TECH,2009,181.0,153.0,89.0,0.8453038674033149,0.5816993464052288,San Francisco,San Francisco,San Francisco Unified,38684783831765,High Schools (Public),False,,,,,,,,,,,,,,,,,,,
GALILEO ACAD OF SCIENCE & TECH,2010,228.0,194.0,124.0,0.8508771929824561,0.6391752577319587,San Francisco,San Francisco,San Francisco Unified,38684783831765,High Schools (Public),False,,,,,,,,,,,,,,,,,,,
GALILEO ACAD OF SCIENCE & TECH,2011,190.0,144.0,87.0,0.7578947368421053,0.6041666666666666,San Francisco,San Francisco,San Francisco Unified,38684783831765,High Schools (Public),False,,,,,,,,,,,,,,,,,,,
GALILEO ACAD OF SCIENCE & TECH,2012,227.0,155.0,106.0,0.6828193832599119,0.6838709677419355,San Francisco,San Francisco,San Francisco Unified,38684783831765,High Schools (Public),False,,,,,,,,,,,,,,,,,,,
GALILEO ACAD OF SCIENCE & TECH,2013,301.0,192.0,144.0,0.6378737541528239,0.75,San Francisco,San Francisco,San Francisco Unified,38684783831765,High Schools (Public),False,,,,,,,,,,,,,,,,,,,
GALILEO ACAD OF SCIENCE & TECH,2014,260.0,172.0,114.0,0.6615384615384615,0.6627906976744186,San Francisco,San Francisco,San Francisco Unified,38684783831765,High Schools (Public),False,,,,,,,,,,,,,1940.0,,,,,,
GALILEO ACAD OF SCIENCE & TECH,2015,202.0,111.0,77.0,0.5495049504950495,0.6936936936936937,San Francisco,San Francisco,San Francisco Unified,38684783831765,High Schools (Public),False,,,,,,401.0,82.5,59.0,127.0,130.0,5.0,10.0,1909.0,1529.0,0.8009429020429544,,,,
GALILEO ACAD OF SCIENCE & TECH,2016,191.0,127.0,90.0,0.6649214659685864,0.7086614173228346,San Francisco,San Francisco,San Francisco Unified,38684783831765,High Schools (Public),False,,,,,,411.0,80.3,77.0,101.0,129.0,13.0,10.0,1890.0,1443.0,0.7634920634920634,2629.2,2631.4,75.0,53.0
GALILEO ACAD OF SCIENCE & TECH,2017,211.0,119.0,76.0,0.5639810426540285,0.6386554621848739,San Francisco,San Francisco,San Francisco Unified,38684783831765,High Schools (Public),False,489.0,412.0,84.3,278.0,67.5,410.0,80.2,65.0,101.0,143.0,11.0,9.0,1872.0,1470.0,0.7852564102564102,2627.1,2640.5,74.0,62.0
GALILEO ACAD OF SCIENCE & TECH,2018,224.0,124.0,78.0,0.5535714285714286,0.6290322580645161,San Francisco,San Francisco,San Francisco Unified,38684783831765,High Schools (Public),False,447.0,402.0,89.9,258.0,64.2,412.0,84.5,76.0,129.0,120.0,12.0,11.0,1831.0,1185.0,0.647187329328236,2625.9,2640.6,73.32,61.9
GALILEO ACAD OF SCIENCE & TECH,2019,193.0,106.0,66.0,0.5492227979274611,0.6226415094339622,San Francisco,San Francisco,San Francisco Unified,38684783831765,High Schools (Public),False,411.0,359.0,87.3,260.0,72.4,369.0,77.8,63.0,111.0,91.0,16.0,6.0,1816.0,1209.0,0.6657488986784141,2626.6,2642.5,70.05,58.82
GALILEO ACAD OF SCIENCE & TECH,2020,176.0,129.0,82.0,0.7329545454545454,0.6356589147286822,San Francisco,San Francisco,San Francisco Unified,38684783831765,High Schools (Public),False,418.0,358.0,85.6,194.0,54.2,370.0,69.2,69.0,69.0,100.0,5.0,13.0,1838.0,1140.0,0.6202393906420022,2620.9,2627.6,70.6,52.76
GALILEO ACAD OF SCIENCE & TECH,2021,210.0,164.0,102.0,0.780952380952381,0.6219512195121951,San Francisco,San Francisco,San Francisco Unified,38684783831765,High Schools (Public),False,418.0,371.0,88.8,259.0,69.8,374.0,78.1,97.0,85.0,94.0,7.0,9.0,1846.0,1135.0,0.6148429035752979,,,,
GALILEO ACAD OF SCIENCE & TECH,2022,257.0,177.0,101.0,0.688715953307393,0.5706214689265536,San Francisco,San Francisco,San Francisco Unified,38684783831765,High Schools (Public),False,471.0,431.0,91.5,281.0,65.2,440.0,81.4,98.0,118.0,116.0,15.0,11.0,,,,,,,
GALILEO ACAD OF SCIENCE & TECH,2023,234.0,179.0,102.0,0.7649572649572649,0.5698324022346368,San Francisco,San Francisco,San Francisco Unified,38684783831765,High Schools (Public),False,467.0,410.0,87.8,277.0,67.6,419.0,83.1,101.0,98.0,118.0,11.0,20.0,1826.0,1047.0,0.5733844468784228,2606.5,2596.7,63.33,43.54
GALILEO ACAD OF SCIENCE & TECH,2024,216.0,162.0,89.0,0.75,0.5493827160493827,San Francisco,San Francisco,San Francisco Unified,38684783831765,High Schools (Public),False,425.0,376.0,88.5,275.0,73.1,,,,,,,,1741.0,1013.0,0.581849511774842,2628.9,2618.9,70.9,49.62
GALILEO ACAD OF SCIENCE & TECH,2025,214.0,178.0,115.0,0.8317757009345794,0.6460674157303371,San Francisco,San Francisco,San Francisco Unified,38684783831765,High Schools (Public),False,424.0,370.0,87.3,247.0,66.8,,,,,,,,1750.0,1101.0,0.6291428571428571,2620.6,2611.8,66.1,51.36
GATEWAY HIGH SCHOOL,2005,32.0,26.0,18.0,0.8125,0.6923076923076923,San Francisco,San Francisco,San Francisco Unified,38684783830437,High Schools (Public),True,,,,,,,,,,,,,,,,,,,
GATEWAY HIGH SCHOOL,2006,38.0,32.0,20.0,0.8421052631578947,0.625,San Francisco,San Francisco,San Francisco Unified,38684783830437,High Schools (Public),True,,,,,,,,,,,,,,,,,,,
GATEWAY HIGH SCHOOL,2007,46.0,41.0,24.0,0.8913043478260869,0.5853658536585366,San Francisco,San Francisco,San Francisco Unified,38684783830437,High Schools (Public),True,,,,,,,,,,,,,,,,,,,
GATEWAY HIGH SCHOOL,2008,44.0,37.0,19.0,0.8409090909090909,0.5135135135135135,San Francisco,San Francisco,San Francisco Unified,38684783830437,High Schools (Public),True,,,,,,,,,,,,,,,,,,,
GATEWAY HIGH SCHOOL,2009,34.0,29.0,12.0,0.8529411764705882,0.41379310344827586,San Francisco,San Francisco,San Francisco Unified,38684783830437,High Schools (Public),True,,,,,,,,,,,,,,,,,,,
GATEWAY HIGH SCHOOL,2010,41.0,30.0,14.0,0.7317073170731707,0.4666666666666667,San Francisco,San Francisco,San Francisco Unified,38684783830437,High Schools (Public),True,,,,,,,,,,,,,,,,,,,
GATEWAY HIGH SCHOOL,2011,29.0,19.0,10.0,0.6551724137931034,0.5263157894736842,San Francisco,San Francisco,San Francisco Unified,38684783830437,High Schools (Public),True,,,,,,,,,,,,,,,,,,,
GATEWAY HIGH SCHOOL,2012,38.0,29.0,15.0,0.7631578947368421,0.5172413793103449,San Francisco,San Francisco,San Francisco Unified,38684783830437,High Schools (Public),True,,,,,,,,,,,,,,,,,,,
GATEWAY HIGH SCHOOL,2013,40.0,28.0,18.0,0.7,0.6428571428571429,San Francisco,San Francisco,San Francisco Unified,38684783830437,High Schools (Public),True,,,,,,,,,,,,,,,,,,,
GATEWAY HIGH SCHOOL,2014,46.0,35.0,23.0,0.7608695652173914,0.6571428571428571,San Francisco,San Francisco,San Francisco Unified,38684783830437,High Schools (Public),True,,,,,,,,,,,,,480.0,,,,,,
GATEWAY HIGH SCHOOL,2015,45.0,26.0,15.0,0.5777777777777777,0.5769230769230769,San Francisco,San Francisco,San Francisco Unified,38684783830437,High Schools (Public),True,,,,,,107.0,85.0,12.0,23.0,36.0,3.0,17.0,489.0,187.0,0.3824130879345603,,,,
GATEWAY HIGH SCHOOL,2016,43.0,35.0,22.0,0.813953488372093,0.6285714285714286,San Francisco,San Francisco,San Francisco Unified,38684783830437,High Schools (Public),True,,,,,,118.0,90.7,21.0,28.0,36.0,3.0,19.0,482.0,192.0,0.3983402489626556,2622.9,2581.1,74.0,33.0
GATEWAY HIGH SCHOOL,2017,54.0,41.0,25.0,0.7592592592592593,0.6097560975609756,San Francisco,San Francisco,San Francisco Unified,38684783830437,High Schools (Public),True,105.0,99.0,94.3,83.0,83.8,100.0,82.0,22.0,32.0,19.0,2.0,7.0,477.0,198.0,0.4150943396226415,2643.4,2615.2,75.0,46.0
GATEWAY HIGH SCHOOL,2018,72.0,45.0,20.0,0.625,0.4444444444444444,San Francisco,San Francisco,San Francisco Unified,38684783830437,High Schools (Public),True,119.0,117.0,98.3,108.0,92.3,116.0,88.8,17.0,36.0,31.0,5.0,14.0,482.0,218.0,0.4522821576763485,2651.8,2629.5,75.21,52.14
GATEWAY HIGH SCHOOL,2019,56.0,33.0,20.0,0.5892857142857143,0.6060606060606061,San Francisco,San Francisco,San Francisco Unified,38684783830437,High Schools (Public),True,120.0,113.0,94.2,97.0,85.8,114.0,74.6,19.0,21.0,28.0,2.0,15.0,479.0,200.0,0.4175365344467641,2587.0,2567.7,54.21,35.71
GATEWAY HIGH SCHOOL,2020,48.0,37.0,21.0,0.7708333333333334,0.5675675675675675,San Francisco,San Francisco,San Francisco Unified,38684783830437,High Schools (Public),True,117.0,114.0,97.4,114.0,100.0,114.0,79.8,18.0,30.0,22.0,5.0,16.0,485.0,206.0,0.4247422680412371,2612.3,2592.1,59.48,39.32
GATEWAY HIGH SCHOOL,2021,66.0,46.0,21.0,0.696969696969697,0.45652173913043476,San Francisco,San Francisco,San Francisco Unified,38684783830437,High Schools (Public),True,122.0,117.0,95.9,111.0,94.9,117.0,78.6,19.0,31.0,20.0,9.0,13.0,519.0,253.0,0.4874759152215799,,,,
GATEWAY HIGH SCHOOL,2022,80.0,62.0,29.0,0.775,0.46774193548387094,San Francisco,San Francisco,San Francisco Unified,38684783830437,High Schools (Public),True,128.0,120.0,93.8,117.0,97.5,120.0,89.2,28.0,26.0,18.0,14.0,21.0,,,,,,,
GATEWAY HIGH SCHOOL,2023,69.0,50.0,24.0,0.7246376811594203,0.48,San Francisco,San Francisco,San Francisco Unified,38684783830437,High Schools (Public),True,121.0,118.0,97.5,118.0,100.0,118.0,78.0,22.0,28.0,25.0,6.0,11.0,489.0,240.0,0.4907975460122699,2618.5,2536.3,67.24,19.47
GATEWAY HIGH SCHOOL,2024,65.0,54.0,26.0,0.8307692307692308,0.48148148148148145,San Francisco,San Francisco,San Francisco Unified,38684783830437,High Schools (Public),True,123.0,118.0,95.9,118.0,100.0,,,,,,,,475.0,188.0,0.3957894736842105,2638.3,2578.4,76.07,36.21
GATEWAY HIGH SCHOOL,2025,69.0,50.0,20.0,0.7246376811594203,0.4,San Francisco,San Francisco,San Francisco Unified,38684783830437,High Schools (Public),True,118.0,117.0,99.2,116.0,99.1,,,,,,,,464.0,244.0,0.5258620689655172,2629.2,2551.6,69.67,27.27
GEORGE WASHINGTON HIGH SCHOOL,2005,143.0,118.0,79.0,0.8251748251748252,0.6694915254237288,San Francisco,San Francisco,San Francisco Unified,38684783839081,High Schools (Public),False,,,,,,,,,,,,,,,,,,,
GEORGE WASHINGTON HIGH SCHOOL,2006,281.0,234.0,172.0,0.8327402135231317,0.7350427350427351,San Francisco,San Francisco,San Francisco Unified,38684783839081,High Schools (Public),False,,,,,,,,,,,,,,,,,,,
GEORGE WASHINGTON HIGH SCHOOL,2007,152.0,123.0,85.0,0.8092105263157895,0.6910569105691057,San Francisco,San Francisco,San Francisco Unified,38684783839081,High Schools (Public),False,,,,,,,,,,,,,,,,,,,
GEORGE WASHINGTON HIGH SCHOOL,2008,197.0,160.0,105.0,0.8121827411167513,0.65625,San Francisco,San Francisco,San Francisco Unified,38684783839081,High Schools (Public),False,,,,,,,,,,,,,,,,,,,
GEORGE WASHINGTON HIGH SCHOOL,2009,188.0,141.0,93.0,0.75,0.6595744680851063,San Francisco,San Francisco,San Francisco Unified,38684783839081,High Schools (Public),False,,,,,,,,,,,,,,,,,,,
GEORGE WASHINGTON HIGH SCHOOL,2010,216.0,171.0,103.0,0.7916666666666666,0.6023391812865497,San Francisco,San Francisco,San Francisco Unified,38684783839081,High Schools (Public),False,,,,,,,,,,,,,,,,,,,
GEORGE WASHINGTON HIGH SCHOOL,2011,225.0,171.0,128.0,0.76,0.7485380116959064,San Francisco,San Francisco,San Francisco Unified,38684783839081,High Schools (Public),False,,,,,,,,,,,,,,,,,,,
GEORGE WASHINGTON HIGH SCHOOL,2012,270.0,193.0,149.0,0.7148148148148148,0.772020725388601,San Francisco,San Francisco,San Francisco Unified,38684783839081,High Schools (Public),False,,,,,,,,,,,,,,,,,,,
GEORGE WASHINGTON HIGH SCHOOL,2013,187.0,128.0,90.0,0.6844919786096256,0.703125,San Francisco,San Francisco,San Francisco Unified,38684783839081,High Schools (Public),False,,,,,,,,,,,,,,,,,,,
GEORGE WASHINGTON HIGH SCHOOL,2014,194.0,110.0,76.0,0.5670103092783505,0.6909090909090909,San Francisco,San Francisco,San Francisco Unified,38684783839081,High Schools (Public),False,,,,,,,,,,,,,1998.0,,,,,,
GEORGE WASHINGTON HIGH SCHOOL,2015,190.0,116.0,84.0,0.6105263157894737,0.7241379310344828,San Francisco,San Francisco,San Francisco Unified,38684783839081,High Schools (Public),False,,,,,,452.0,82.3,74.0,93.0,181.0,12.0,12.0,2001.0,1326.0,0.6626686656671664,,,,
GEORGE WASHINGTON HIGH SCHOOL,2016,214.0,144.0,95.0,0.6728971962616822,0.6597222222222222,San Francisco,San Francisco,San Francisco Unified,38684783839081,High Schools (Public),False,,,,,,483.0,84.9,89.0,106.0,194.0,9.0,12.0,2054.0,1278.0,0.6222005842259006,2627.0,2618.8,73.0,50.0
GEORGE WASHINGTON HIGH SCHOOL,2017,233.0,130.0,85.0,0.5579399141630901,0.6538461538461539,San Francisco,San Francisco,San Francisco Unified,38684783839081,High Schools (Public),False,482.0,433.0,89.8,314.0,72.5,438.0,86.5,80.0,112.0,157.0,15.0,15.0,2010.0,1197.0,0.5955223880597015,2629.9,2637.5,74.0,58.0
GEORGE WASHINGTON HIGH SCHOOL,2018,251.0,136.0,83.0,0.5418326693227091,0.6102941176470589,San Francisco,San Francisco,San Francisco Unified,38684783839081,High Schools (Public),False,534.0,482.0,90.3,311.0,64.5,499.0,83.6,81.0,119.0,167.0,25.0,24.0,2002.0,1088.0,0.5434565434565435,2626.3,2637.6,70.72,57.09
GEORGE WASHINGTON HIGH SCHOOL,2019,217.0,124.0,82.0,0.5714285714285714,0.6612903225806451,San Francisco,San Francisco,San Francisco Unified,38684783839081,High Schools (Public),False,489.0,444.0,90.8,308.0,69.4,455.0,73.8,74.0,114.0,115.0,18.0,15.0,1995.0,984.0,0.4932330827067669,2626.6,2637.1,69.57,57.26
GEORGE WASHINGTON HIGH SCHOOL,2020,186.0,143.0,95.0,0.7688172043010753,0.6643356643356644,San Francisco,San Francisco,San Francisco Unified,38684783839081,High Schools (Public),False,471.0,430.0,91.3,261.0,60.7,435.0,71.0,88.0,81.0,108.0,15.0,17.0,2071.0,931.0,0.4495412844036697,2620.3,2629.5,65.41,55.2
GEORGE WASHINGTON HIGH SCHOOL,2021,242.0,163.0,94.0,0.6735537190082644,0.5766871165644172,San Francisco,San Francisco,San Francisco Unified,38684783839081,High Schools (Public),False,505.0,461.0,91.3,320.0,69.4,461.0,78.1,89.0,86.0,126.0,21.0,38.0,2069.0,946.0,0.4572257129047849,,,,
GEORGE WASHINGTON HIGH SCHOOL,2022,292.0,223.0,148.0,0.7636986301369864,0.6636771300448431,San Francisco,San Francisco,San Francisco Unified,38684783839081,High Schools (Public),False,523.0,486.0,92.9,346.0,71.2,491.0,83.7,136.0,118.0,121.0,18.0,18.0,,,,,,,
GEORGE WASHINGTON HIGH SCHOOL,2023,296.0,206.0,128.0,0.6959459459459459,0.6213592233009708,San Francisco,San Francisco,San Francisco Unified,38684783839081,High Schools (Public),False,511.0,474.0,92.8,367.0,77.4,475.0,89.5,123.0,113.0,149.0,20.0,20.0,2036.0,962.0,0.4724950884086444,2631.1,2631.3,72.3,55.45
GEORGE WASHINGTON HIGH SCHOOL,2024,283.0,206.0,119.0,0.7279151943462897,0.5776699029126213,San Francisco,San Francisco,San Francisco Unified,38684783839081,High Schools (Public),False,518.0,452.0,87.3,340.0,75.2,,,,,,,,2008.0,994.0,0.4950199203187251,2638.8,2636.0,75.23,57.98
GEORGE WASHINGTON HIGH SCHOOL,2025,284.0,235.0,122.0,0.8274647887323944,0.5191489361702127,San Francisco,San Francisco,San Francisco Unified,38684783839081,High Schools (Public),False,519.0,476.0,91.7,345.0,72.5,,,,,,,,2068.0,1072.0,0.5183752417794971,2653.3,2646.5,79.28,58.21
GEYSERVILLE NEW TECH ACADEMY,2018,9.0,6.0,3.0,0.6666666666666666,0.5,Geyserville,Sonoma,Geyserville Unified,49707060129981,K-12 Schools (Public),False,19.0,19.0,100.0,4.0,21.1,20.0,70.0,3.0,7.0,4.0,0.0,0.0,126.0,79.0,0.626984126984127,2592.2,2526.7,61.11,21.05
GEYSERVILLE NEW TECH ACADEMY,2023,5.0,5,,1.0,,Geyserville,Sonoma,Geyserville Unified,49707060129981,K-12 Schools (Public),False,13.0,12.0,92.3,0.0,0.0,12.0,41.7,2.0,2.0,1.0,0.0,0.0,106.0,53.0,0.5,2542.6,2475.8,44.44,5.56
GILROY HIGH SCHOOL,2005,44.0,39.0,23.0,0.8863636363636364,0.5897435897435898,Gilroy,Santa Clara,Gilroy Unified,43694844332839,High Schools (Public),False,,,,,,,,,,,,,,,,,,,
GILROY HIGH SCHOOL,2006,55.0,47.0,25.0,0.8545454545454545,0.5319148936170213,Gilroy,Santa Clara,Gilroy Unified,43694844332839,High Schools (Public),False,,,,,,,,,,,,,,,,,,,
GILROY HIGH SCHOOL,2007,47.0,45.0,30.0,0.9574468085106383,0.6666666666666666,Gilroy,Santa Clara,Gilroy Unified,43694844332839,High Schools (Public),False,,,,,,,,,,,,,,,,,,,
GILROY HIGH SCHOOL,2008,64.0,53.0,36.0,0.828125,0.6792452830188679,Gilroy,Santa Clara,Gilroy Unified,43694844332839,High Schools (Public),False,,,,,,,,,,,,,,,,,,,
GILROY HIGH SCHOOL,2009,57.0,46.0,26.0,0.8070175438596491,0.5652173913043478,Gilroy,Santa Clara,Gilroy Unified,43694844332839,High Schools (Public),False,,,,,,,,,,,,,,,,,,,
GILROY HIGH SCHOOL,2010,65.0,59.0,24.0,0.9076923076923077,0.4067796610169492,Gilroy,Santa Clara,Gilroy Unified,43694844332839,High Schools (Public),False,,,,,,,,,,,,,,,,,,,
GILROY HIGH SCHOOL,2011,63.0,53.0,27.0,0.8412698412698413,0.5094339622641509,Gilroy,Santa Clara,Gilroy Unified,43694844332839,High Schools (Public),False,,,,,,,,,,,,,,,,,,,
GILROY HIGH SCHOOL,2012,40.0,27.0,15.0,0.675,0.5555555555555556,Gilroy,Santa Clara,Gilroy Unified,43694844332839,High Schools (Public),False,,,,,,,,,,,,,,,,,,,
GILROY HIGH SCHOOL,2013,23.0,11.0,5.0,0.4782608695652174,0.45454545454545453,Gilroy,Santa Clara,Gilroy Unified,43694844332839,High Schools (Public),False,,,,,,,,,,,,,,,,,,,
GILROY HIGH SCHOOL,2014,39.0,24.0,10.0,0.6153846153846154,0.4166666666666667,Gilroy,Santa Clara,Gilroy Unified,43694844332839,High Schools (Public),False,,,,,,,,,,,,,1433.0,,,,,,
GILROY HIGH SCHOOL,2015,26.0,14.0,8.0,0.5384615384615384,0.5714285714285714,Gilroy,Santa Clara,Gilroy Unified,43694844332839,High Schools (Public),False,,,,,,237.0,63.7,9.0,22.0,112.0,6.0,2.0,1364.0,758.0,0.5557184750733137,,,,
GILROY HIGH SCHOOL,2016,25.0,17.0,10.0,0.68,0.5882352941176471,Gilroy,Santa Clara,Gilroy Unified,43694844332839,High Schools (Public),False,,,,,,260.0,68.1,9.0,20.0,140.0,4.0,4.0,1501.0,922.0,0.6142571618920719,2518.6,2519.1,29.0,14.0
GILROY HIGH SCHOOL,2017,40.0,27.0,14.0,0.675,0.5185185185185185,Gilroy,Santa Clara,Gilroy Unified,43694844332839,High Schools (Public),False,324.0,297.0,91.7,96.0,32.3,300.0,70.3,15.0,26.0,152.0,5.0,13.0,1601.0,941.0,0.5877576514678327,2580.3,2573.9,53.0,33.0
GILROY HIGH SCHOOL,2018,41.0,22.0,14.0,0.5365853658536586,0.6363636363636364,Gilroy,Santa Clara,Gilroy Unified,43694844332839,High Schools (Public),False,274.0,245.0,89.4,103.0,42.0,250.0,69.2,14.0,24.0,116.0,7.0,12.0,1654.0,1020.0,0.6166868198307134,2586.8,2552.8,57.48,27.87
GILROY HIGH SCHOOL,2019,39.0,21.0,4.0,0.5384615384615384,0.19047619047619047,Gilroy,Santa Clara,Gilroy Unified,43694844332839,High Schools (Public),False,342.0,320.0,93.6,155.0,48.4,317.0,66.6,3.0,31.0,150.0,14.0,13.0,1674.0,1007.0,0.6015531660692951,2582.2,2539.4,54.18,23.61
GILROY HIGH SCHOOL,2020,36.0,28.0,8.0,0.7777777777777778,0.2857142857142857,Gilroy,Santa Clara,Gilroy Unified,43694844332839,High Schools (Public),False,349.0,308.0,88.3,148.0,48.1,311.0,61.7,8.0,30.0,132.0,8.0,14.0,1727.0,963.0,0.5576143601621308,2572.1,2540.6,50.14,24.58
GILROY HIGH SCHOOL,2021,56.0,31.0,11.0,0.5535714285714286,0.3548387096774194,Gilroy,Santa Clara,Gilroy Unified,43694844332839,High Schools (Public),False,358.0,313.0,87.4,169.0,54.0,323.0,72.1,10.0,44.0,149.0,7.0,23.0,1770.0,1033.0,0.5836158192090396,,,,
GILROY HIGH SCHOOL,2022,33.0,17.0,12.0,0.5151515151515151,0.7058823529411765,Gilroy,Santa Clara,Gilroy Unified,43694844332839,High Schools (Public),False,321.0,269.0,83.8,128.0,47.6,274.0,36.5,12.0,28.0,37.0,8.0,15.0,,,,,,,
GILROY HIGH SCHOOL,2023,46.0,24.0,11.0,0.5217391304347826,0.4583333333333333,Gilroy,Santa Clara,Gilroy Unified,43694844332839,High Schools (Public),False,368.0,331.0,89.9,153.0,46.2,337.0,69.1,11.0,40.0,158.0,5.0,19.0,1739.0,849.0,0.4882116158711903,2535.3,2509.6,36.2,14.32
GILROY HIGH SCHOOL,2024,47.0,28.0,10.0,0.5957446808510638,0.35714285714285715,Gilroy,Santa Clara,Gilroy Unified,43694844332839,High Schools (Public),False,387.0,331.0,85.5,141.0,42.6,,,,,,,,1664.0,898.0,0.5396634615384616,2544.4,2503.3,40.44,14.73
GILROY HIGH SCHOOL,2025,52.0,38.0,18.0,0.7307692307692307,0.47368421052631576,Gilroy,Santa Clara,Gilroy Unified,43694844332839,High Schools (Public),False,353.0,328.0,92.9,169.0,51.5,,,,,,,,1618.0,828.0,0.511742892459827,2579.5,2516.4,55.43,19.39
GRANADA HIGH SCHOOL,2005,89.0,74.0,50.0,0.8314606741573034,0.6756756756756757,Livermore,Alameda,Livermore Valley Joint Unified,01612000133397,High Schools (Public),False,,,,,,,,,,,,,,,,,,,
GRANADA HIGH SCHOOL,2006,73.0,72.0,35.0,0.9863013698630136,0.4861111111111111,Livermore,Alameda,Livermore Valley Joint Unified,01612000133397,High Schools (Public),False,,,,,,,,,,,,,,,,,,,
GRANADA HIGH SCHOOL,2007,84.0,79.0,45.0,0.9404761904761905,0.569620253164557,Livermore,Alameda,Livermore Valley Joint Unified,01612000133397,High Schools (Public),False,,,,,,,,,,,,,,,,,,,
GRANADA HIGH SCHOOL,2008,94.0,90.0,38.0,0.9574468085106383,0.4222222222222222,Livermore,Alameda,Livermore Valley Joint Unified,01612000133397,High Schools (Public),False,,,,,,,,,,,,,,,,,,,
GRANADA HIGH SCHOOL,2009,108.0,99.0,47.0,0.9166666666666666,0.47474747474747475,Livermore,Alameda,Livermore Valley Joint Unified,01612000133397,High Schools (Public),False,,,,,,,,,,,,,,,,,,,
GRANADA HIGH SCHOOL,2010,104.0,97.0,43.0,0.9326923076923077,0.44329896907216493,Livermore,Alameda,Livermore Valley Joint Unified,01612000133397,High Schools (Public),False,,,,,,,,,,,,,,,,,,,
GRANADA HIGH SCHOOL,2011,95.0,58.0,28.0,0.6105263157894737,0.4827586206896552,Livermore,Alameda,Livermore Valley Joint Unified,01612000133397,High Schools (Public),False,,,,,,,,,,,,,,,,,,,
GRANADA HIGH SCHOOL,2012,103.0,68.0,33.0,0.6601941747572816,0.4852941176470588,Livermore,Alameda,Livermore Valley Joint Unified,01612000133397,High Schools (Public),False,,,,,,,,,,,,,,,,,,,
GRANADA HIGH SCHOOL,2013,90.0,63.0,37.0,0.7,0.5873015873015873,Livermore,Alameda,Livermore Valley Joint Unified,01612000133397,High Schools (Public),False,,,,,,,,,,,,,,,,,,,
GRANADA HIGH SCHOOL,2014,100.0,70.0,40.0,0.7,0.5714285714285714,Livermore,Alameda,Livermore Valley Joint Unified,01612000133397,High Schools (Public),False,,,,,,,,,,,,,1990.0,,,,,,
GRANADA HIGH SCHOOL,2015,87.0,54.0,30.0,0.6206896551724138,0.5555555555555556,Livermore,Alameda,Livermore Valley Joint Unified,01612000133397,High Schools (Public),False,,,,,,446.0,80.3,25.0,50.0,213.0,16.0,54.0,2017.0,354.0,0.1755081804660386,,,,
GRANADA HIGH SCHOOL,2016,110.0,79.0,44.0,0.7181818181818181,0.5569620253164557,Livermore,Alameda,Livermore Valley Joint Unified,01612000133397,High Schools (Public),False,,,,,,463.0,84.7,41.0,59.0,213.0,24.0,55.0,2059.0,310.0,0.1505585235551238,2648.9,2631.5,77.0,51.0
GRANADA HIGH SCHOOL,2017,123.0,71.0,39.0,0.5772357723577236,0.5492957746478874,Livermore,Alameda,Livermore Valley Joint Unified,01612000133397,High Schools (Public),False,474.0,467.0,98.5,227.0,48.6,468.0,82.3,38.0,72.0,189.0,22.0,64.0,2164.0,346.0,0.1598890942698706,2641.7,2635.2,76.0,58.0
GRANADA HIGH SCHOOL,2018,141.0,70.0,34.0,0.49645390070921985,0.4857142857142857,Livermore,Alameda,Livermore Valley Joint Unified,01612000133397,High Schools (Public),False,525.0,515.0,98.1,222.0,43.1,518.0,81.3,32.0,66.0,189.0,37.0,97.0,2261.0,435.0,0.1923927465723131,2637.5,2629.9,73.21,54.73
GRANADA HIGH SCHOOL,2019,148.0,86.0,45.0,0.581081081081081,0.5232558139534884,Livermore,Alameda,Livermore Valley Joint Unified,01612000133397,High Schools (Public),False,546.0,534.0,97.8,261.0,48.9,541.0,78.0,41.0,64.0,204.0,20.0,93.0,2282.0,463.0,0.2028921998247151,2620.1,2610.0,66.67,51.99
GRANADA HIGH SCHOOL,2020,125.0,79.0,40.0,0.632,0.5063291139240507,Livermore,Alameda,Livermore Valley Joint Unified,01612000133397,High Schools (Public),False,551.0,533.0,96.7,213.0,40.0,536.0,77.2,39.0,67.0,192.0,24.0,92.0,2292.0,452.0,0.1972076788830715,2623.6,2611.5,67.36,49.9
GRANADA HIGH SCHOOL,2021,161.0,96.0,58.0,0.5962732919254659,0.6041666666666666,Livermore,Alameda,Livermore Valley Joint Unified,01612000133397,High Schools (Public),False,524.0,515.0,98.3,312.0,60.6,524.0,75.8,57.0,56.0,183.0,20.0,81.0,2334.0,447.0,0.1915167095115681,,,,
GRANADA HIGH SCHOOL,2022,166.0,90.0,47.0,0.5421686746987951,0.5222222222222223,Livermore,Alameda,Livermore Valley Joint Unified,01612000133397,High Schools (Public),False,541.0,526.0,97.2,331.0,62.9,527.0,77.8,43.0,71.0,177.0,25.0,94.0,,,,2632.6,2625.2,67.5,48.12
GRANADA HIGH SCHOOL,2023,160.0,98.0,50.0,0.6125,0.5102040816326531,Livermore,Alameda,Livermore Valley Joint Unified,01612000133397,High Schools (Public),False,523.0,507.0,96.9,308.0,60.7,509.0,80.9,48.0,75.0,192.0,19.0,78.0,2279.0,496.0,0.2176393154892496,2629.9,2597.3,65.84,44.01
GRANADA HIGH SCHOOL,2024,185.0,121.0,49.0,0.654054054054054,0.4049586776859504,Livermore,Alameda,Livermore Valley Joint Unified,01612000133397,High Schools (Public),False,556.0,535.0,96.2,366.0,68.4,,,,,,,,2234.0,381.0,0.1705461056401074,2639.4,2628.8,71.52,50.85
GRANADA HIGH SCHOOL,2025,162.0,130.0,69.0,0.8024691358024691,0.5307692307692308,Livermore,Alameda,Livermore Valley Joint Unified,01612000133397,High Schools (Public),False,532.0,524.0,98.5,340.0,64.9,,,,,,,,2156.0,338.0,0.1567717996289425,2652.5,2620.6,76.61,47.39
GRIFFIN ACADEMY HIGH SCHOOL,2024,10.0,5.0,3.0,0.5,0.6,Vallejo,Solano,Vallejo City Unified,48705810139816,High Schools (Public),True,39.0,34.0,87.2,1.0,2.9,,,,,,,,178.0,107.0,0.601123595505618,2607.5,2500.3,61.76,11.76
GRIFFIN ACADEMY HIGH SCHOOL,2025,21.0,12.0,5.0,0.5714285714285714,0.4166666666666667,Vallejo,Solano,Vallejo City Unified,48705810139816,High Schools (Public),True,69.0,59.0,85.5,5.0,8.5,,,,,,,,186.0,133.0,0.7150537634408602,2599.3,2519.9,57.14,19.64
HALF MOON BAY HIGH SCHOOL,2005,42.0,38.0,22.0,0.9047619047619048,0.5789473684210527,Half Moon Bay,San Mateo,Cabrillo Unified,41688904132817,High Schools (Public),False,,,,,,,,,,,,,,,,,,,
HALF MOON BAY HIGH SCHOOL,2006,52.0,49.0,33.0,0.9423076923076923,0.673469387755102,Half Moon Bay,San Mateo,Cabrillo Unified,41688904132817,High Schools (Public),False,,,,,,,,,,,,,,,,,,,
HALF MOON BAY HIGH SCHOOL,2007,70.0,63.0,36.0,0.9,0.5714285714285714,Half Moon Bay,San Mateo,Cabrillo Unified,41688904132817,High Schools (Public),False,,,,,,,,,,,,,,,,,,,
HALF MOON BAY HIGH SCHOOL,2008,41.0,34.0,18.0,0.8292682926829268,0.5294117647058824,Half Moon Bay,San Mateo,Cabrillo Unified,41688904132817,High Schools (Public),False,,,,,,,,,,,,,,,,,,,
HALF MOON BAY HIGH SCHOOL,2009,65.0,61.0,30.0,0.9384615384615385,0.4918032786885246,Half Moon Bay,San Mateo,Cabrillo Unified,41688904132817,High Schools (Public),False,,,,,,,,,,,,,,,,,,,
HALF MOON BAY HIGH SCHOOL,2010,45.0,41.0,23.0,0.9111111111111111,0.5609756097560976,Half Moon Bay,San Mateo,Cabrillo Unified,41688904132817,High Schools (Public),False,,,,,,,,,,,,,,,,,,,
HALF MOON BAY HIGH SCHOOL,2011,51.0,39.0,20.0,0.7647058823529411,0.5128205128205128,Half Moon Bay,San Mateo,Cabrillo Unified,41688904132817,High Schools (Public),False,,,,,,,,,,,,,,,,,,,
HALF MOON BAY HIGH SCHOOL,2012,43.0,39.0,21.0,0.9069767441860465,0.5384615384615384,Half Moon Bay,San Mateo,Cabrillo Unified,41688904132817,High Schools (Public),False,,,,,,,,,,,,,,,,,,,
HALF MOON BAY HIGH SCHOOL,2013,66.0,42.0,25.0,0.6363636363636364,0.5952380952380952,Half Moon Bay,San Mateo,Cabrillo Unified,41688904132817,High Schools (Public),False,,,,,,,,,,,,,,,,,,,
HALF MOON BAY HIGH SCHOOL,2014,54.0,38.0,18.0,0.7037037037037037,0.47368421052631576,Half Moon Bay,San Mateo,Cabrillo Unified,41688904132817,High Schools (Public),False,,,,,,,,,,,,,995.0,,,,,,
HALF MOON BAY HIGH SCHOOL,2015,63.0,51.0,28.0,0.8095238095238095,0.5490196078431373,Half Moon Bay,San Mateo,Cabrillo Unified,41688904132817,High Schools (Public),False,,,,,,212.0,72.6,23.0,40.0,68.0,7.0,16.0,1018.0,287.0,0.2819253438113949,,,,
HALF MOON BAY HIGH SCHOOL,2016,83.0,67.0,29.0,0.8072289156626506,0.43283582089552236,Half Moon Bay,San Mateo,Cabrillo Unified,41688904132817,High Schools (Public),False,,,,,,245.0,76.3,28.0,33.0,86.0,6.0,34.0,1020.0,355.0,0.3480392156862745,2578.6,2556.0,52.0,34.0
HALF MOON BAY HIGH SCHOOL,2017,79.0,50.0,24.0,0.6329113924050633,0.48,Half Moon Bay,San Mateo,Cabrillo Unified,41688904132817,High Schools (Public),False,242.0,232.0,95.9,134.0,57.8,237.0,81.0,23.0,34.0,91.0,12.0,32.0,995.0,346.0,0.3477386934673366,2607.0,2590.5,59.0,40.0
HALF MOON BAY HIGH SCHOOL,2018,65.0,40.0,21.0,0.6153846153846154,0.525,Half Moon Bay,San Mateo,Cabrillo Unified,41688904132817,High Schools (Public),False,250.0,242.0,96.8,128.0,52.9,244.0,77.5,19.0,21.0,96.0,11.0,42.0,995.0,345.0,0.3467336683417085,2590.7,2576.9,57.26,38.2
HALF MOON BAY HIGH SCHOOL,2019,53.0,37.0,15.0,0.6981132075471698,0.40540540540540543,Half Moon Bay,San Mateo,Cabrillo Unified,41688904132817,High Schools (Public),False,218.0,204.0,93.6,113.0,55.4,211.0,65.9,13.0,31.0,55.0,4.0,36.0,1001.0,364.0,0.3636363636363636,2607.0,2600.6,61.06,44.02
HALF MOON BAY HIGH SCHOOL,2020,51.0,38.0,22.0,0.7450980392156863,0.5789473684210527,Half Moon Bay,San Mateo,Cabrillo Unified,41688904132817,High Schools (Public),False,257.0,235.0,91.4,98.0,41.7,237.0,73.0,21.0,33.0,90.0,0.0,29.0,1073.0,412.0,0.3839701770736253,2594.4,2577.2,57.14,36.82
HALF MOON BAY HIGH SCHOOL,2021,83.0,51.0,28.0,0.6144578313253012,0.5490196078431373,Half Moon Bay,San Mateo,Cabrillo Unified,41688904132817,High Schools (Public),False,232.0,209.0,90.1,0.0,0.0,217.0,78.8,28.0,26.0,74.0,9.0,34.0,1060.0,379.0,0.3575471698113207,,,,
HALF MOON BAY HIGH SCHOOL,2022,79.0,47.0,21.0,0.5949367088607594,0.44680851063829785,Half Moon Bay,San Mateo,Cabrillo Unified,41688904132817,High Schools (Public),False,249.0,224.0,90.0,131.0,58.5,232.0,76.3,21.0,29.0,88.0,6.0,33.0,,,,,,,
HALF MOON BAY HIGH SCHOOL,2023,87.0,55.0,28.0,0.632183908045977,0.509090909090909,Half Moon Bay,San Mateo,Cabrillo Unified,41688904132817,High Schools (Public),False,245.0,222.0,90.6,0.0,0.0,222.0,78.8,27.0,26.0,83.0,5.0,34.0,1024.0,329.0,0.3212890625,2580.9,2534.2,53.67,27.7
HALF MOON BAY HIGH SCHOOL,2024,81.0,57.0,28.0,0.7037037037037037,0.49122807017543857,Half Moon Bay,San Mateo,Cabrillo Unified,41688904132817,High Schools (Public),False,260.0,239.0,91.9,102.0,42.7,,,,,,,,987.0,355.0,0.3596757852077001,2549.1,2545.1,41.34,27.31
HALF MOON BAY HIGH SCHOOL,2025,75.0,61.0,28.0,0.8133333333333334,0.45901639344262296,Half Moon Bay,San Mateo,Cabrillo Unified,41688904132817,High Schools (Public),False,222.0,214.0,96.4,77.0,36.0,,,,,,,,911.0,234.0,0.256860592755214,2567.3,2534.5,47.73,30.66
HAYWARD HIGH SCHOOL,2005,52.0,34.0,19.0,0.6538461538461539,0.5588235294117647,Hayward,Alameda,Hayward Unified,01611920133629,High Schools (Public),False,,,,,,,,,,,,,,,,,,,
HAYWARD HIGH SCHOOL,2006,47.0,35.0,16.0,0.7446808510638298,0.45714285714285713,Hayward,Alameda,Hayward Unified,01611920133629,High Schools (Public),False,,,,,,,,,,,,,,,,,,,
HAYWARD HIGH SCHOOL,2007,39.0,28.0,18.0,0.717948717948718,0.6428571428571429,Hayward,Alameda,Hayward Unified,01611920133629,High Schools (Public),False,,,,,,,,,,,,,,,,,,,
HAYWARD HIGH SCHOOL,2008,49.0,38.0,25.0,0.7755102040816326,0.6578947368421053,Hayward,Alameda,Hayward Unified,01611920133629,High Schools (Public),False,,,,,,,,,,,,,,,,,,,
HAYWARD HIGH SCHOOL,2009,58.0,41.0,28.0,0.7068965517241379,0.6829268292682927,Hayward,Alameda,Hayward Unified,01611920133629,High Schools (Public),False,,,,,,,,,,,,,,,,,,,
HAYWARD HIGH SCHOOL,2010,46.0,33.0,23.0,0.717391304347826,0.696969696969697,Hayward,Alameda,Hayward Unified,01611920133629,High Schools (Public),False,,,,,,,,,,,,,,,,,,,
HAYWARD HIGH SCHOOL,2011,33.0,22.0,17.0,0.6666666666666666,0.7727272727272727,Hayward,Alameda,Hayward Unified,01611920133629,High Schools (Public),False,,,,,,,,,,,,,,,,,,,
HAYWARD HIGH SCHOOL,2012,27.0,18.0,13.0,0.6666666666666666,0.7222222222222222,Hayward,Alameda,Hayward Unified,01611920133629,High Schools (Public),False,,,,,,,,,,,,,,,,,,,
HAYWARD HIGH SCHOOL,2013,49.0,28.0,15.0,0.5714285714285714,0.5357142857142857,Hayward,Alameda,Hayward Unified,01611920133629,High Schools (Public),False,,,,,,,,,,,,,,,,,,,
HAYWARD HIGH SCHOOL,2014,72.0,49.0,33.0,0.6805555555555556,0.673469387755102,Hayward,Alameda,Hayward Unified,01611920133629,High Schools (Public),False,,,,,,,,,,,,,1638.0,,,,,,
HAYWARD HIGH SCHOOL,2015,65.0,29.0,20.0,0.4461538461538462,0.6896551724137931,Hayward,Alameda,Hayward Unified,01611920133629,High Schools (Public),False,,,,,,308.0,69.2,16.0,43.0,135.0,8.0,11.0,1644.0,1218.0,0.7408759124087592,,,,
HAYWARD HIGH SCHOOL,2016,44.0,31.0,20.0,0.7045454545454546,0.6451612903225806,Hayward,Alameda,Hayward Unified,01611920133629,High Schools (Public),False,,,,,,300.0,64.0,19.0,32.0,120.0,9.0,12.0,1580.0,1188.0,0.7518987341772152,2578.3,2529.5,49.0,18.0
HAYWARD HIGH SCHOOL,2017,61.0,41.0,25.0,0.6721311475409836,0.6097560975609756,Hayward,Alameda,Hayward Unified,01611920133629,High Schools (Public),False,330.0,282.0,85.5,127.0,45.0,283.0,64.7,23.0,53.0,99.0,5.0,3.0,1576.0,1035.0,0.6567258883248731,2583.6,2547.6,58.0,23.0
HAYWARD HIGH SCHOOL,2018,73.0,42.0,25.0,0.5753424657534246,0.5952380952380952,Hayward,Alameda,Hayward Unified,01611920133629,High Schools (Public),False,355.0,297.0,83.7,62.0,20.9,305.0,65.2,25.0,61.0,102.0,5.0,6.0,1607.0,1141.0,0.7100186683260734,2576.2,2517.9,51.57,21.2
HAYWARD HIGH SCHOOL,2019,81.0,50.0,29.0,0.6172839506172839,0.58,Hayward,Alameda,Hayward Unified,01611920133629,High Schools (Public),False,330.0,296.0,89.7,135.0,45.6,295.0,64.7,28.0,43.0,110.0,5.0,5.0,1637.0,1125.0,0.6872327428222358,2583.2,2538.0,51.86,22.9
HAYWARD HIGH SCHOOL,2020,78.0,60.0,26.0,0.7692307692307693,0.43333333333333335,Hayward,Alameda,Hayward Unified,01611920133629,High Schools (Public),False,323.0,292.0,90.4,142.0,48.6,294.0,62.2,27.0,45.0,102.0,2.0,7.0,1617.0,1099.0,0.6796536796536796,2579.4,2532.6,50.62,18.32
HAYWARD HIGH SCHOOL,2021,88.0,62.0,24.0,0.7045454545454546,0.3870967741935484,Hayward,Alameda,Hayward Unified,01611920133629,High Schools (Public),False,371.0,336.0,90.6,169.0,50.3,338.0,57.7,24.0,63.0,94.0,5.0,9.0,1696.0,945.0,0.5571933962264151,,,,
HAYWARD HIGH SCHOOL,2022,92.0,66.0,30.0,0.717391304347826,0.45454545454545453,Hayward,Alameda,Hayward Unified,01611920133629,High Schools (Public),False,361.0,321.0,88.9,155.0,48.3,321.0,55.8,29.0,50.0,90.0,4.0,6.0,,,,,,,
HAYWARD HIGH SCHOOL,2023,69.0,51.0,28.0,0.7391304347826086,0.5490196078431373,Hayward,Alameda,Hayward Unified,01611920133629,High Schools (Public),False,362.0,311.0,85.9,127.0,40.8,315.0,61.3,27.0,34.0,127.0,2.0,3.0,1712.0,1072.0,0.6261682242990654,2576.6,2508.3,50.15,17.35
HAYWARD HIGH SCHOOL,2024,89.0,66.0,36.0,0.7415730337078652,0.5454545454545454,Hayward,Alameda,Hayward Unified,01611920133629,High Schools (Public),False,412.0,358.0,86.9,172.0,48.0,,,,,,,,1667.0,1180.0,0.7078584283143371,2590.2,2533.1,56.38,22.6
HAYWARD HIGH SCHOOL,2025,55.0,43.0,19.0,0.7818181818181819,0.4418604651162791,Hayward,Alameda,Hayward Unified,01611920133629,High Schools (Public),False,341.0,290.0,85.0,99.0,34.1,,,,,,,,1580.0,1186.0,0.7506329113924051,2549.2,2500.7,45.17,16.04
HAYWARD TWIN OAKS MONTESSORI,2016,5.0,3,,0.6,,Hayward,Alameda,Hayward Unified,01611920127944,K-12 Schools (Public),True,,,,,,13.0,92.3,1.0,6.0,4.0,1.0,0.0,161.0,87.0,0.5403726708074534,2597.2,2528.8,45.0,31.0
HAYWARD TWIN OAKS MONTESSORI,2017,7.0,,,,,Hayward,Alameda,Hayward Unified,01611920127944,K-12 Schools (Public),True,37.0,35.0,94.6,33.0,94.3,37.0,73.0,0.0,16.0,9.0,2.0,0.0,188.0,94.0,0.5,2547.7,2469.6,36.0,5.0
HAYWARD TWIN OAKS MONTESSORI,2018,11.0,5.0,4.0,0.45454545454545453,0.8,Hayward,Alameda,Hayward Unified,01611920127944,K-12 Schools (Public),True,28.0,24.0,85.7,24.0,100.0,26.0,80.8,3.0,14.0,2.0,0.0,2.0,198.0,116.0,0.5858585858585859,2616.6,2545.5,67.65,20.59
HAYWARD TWIN OAKS MONTESSORI,2019,22.0,10.0,8.0,0.45454545454545453,0.8,Hayward,Alameda,Hayward Unified,01611920127944,K-12 Schools (Public),True,52.0,46.0,88.5,46.0,100.0,48.0,75.0,5.0,17.0,8.0,4.0,2.0,218.0,130.0,0.5963302752293578,2569.9,2543.3,51.28,24.32
HAYWARD TWIN OAKS MONTESSORI,2020,13.0,11.0,3.0,0.8461538461538461,0.2727272727272727,Hayward,Alameda,Hayward Unified,01611920127944,K-12 Schools (Public),True,37.0,33.0,89.2,30.0,90.9,36.0,69.4,3.0,9.0,13.0,0.0,0.0,219.0,125.0,0.5707762557077626,2591.0,2543.6,63.41,25.0
HAYWARD TWIN OAKS MONTESSORI,2021,9.0,5.0,4.0,0.5555555555555556,0.8,Hayward,Alameda,Hayward Unified,01611920127944,K-12 Schools (Public),True,42.0,42.0,100.0,39.0,92.9,45.0,73.3,4.0,15.0,13.0,0.0,1.0,221.0,131.0,0.5927601809954751,,,,
HAYWARD TWIN OAKS MONTESSORI,2022,15.0,11.0,3.0,0.7333333333333333,0.2727272727272727,Hayward,Alameda,Hayward Unified,01611920127944,K-12 Schools (Public),True,47.0,45.0,95.7,41.0,91.1,45.0,82.2,3.0,17.0,17.0,0.0,0.0,,,,,,,
HAYWARD TWIN OAKS MONTESSORI,2023,13.0,9,,0.6923076923076923,,Hayward,Alameda,Hayward Unified,01611920127944,K-12 Schools (Public),True,35.0,34.0,97.1,32.0,94.1,36.0,80.6,1.0,15.0,11.0,1.0,1.0,553.0,144.0,0.2603978300180832,2547.8,2471.1,39.47,7.89
HAYWARD TWIN OAKS MONTESSORI,2024,16.0,10.0,7.0,0.625,0.7,Hayward,Alameda,Hayward Unified,01611920127944,K-12 Schools (Public),True,47.0,43.0,91.5,31.0,72.1,,,,,,,,617.0,368.0,0.5964343598055105,2546.8,2478.5,39.22,5.88
HAYWARD TWIN OAKS MONTESSORI,2025,9.0,8.0,3.0,0.8888888888888888,0.375,Hayward,Alameda,Hayward Unified,01611920127944,K-12 Schools (Public),True,39.0,38.0,97.4,33.0,86.8,,,,,,,,643.0,244.0,0.3794712286158631,2547.5,2499.2,44.44,2.22
HEALDSBURG HIGH SCHOOL,2005,33.0,32.0,16.0,0.9696969696969697,0.5,Healdsburg,Sonoma,Healdsburg Unified,49753904932554,High Schools (Public),False,,,,,,,,,,,,,,,,,,,
HEALDSBURG HIGH SCHOOL,2006,31.0,28.0,15.0,0.9032258064516129,0.5357142857142857,Healdsburg,Sonoma,Healdsburg Unified,49753904932554,High Schools (Public),False,,,,,,,,,,,,,,,,,,,
HEALDSBURG HIGH SCHOOL,2007,25.0,25.0,10.0,1.0,0.4,Healdsburg,Sonoma,Healdsburg Unified,49753904932554,High Schools (Public),False,,,,,,,,,,,,,,,,,,,
HEALDSBURG HIGH SCHOOL,2008,28.0,24.0,13.0,0.8571428571428571,0.5416666666666666,Healdsburg,Sonoma,Healdsburg Unified,49753904932554,High Schools (Public),False,,,,,,,,,,,,,,,,,,,
HEALDSBURG HIGH SCHOOL,2009,22.0,20.0,9.0,0.9090909090909091,0.45,Healdsburg,Sonoma,Healdsburg Unified,49753904932554,High Schools (Public),False,,,,,,,,,,,,,,,,,,,
HEALDSBURG HIGH SCHOOL,2010,36.0,34.0,14.0,0.9444444444444444,0.4117647058823529,Healdsburg,Sonoma,Healdsburg Unified,49753904932554,High Schools (Public),False,,,,,,,,,,,,,,,,,,,
HEALDSBURG HIGH SCHOOL,2011,18.0,15.0,3.0,0.8333333333333334,0.2,Healdsburg,Sonoma,Healdsburg Unified,49753904932554,High Schools (Public),False,,,,,,,,,,,,,,,,,,,
HEALDSBURG HIGH SCHOOL,2012,27.0,18.0,9.0,0.6666666666666666,0.5,Healdsburg,Sonoma,Healdsburg Unified,49753904932554,High Schools (Public),False,,,,,,,,,,,,,,,,,,,
HEALDSBURG HIGH SCHOOL,2013,30.0,21.0,10.0,0.7,0.47619047619047616,Healdsburg,Sonoma,Healdsburg Unified,49753904932554,High Schools (Public),False,,,,,,,,,,,,,,,,,,,
HEALDSBURG HIGH SCHOOL,2014,26.0,20.0,8.0,0.7692307692307693,0.4,Healdsburg,Sonoma,Healdsburg Unified,49753904932554,High Schools (Public),False,,,,,,,,,,,,,626.0,,,,,,
HEALDSBURG HIGH SCHOOL,2015,22.0,14.0,8.0,0.6363636363636364,0.5714285714285714,Healdsburg,Sonoma,Healdsburg Unified,49753904932554,High Schools (Public),False,,,,,,137.0,70.1,7.0,15.0,61.0,4.0,9.0,611.0,262.0,0.4288052373158756,,,,
HEALDSBURG HIGH SCHOOL,2016,16.0,12.0,7.0,0.75,0.5833333333333334,Healdsburg,Sonoma,Healdsburg Unified,49753904932554,High Schools (Public),False,,,,,,135.0,73.3,7.0,17.0,61.0,1.0,13.0,616.0,240.0,0.3896103896103896,2577.1,2564.3,49.0,26.0
HEALDSBURG HIGH SCHOOL,2017,28.0,19.0,12.0,0.6785714285714286,0.631578947368421,Healdsburg,Sonoma,Healdsburg Unified,49753904932554,High Schools (Public),False,140.0,129.0,92.1,63.0,48.8,133.0,65.4,11.0,14.0,50.0,5.0,7.0,589.0,265.0,0.4499151103565365,2596.9,2568.7,60.0,29.0
HEALDSBURG HIGH SCHOOL,2018,24.0,15.0,7.0,0.625,0.4666666666666667,Healdsburg,Sonoma,Healdsburg Unified,49753904932554,High Schools (Public),False,136.0,132.0,97.1,60.0,45.5,134.0,75.4,6.0,11.0,65.0,2.0,17.0,552.0,243.0,0.4402173913043478,2608.9,2558.2,57.72,30.33
HEALDSBURG HIGH SCHOOL,2019,35.0,21.0,9.0,0.6,0.42857142857142855,Healdsburg,Sonoma,Healdsburg Unified,49753904932554,High Schools (Public),False,136.0,128.0,94.1,66.0,51.6,129.0,66.7,7.0,19.0,45.0,4.0,11.0,522.0,228.0,0.4367816091954023,2606.9,2581.7,63.1,39.02
HEALDSBURG HIGH SCHOOL,2020,18.0,14.0,8.0,0.7777777777777778,0.5714285714285714,Healdsburg,Sonoma,Healdsburg Unified,49753904932554,High Schools (Public),False,111.0,101.0,91.0,58.0,57.4,102.0,63.7,8.0,12.0,36.0,4.0,5.0,520.0,214.0,0.4115384615384615,2556.6,2522.8,38.32,20.0
HEALDSBURG HIGH SCHOOL,2021,38.0,28.0,11.0,0.7368421052631579,0.39285714285714285,Healdsburg,Sonoma,Healdsburg Unified,49753904932554,High Schools (Public),False,117.0,109.0,93.2,77.0,70.6,109.0,80.7,11.0,26.0,34.0,4.0,13.0,516.0,219.0,0.4244186046511627,,,,
HEALDSBURG HIGH SCHOOL,2022,39.0,26.0,13.0,0.6666666666666666,0.5,Healdsburg,Sonoma,Healdsburg Unified,49753904932554,High Schools (Public),False,107.0,104.0,97.2,67.0,64.4,107.0,67.3,12.0,15.0,28.0,3.0,14.0,,,,2593.3,2571.8,55.17,26.51
HEALDSBURG HIGH SCHOOL,2023,36.0,23.0,11.0,0.6388888888888888,0.4782608695652174,Healdsburg,Sonoma,Healdsburg Unified,49753904932554,High Schools (Public),False,137.0,130.0,94.9,85.0,65.4,131.0,74.0,10.0,20.0,44.0,3.0,20.0,511.0,236.0,0.461839530332681,2595.1,2542.3,53.38,23.36
HEALDSBURG HIGH SCHOOL,2024,31.0,19.0,7.0,0.6129032258064516,0.3684210526315789,Healdsburg,Sonoma,Healdsburg Unified,49753904932554,High Schools (Public),False,105.0,95.0,90.5,54.0,56.8,,,,,,,,460.0,266.0,0.5782608695652174,2583.9,2536.6,49.51,25.24
HEALDSBURG HIGH SCHOOL,2025,56.0,43.0,19.0,0.7678571428571429,0.4418604651162791,Healdsburg,Sonoma,Healdsburg Unified,49753904932554,High Schools (Public),False,132.0,130.0,98.5,88.0,67.7,,,,,,,,503.0,284.0,0.5646123260437376,2629.3,2583.5,69.05,32.28
HENRY M GUNN SENIOR HIGH SCHL,2005,260.0,235.0,129.0,0.9038461538461539,0.548936170212766,Palo Alto,Santa Clara,Palo Alto Unified,43696414332904,High Schools (Public),False,,,,,,,,,,,,,,,,,,,
HENRY M GUNN SENIOR HIGH SCHL,2006,276.0,266.0,161.0,0.9637681159420289,0.6052631578947368,Palo Alto,Santa Clara,Palo Alto Unified,43696414332904,High Schools (Public),False,,,,,,,,,,,,,,,,,,,
HENRY M GUNN SENIOR HIGH SCHL,2007,255.0,238.0,123.0,0.9333333333333333,0.5168067226890757,Palo Alto,Santa Clara,Palo Alto Unified,43696414332904,High Schools (Public),False,,,,,,,,,,,,,,,,,,,
HENRY M GUNN SENIOR HIGH SCHL,2008,304.0,293.0,138.0,0.9638157894736842,0.4709897610921502,Palo Alto,Santa Clara,Palo Alto Unified,43696414332904,High Schools (Public),False,,,,,,,,,,,,,,,,,,,
HENRY M GUNN SENIOR HIGH SCHL,2009,274.0,257.0,113.0,0.9379562043795621,0.4396887159533074,Palo Alto,Santa Clara,Palo Alto Unified,43696414332904,High Schools (Public),False,,,,,,,,,,,,,,,,,,,
HENRY M GUNN SENIOR HIGH SCHL,2010,317.0,295.0,128.0,0.9305993690851735,0.43389830508474575,Palo Alto,Santa Clara,Palo Alto Unified,43696414332904,High Schools (Public),False,,,,,,,,,,,,,,,,,,,
HENRY M GUNN SENIOR HIGH SCHL,2011,293.0,258.0,116.0,0.8805460750853242,0.4496124031007752,Palo Alto,Santa Clara,Palo Alto Unified,43696414332904,High Schools (Public),False,,,,,,,,,,,,,,,,,,,
HENRY M GUNN SENIOR HIGH SCHL,2012,331.0,269.0,91.0,0.8126888217522659,0.3382899628252788,Palo Alto,Santa Clara,Palo Alto Unified,43696414332904,High Schools (Public),False,,,,,,,,,,,,,,,,,,,
HENRY M GUNN SENIOR HIGH SCHL,2013,304.0,233.0,78.0,0.7664473684210527,0.33476394849785407,Palo Alto,Santa Clara,Palo Alto Unified,43696414332904,High Schools (Public),False,,,,,,,,,,,,,,,,,,,
HENRY M GUNN SENIOR HIGH SCHL,2014,330.0,271.0,106.0,0.8212121212121212,0.39114391143911437,Palo Alto,Santa Clara,Palo Alto Unified,43696414332904,High Schools (Public),False,,,,,,,,,,,,,1904.0,,,,,,
HENRY M GUNN SENIOR HIGH SCHL,2015,324.0,248.0,76.0,0.7654320987654321,0.3064516129032258,Palo Alto,Santa Clara,Palo Alto Unified,43696414332904,High Schools (Public),False,,,,,,428.0,71.7,60.0,29.0,18.0,39.0,161.0,1897.0,140.0,0.07380073800738,,,,
HENRY M GUNN SENIOR HIGH SCHL,2016,335.0,262.0,89.0,0.7820895522388059,0.33969465648854963,Palo Alto,Santa Clara,Palo Alto Unified,43696414332904,High Schools (Public),False,,,,,,474.0,82.1,83.0,27.0,52.0,56.0,171.0,1939.0,114.0,0.0587931923671995,2683.2,2744.8,78.0,81.0
HENRY M GUNN SENIOR HIGH SCHL,2017,324.0,236.0,78.0,0.7283950617283951,0.3305084745762712,Palo Alto,Santa Clara,Palo Alto Unified,43696414332904,High Schools (Public),False,466.0,449.0,96.4,403.0,89.8,455.0,85.5,73.0,32.0,48.0,60.0,176.0,1919.0,136.0,0.0708702449192287,2722.2,2754.4,93.0,91.0
HENRY M GUNN SENIOR HIGH SCHL,2018,332.0,234.0,82.0,0.7048192771084337,0.3504273504273504,Palo Alto,Santa Clara,Palo Alto Unified,43696414332904,High Schools (Public),False,479.0,460.0,96.0,275.0,59.8,465.0,88.2,78.0,21.0,68.0,53.0,190.0,2008.0,185.0,0.0921314741035856,2693.8,2712.1,84.4,72.16
HENRY M GUNN SENIOR HIGH SCHL,2019,330.0,218.0,83.0,0.6606060606060606,0.38073394495412843,Palo Alto,Santa Clara,Palo Alto Unified,43696414332904,High Schools (Public),False,490.0,469.0,95.7,430.0,91.7,473.0,86.5,81.0,27.0,61.0,43.0,197.0,2006.0,143.0,0.0712861415752741,2708.8,2748.8,90.3,86.45
HENRY M GUNN SENIOR HIGH SCHL,2020,324.0,268.0,76.0,0.8271604938271605,0.2835820895522388,Palo Alto,Santa Clara,Palo Alto Unified,43696414332904,High Schools (Public),False,486.0,457.0,94.0,428.0,93.7,459.0,85.8,72.0,33.0,80.0,35.0,174.0,1996.0,147.0,0.0736472945891783,2708.8,2742.2,87.64,83.28
HENRY M GUNN SENIOR HIGH SCHL,2021,344.0,219.0,79.0,0.6366279069767442,0.3607305936073059,Palo Alto,Santa Clara,Palo Alto Unified,43696414332904,High Schools (Public),False,487.0,474.0,97.3,433.0,91.4,475.0,86.3,73.0,31.0,79.0,54.0,173.0,1936.0,173.0,0.0893595041322314,,,,
HENRY M GUNN SENIOR HIGH SCHL,2022,351.0,252.0,99.0,0.717948717948718,0.39285714285714285,Palo Alto,Santa Clara,Palo Alto Unified,43696414332904,High Schools (Public),False,486.0,467.0,96.1,433.0,92.7,476.0,84.2,92.0,32.0,71.0,38.0,168.0,,,,2721.9,2770.2,89.97,88.34
HENRY M GUNN SENIOR HIGH SCHL,2023,348.0,254.0,64.0,0.7298850574712644,0.25196850393700787,Palo Alto,Santa Clara,Palo Alto Unified,43696414332904,High Schools (Public),False,488.0,473.0,96.9,441.0,93.2,476.0,87.0,63.0,30.0,69.0,39.0,213.0,1787.0,184.0,0.1029658645775042,2706.2,2743.0,87.35,82.31
HENRY M GUNN SENIOR HIGH SCHL,2024,362.0,260.0,96.0,0.7182320441988951,0.36923076923076925,Palo Alto,Santa Clara,Palo Alto Unified,43696414332904,High Schools (Public),False,459.0,443.0,96.5,429.0,96.8,,,,,,,,1713.0,163.0,0.0951546993578517,2686.9,2728.6,82.76,78.57
HENRY M GUNN SENIOR HIGH SCHL,2025,325.0,260.0,74.0,0.8,0.2846153846153846,Palo Alto,Santa Clara,Palo Alto Unified,43696414332904,High Schools (Public),False,433.0,421.0,97.2,385.0,91.4,,,,,,,,1643.0,192.0,0.1168594035301278,2683.7,2731.8,83.59,77.64
HENRY T GUNDERSON HIGH SCHOOL,2005,30.0,26.0,12.0,0.8666666666666667,0.46153846153846156,San Jose,Santa Clara,San Jose Unified,43696664330080,High Schools (Public),False,,,,,,,,,,,,,,,,,,,
HENRY T GUNDERSON HIGH SCHOOL,2006,29.0,27.0,15.0,0.9310344827586207,0.5555555555555556,San Jose,Santa Clara,San Jose Unified,43696664330080,High Schools (Public),False,,,,,,,,,,,,,,,,,,,
HENRY T GUNDERSON HIGH SCHOOL,2007,25.0,24.0,19.0,0.96,0.7916666666666666,San Jose,Santa Clara,San Jose Unified,43696664330080,High Schools (Public),False,,,,,,,,,,,,,,,,,,,
HENRY T GUNDERSON HIGH SCHOOL,2008,19.0,16.0,8.0,0.8421052631578947,0.5,San Jose,Santa Clara,San Jose Unified,43696664330080,High Schools (Public),False,,,,,,,,,,,,,,,,,,,
HENRY T GUNDERSON HIGH SCHOOL,2009,33.0,25.0,13.0,0.7575757575757576,0.52,San Jose,Santa Clara,San Jose Unified,43696664330080,High Schools (Public),False,,,,,,,,,,,,,,,,,,,
HENRY T GUNDERSON HIGH SCHOOL,2010,22.0,18.0,11.0,0.8181818181818182,0.6111111111111112,San Jose,Santa Clara,San Jose Unified,43696664330080,High Schools (Public),False,,,,,,,,,,,,,,,,,,,
HENRY T GUNDERSON HIGH SCHOOL,2011,25.0,18.0,15.0,0.72,0.8333333333333334,San Jose,Santa Clara,San Jose Unified,43696664330080,High Schools (Public),False,,,,,,,,,,,,,,,,,,,
HENRY T GUNDERSON HIGH SCHOOL,2012,42.0,35.0,16.0,0.8333333333333334,0.45714285714285713,San Jose,Santa Clara,San Jose Unified,43696664330080,High Schools (Public),False,,,,,,,,,,,,,,,,,,,
HENRY T GUNDERSON HIGH SCHOOL,2013,36.0,22.0,17.0,0.6111111111111112,0.7727272727272727,San Jose,Santa Clara,San Jose Unified,43696664330080,High Schools (Public),False,,,,,,,,,,,,,,,,,,,
HENRY T GUNDERSON HIGH SCHOOL,2014,52.0,37.0,26.0,0.7115384615384616,0.7027027027027027,San Jose,Santa Clara,San Jose Unified,43696664330080,High Schools (Public),False,,,,,,,,,,,,,1165.0,,,,,,
HENRY T GUNDERSON HIGH SCHOOL,2015,45.0,23.0,16.0,0.5111111111111111,0.6956521739130435,San Jose,Santa Clara,San Jose Unified,43696664330080,High Schools (Public),False,,,,,,226.0,68.6,12.0,32.0,101.0,3.0,7.0,1149.0,612.0,0.5326370757180157,,,,
HENRY T GUNDERSON HIGH SCHOOL,2016,46.0,35.0,22.0,0.7608695652173914,0.6285714285714286,San Jose,Santa Clara,San Jose Unified,43696664330080,High Schools (Public),False,,,,,,207.0,75.4,22.0,25.0,98.0,4.0,7.0,1107.0,599.0,0.5411020776874436,2576.1,2527.0,48.0,17.0
HENRY T GUNDERSON HIGH SCHOOL,2017,47.0,33.0,14.0,0.7021276595744681,0.42424242424242425,San Jose,Santa Clara,San Jose Unified,43696664330080,High Schools (Public),False,253.0,232.0,91.7,106.0,45.7,234.0,73.5,14.0,31.0,119.0,3.0,5.0,1118.0,659.0,0.5894454382826476,2561.6,2520.9,46.0,14.0
HENRY T GUNDERSON HIGH SCHOOL,2018,42.0,19.0,8.0,0.4523809523809524,0.42105263157894735,San Jose,Santa Clara,San Jose Unified,43696664330080,High Schools (Public),False,265.0,242.0,91.3,91.0,37.6,248.0,75.0,7.0,24.0,146.0,3.0,6.0,1108.0,674.0,0.6083032490974729,2544.3,2504.5,39.93,16.61
HENRY T GUNDERSON HIGH SCHOOL,2019,47.0,32.0,12.0,0.6808510638297872,0.375,San Jose,Santa Clara,San Jose Unified,43696664330080,High Schools (Public),False,243.0,227.0,93.4,1.0,0.4,228.0,74.6,12.0,19.0,122.0,7.0,10.0,1093.0,618.0,0.565416285452882,2552.7,2533.2,41.32,21.49
HENRY T GUNDERSON HIGH SCHOOL,2020,26.0,16.0,7.0,0.6153846153846154,0.4375,San Jose,Santa Clara,San Jose Unified,43696664330080,High Schools (Public),False,233.0,222.0,95.3,72.0,32.4,223.0,66.4,7.0,26.0,109.0,4.0,2.0,1099.0,617.0,0.5614194722474978,2520.3,2502.4,31.43,16.98
HENRY T GUNDERSON HIGH SCHOOL,2021,44.0,29.0,13.0,0.6590909090909091,0.4482758620689655,San Jose,Santa Clara,San Jose Unified,43696664330080,High Schools (Public),False,261.0,242.0,92.7,114.0,47.1,242.0,71.9,13.0,24.0,120.0,3.0,14.0,1096.0,542.0,0.4945255474452554,,,,
HENRY T GUNDERSON HIGH SCHOOL,2022,59.0,42.0,19.0,0.711864406779661,0.4523809523809524,San Jose,Santa Clara,San Jose Unified,43696664330080,High Schools (Public),False,252.0,240.0,95.2,121.0,50.4,240.0,73.3,18.0,28.0,113.0,4.0,13.0,,,,2557.2,2566.4,39.29,25.0
HENRY T GUNDERSON HIGH SCHOOL,2023,56.0,40.0,21.0,0.7142857142857143,0.525,San Jose,Santa Clara,San Jose Unified,43696664330080,High Schools (Public),False,260.0,228.0,87.7,110.0,48.2,228.0,76.8,21.0,24.0,117.0,6.0,7.0,921.0,493.0,0.5352877307274702,2552.6,2528.1,39.91,18.98
HENRY T GUNDERSON HIGH SCHOOL,2024,47.0,33.0,14.0,0.7021276595744681,0.42424242424242425,San Jose,Santa Clara,San Jose Unified,43696664330080,High Schools (Public),False,236.0,216.0,91.5,82.0,38.0,,,,,,,,827.0,476.0,0.5755743651753326,2568.7,2534.7,47.77,21.97
HENRY T GUNDERSON HIGH SCHOOL,2025,45.0,31.0,13.0,0.6888888888888889,0.41935483870967744,San Jose,Santa Clara,San Jose Unified,43696664330080,High Schools (Public),False,204.0,187.0,91.7,89.0,47.6,,,,,,,,744.0,406.0,0.5456989247311828,2569.1,2525.3,49.14,16.76
HERCULES HIGH SCHOOL,2005,66.0,56.0,40.0,0.8484848484848485,0.7142857142857143,Hercules,Contra Costa,West Contra Costa Unified,07617960730598,High Schools (Public),False,,,,,,,,,,,,,,,,,,,
HERCULES HIGH SCHOOL,2006,75.0,65.0,48.0,0.8666666666666667,0.7384615384615385,Hercules,Contra Costa,West Contra Costa Unified,07617960730598,High Schools (Public),False,,,,,,,,,,,,,,,,,,,
HERCULES HIGH SCHOOL,2007,54.0,50.0,32.0,0.9259259259259259,0.64,Hercules,Contra Costa,West Contra Costa Unified,07617960730598,High Schools (Public),False,,,,,,,,,,,,,,,,,,,
HERCULES HIGH SCHOOL,2008,73.0,67.0,31.0,0.9178082191780822,0.4626865671641791,Hercules,Contra Costa,West Contra Costa Unified,07617960730598,High Schools (Public),False,,,,,,,,,,,,,,,,,,,
HERCULES HIGH SCHOOL,2009,62.0,52.0,31.0,0.8387096774193549,0.5961538461538461,Hercules,Contra Costa,West Contra Costa Unified,07617960730598,High Schools (Public),False,,,,,,,,,,,,,,,,,,,
HERCULES HIGH SCHOOL,2010,52.0,46.0,24.0,0.8846153846153846,0.5217391304347826,Hercules,Contra Costa,West Contra Costa Unified,07617960730598,High Schools (Public),False,,,,,,,,,,,,,,,,,,,
HERCULES HIGH SCHOOL,2011,56.0,35.0,22.0,0.625,0.6285714285714286,Hercules,Contra Costa,West Contra Costa Unified,07617960730598,High Schools (Public),False,,,,,,,,,,,,,,,,,,,
HERCULES HIGH SCHOOL,2012,59.0,35.0,23.0,0.5932203389830508,0.6571428571428571,Hercules,Contra Costa,West Contra Costa Unified,07617960730598,High Schools (Public),False,,,,,,,,,,,,,,,,,,,
HERCULES HIGH SCHOOL,2013,52.0,34.0,19.0,0.6538461538461539,0.5588235294117647,Hercules,Contra Costa,West Contra Costa Unified,07617960730598,High Schools (Public),False,,,,,,,,,,,,,,,,,,,
HERCULES HIGH SCHOOL,2014,89.0,42.0,26.0,0.47191011235955055,0.6190476190476191,Hercules,Contra Costa,West Contra Costa Unified,07617960730598,High Schools (Public),False,,,,,,,,,,,,,1015.0,,,,,,
HERCULES HIGH SCHOOL,2015,72.0,42.0,34.0,0.5833333333333334,0.8095238095238095,Hercules,Contra Costa,West Contra Costa Unified,07617960730598,High Schools (Public),False,,,,,,209.0,75.6,21.0,20.0,103.0,5.0,9.0,935.0,386.0,0.4128342245989305,,,,
HERCULES HIGH SCHOOL,2016,83.0,62.0,44.0,0.7469879518072289,0.7096774193548387,Hercules,Contra Costa,West Contra Costa Unified,07617960730598,High Schools (Public),False,,,,,,242.0,78.5,38.0,24.0,112.0,5.0,11.0,980.0,414.0,0.4224489795918367,2607.6,2543.3,62.0,29.0
HERCULES HIGH SCHOOL,2017,88.0,55.0,37.0,0.625,0.6727272727272727,Hercules,Contra Costa,West Contra Costa Unified,07617960730598,High Schools (Public),False,275.0,262.0,95.3,149.0,56.9,262.0,78.2,34.0,31.0,118.0,9.0,13.0,996.0,404.0,0.4056224899598393,2612.7,2556.4,64.0,31.0
HERCULES HIGH SCHOOL,2018,88.0,58.0,40.0,0.6590909090909091,0.6896551724137931,Hercules,Contra Costa,West Contra Costa Unified,07617960730598,High Schools (Public),False,239.0,224.0,93.7,145.0,64.7,226.0,80.1,38.0,32.0,87.0,9.0,15.0,935.0,413.0,0.441711229946524,2605.1,2544.0,60.87,27.83
HERCULES HIGH SCHOOL,2019,54.0,30.0,19.0,0.5555555555555556,0.6333333333333333,Hercules,Contra Costa,West Contra Costa Unified,07617960730598,High Schools (Public),False,221.0,207.0,93.7,129.0,62.3,211.0,69.2,16.0,37.0,83.0,3.0,7.0,867.0,376.0,0.433679354094579,2606.7,2551.3,61.79,26.76
HERCULES HIGH SCHOOL,2020,71.0,60.0,47.0,0.8450704225352113,0.7833333333333333,Hercules,Contra Costa,West Contra Costa Unified,07617960730598,High Schools (Public),False,224.0,212.0,94.6,138.0,65.1,214.0,69.6,42.0,22.0,77.0,3.0,5.0,856.0,326.0,0.3808411214953271,2599.2,2569.8,59.91,38.39
HERCULES HIGH SCHOOL,2021,72.0,42.0,23.0,0.5833333333333334,0.5476190476190477,Hercules,Contra Costa,West Contra Costa Unified,07617960730598,High Schools (Public),False,211.0,202.0,95.7,134.0,66.3,197.0,78.7,23.0,44.0,75.0,4.0,9.0,798.0,320.0,0.4010025062656641,,,,
HERCULES HIGH SCHOOL,2022,65.0,38.0,21.0,0.5846153846153846,0.5526315789473685,Hercules,Contra Costa,West Contra Costa Unified,07617960730598,High Schools (Public),False,178.0,169.0,94.9,110.0,65.1,174.0,77.0,20.0,22.0,84.0,2.0,6.0,,,,,,,
HERCULES HIGH SCHOOL,2023,67.0,53.0,33.0,0.7910447761194029,0.6226415094339622,Hercules,Contra Costa,West Contra Costa Unified,07617960730598,High Schools (Public),False,169.0,162.0,95.9,115.0,71.0,164.0,78.7,28.0,12.0,75.0,7.0,7.0,734.0,204.0,0.2779291553133515,2625.4,2554.3,69.23,28.4
HERCULES HIGH SCHOOL,2024,66.0,51.0,32.0,0.7727272727272727,0.6274509803921569,Hercules,Contra Costa,West Contra Costa Unified,07617960730598,High Schools (Public),False,165.0,152.0,92.1,103.0,67.8,,,,,,,,740.0,322.0,0.4351351351351351,2604.5,2556.9,62.65,27.71
HERCULES HIGH SCHOOL,2025,76.0,49.0,22.0,0.6447368421052632,0.4489795918367347,Hercules,Contra Costa,West Contra Costa Unified,07617960730598,High Schools (Public),False,165.0,157.0,95.2,119.0,75.8,,,,,,,,767.0,320.0,0.4172099087353325,2622.2,2568.3,70.91,25.9
HERITAGE HIGH SCHOOL,2008,39.0,35.0,18.0,0.8974358974358975,0.5142857142857142,Brentwood,Contra Costa,Liberty Union High,07617210107797,High Schools (Public),False,,,,,,,,,,,,,,,,,,,
HERITAGE HIGH SCHOOL,2009,64.0,50.0,22.0,0.78125,0.44,Brentwood,Contra Costa,Liberty Union High,07617210107797,High Schools (Public),False,,,,,,,,,,,,,,,,,,,
HERITAGE HIGH SCHOOL,2010,58.0,48.0,16.0,0.8275862068965517,0.3333333333333333,Brentwood,Contra Costa,Liberty Union High,07617210107797,High Schools (Public),False,,,,,,,,,,,,,,,,,,,
HERITAGE HIGH SCHOOL,2011,76.0,46.0,25.0,0.6052631578947368,0.5434782608695652,Brentwood,Contra Costa,Liberty Union High,07617210107797,High Schools (Public),False,,,,,,,,,,,,,,,,,,,
HERITAGE HIGH SCHOOL,2012,61.0,38.0,24.0,0.6229508196721312,0.631578947368421,Brentwood,Contra Costa,Liberty Union High,07617210107797,High Schools (Public),False,,,,,,,,,,,,,,,,,,,
HERITAGE HIGH SCHOOL,2013,83.0,53.0,28.0,0.6385542168674698,0.5283018867924528,Brentwood,Contra Costa,Liberty Union High,07617210107797,High Schools (Public),False,,,,,,,,,,,,,,,,,,,
HERITAGE HIGH SCHOOL,2014,102.0,54.0,31.0,0.5294117647058824,0.5740740740740741,Brentwood,Contra Costa,Liberty Union High,07617210107797,High Schools (Public),False,,,,,,,,,,,,,2426.0,,,,,,
HERITAGE HIGH SCHOOL,2015,117.0,58.0,36.0,0.49572649572649574,0.6206896551724138,Brentwood,Contra Costa,Liberty Union High,07617210107797,High Schools (Public),False,,,,,,549.0,78.3,35.0,88.0,205.0,19.0,83.0,2503.0,349.0,0.1394326807830603,,,,
HERITAGE HIGH SCHOOL,2016,101.0,67.0,34.0,0.6633663366336634,0.5074626865671642,Brentwood,Contra Costa,Liberty Union High,07617210107797,High Schools (Public),False,,,,,,577.0,77.8,31.0,73.0,238.0,24.0,83.0,2561.0,382.0,0.1491604841858649,2642.5,2601.6,79.0,44.0
HERITAGE HIGH SCHOOL,2017,115.0,71.0,46.0,0.6173913043478261,0.647887323943662,Brentwood,Contra Costa,Liberty Union High,07617210107797,High Schools (Public),False,579.0,568.0,98.1,327.0,57.6,573.0,75.6,44.0,83.0,215.0,20.0,71.0,2499.0,417.0,0.1668667466986794,2668.4,2621.3,84.0,50.0
HERITAGE HIGH SCHOOL,2018,123.0,75.0,41.0,0.6097560975609756,0.5466666666666666,Brentwood,Contra Costa,Liberty Union High,07617210107797,High Schools (Public),False,603.0,595.0,98.7,360.0,60.5,597.0,82.2,40.0,89.0,264.0,33.0,65.0,2573.0,460.0,0.178779634667703,2666.0,2612.0,83.0,45.91
HERITAGE HIGH SCHOOL,2019,106.0,61.0,32.0,0.5754716981132075,0.5245901639344263,Brentwood,Contra Costa,Liberty Union High,07617210107797,High Schools (Public),False,566.0,562.0,99.3,334.0,59.4,564.0,75.9,30.0,78.0,218.0,26.0,76.0,2589.0,456.0,0.1761297798377752,2638.2,2617.0,74.39,50.0
HERITAGE HIGH SCHOOL,2020,100.0,73.0,39.0,0.73,0.5342465753424658,Brentwood,Contra Costa,Liberty Union High,07617210107797,High Schools (Public),False,579.0,565.0,97.6,358.0,63.4,569.0,77.2,38.0,73.0,235.0,16.0,77.0,2595.0,478.0,0.1842003853564547,2661.3,2632.2,82.98,55.42
HERITAGE HIGH SCHOOL,2021,143.0,98.0,64.0,0.6853146853146853,0.6530612244897959,Brentwood,Contra Costa,Liberty Union High,07617210107797,High Schools (Public),False,612.0,599.0,97.9,361.0,60.3,602.0,79.1,61.0,55.0,255.0,23.0,82.0,2654.0,445.0,0.16767143933685,,,,
HERITAGE HIGH SCHOOL,2022,197.0,116.0,59.0,0.5888324873096447,0.5086206896551724,Brentwood,Contra Costa,Liberty Union High,07617210107797,High Schools (Public),False,664.0,654.0,98.5,428.0,65.4,656.0,77.3,54.0,89.0,274.0,15.0,75.0,,,,,,,
HERITAGE HIGH SCHOOL,2023,161.0,112.0,64.0,0.6956521739130435,0.5714285714285714,Brentwood,Contra Costa,Liberty Union High,07617210107797,High Schools (Public),False,549.0,532.0,96.9,337.0,63.3,544.0,77.9,60.0,63.0,220.0,18.0,63.0,2559.0,466.0,0.1821023837436498,2629.5,2594.8,70.28,39.32
HERITAGE HIGH SCHOOL,2024,188.0,126.0,62.0,0.6702127659574468,0.49206349206349204,Brentwood,Contra Costa,Liberty Union High,07617210107797,High Schools (Public),False,670.0,654.0,97.6,408.0,62.4,,,,,,,,2641.0,461.0,0.1745550927678909,2637.0,2598.9,72.26,43.62
HERITAGE HIGH SCHOOL,2025,158.0,112.0,54.0,0.7088607594936709,0.48214285714285715,Brentwood,Contra Costa,Liberty Union High,07617210107797,High Schools (Public),False,590.0,568.0,96.3,364.0,64.1,,,,,,,,2566.0,499.0,0.1944660950896336,2631.1,2593.6,71.18,39.06
HIGH TECH HIGH BAYSHORE,2007,9.0,8,,0.8888888888888888,,Redwood City,San Mateo,,,,,,,,,,,,,,,,,,,,,,,
HILLSDALE HIGH SCHOOL,2005,68.0,62.0,38.0,0.9117647058823529,0.6129032258064516,San Mateo,San Mateo,San Mateo Union High,41690474133070,High Schools (Public),False,,,,,,,,,,,,,,,,,,,
HILLSDALE HIGH SCHOOL,2006,71.0,65.0,35.0,0.9154929577464789,0.5384615384615384,San Mateo,San Mateo,San Mateo Union High,41690474133070,High Schools (Public),False,,,,,,,,,,,,,,,,,,,
HILLSDALE HIGH SCHOOL,2007,65.0,60.0,33.0,0.9230769230769231,0.55,San Mateo,San Mateo,San Mateo Union High,41690474133070,High Schools (Public),False,,,,,,,,,,,,,,,,,,,
HILLSDALE HIGH SCHOOL,2008,74.0,69.0,42.0,0.9324324324324325,0.6086956521739131,San Mateo,San Mateo,San Mateo Union High,41690474133070,High Schools (Public),False,,,,,,,,,,,,,,,,,,,
HILLSDALE HIGH SCHOOL,2009,79.0,70.0,40.0,0.8860759493670886,0.5714285714285714,San Mateo,San Mateo,San Mateo Union High,41690474133070,High Schools (Public),False,,,,,,,,,,,,,,,,,,,
HILLSDALE HIGH SCHOOL,2010,67.0,62.0,31.0,0.9253731343283582,0.5,San Mateo,San Mateo,San Mateo Union High,41690474133070,High Schools (Public),False,,,,,,,,,,,,,,,,,,,
HILLSDALE HIGH SCHOOL,2011,69.0,52.0,23.0,0.7536231884057971,0.4423076923076923,San Mateo,San Mateo,San Mateo Union High,41690474133070,High Schools (Public),False,,,,,,,,,,,,,,,,,,,
HILLSDALE HIGH SCHOOL,2012,86.0,69.0,39.0,0.8023255813953488,0.5652173913043478,San Mateo,San Mateo,San Mateo Union High,41690474133070,High Schools (Public),False,,,,,,,,,,,,,,,,,,,
HILLSDALE HIGH SCHOOL,2013,101.0,68.0,41.0,0.6732673267326733,0.6029411764705882,San Mateo,San Mateo,San Mateo Union High,41690474133070,High Schools (Public),False,,,,,,,,,,,,,,,,,,,
HILLSDALE HIGH SCHOOL,2014,107.0,69.0,39.0,0.6448598130841121,0.5652173913043478,San Mateo,San Mateo,San Mateo Union High,41690474133070,High Schools (Public),False,,,,,,,,,,,,,1348.0,,,,,,
HILLSDALE HIGH SCHOOL,2015,100.0,60.0,30.0,0.6,0.5,San Mateo,San Mateo,San Mateo Union High,41690474133070,High Schools (Public),False,,,,,,288.0,81.3,25.0,33.0,130.0,13.0,33.0,1349.0,215.0,0.1593773165307635,,,,
HILLSDALE HIGH SCHOOL,2016,99.0,75.0,39.0,0.7575757575757576,0.52,San Mateo,San Mateo,San Mateo Union High,41690474133070,High Schools (Public),False,,,,,,303.0,81.8,37.0,32.0,130.0,21.0,28.0,1375.0,163.0,0.1185454545454545,2612.7,2611.4,62.0,46.0
HILLSDALE HIGH SCHOOL,2017,103.0,70.0,35.0,0.6796116504854369,0.5,San Mateo,San Mateo,San Mateo Union High,41690474133070,High Schools (Public),False,331.0,306.0,92.4,179.0,58.5,309.0,81.9,35.0,37.0,134.0,17.0,30.0,1418.0,216.0,0.152327221438646,2654.6,2630.6,78.0,54.0
HILLSDALE HIGH SCHOOL,2018,147.0,94.0,50.0,0.6394557823129252,0.5319148936170213,San Mateo,San Mateo,San Mateo Union High,41690474133070,High Schools (Public),False,370.0,331.0,89.5,232.0,70.1,339.0,85.3,49.0,40.0,119.0,21.0,60.0,1534.0,306.0,0.1994784876140808,2642.7,2636.0,73.82,57.52
HILLSDALE HIGH SCHOOL,2019,107.0,68.0,36.0,0.6355140186915887,0.5294117647058824,San Mateo,San Mateo,San Mateo Union High,41690474133070,High Schools (Public),False,339.0,313.0,92.3,230.0,73.5,324.0,86.4,35.0,34.0,134.0,23.0,54.0,1569.0,344.0,0.2192479286169534,2639.6,2634.7,73.79,50.97
HILLSDALE HIGH SCHOOL,2020,111.0,79.0,41.0,0.7117117117117117,0.5189873417721519,San Mateo,San Mateo,San Mateo Union High,41690474133070,High Schools (Public),False,365.0,333.0,91.2,239.0,71.8,338.0,81.4,41.0,48.0,123.0,10.0,53.0,1651.0,371.0,0.2247122955784373,2637.7,2620.4,71.04,49.54
HILLSDALE HIGH SCHOOL,2021,174.0,106.0,51.0,0.6091954022988506,0.4811320754716981,San Mateo,San Mateo,San Mateo Union High,41690474133070,High Schools (Public),False,431.0,406.0,94.2,301.0,74.1,410.0,84.4,48.0,63.0,143.0,28.0,64.0,1689.0,342.0,0.2024866785079929,,,,
HILLSDALE HIGH SCHOOL,2022,166.0,106.0,56.0,0.6385542168674698,0.5283018867924528,San Mateo,San Mateo,San Mateo Union High,41690474133070,High Schools (Public),False,397.0,371.0,93.5,297.0,80.1,381.0,82.9,54.0,55.0,131.0,17.0,59.0,,,,,,,
HILLSDALE HIGH SCHOOL,2023,162.0,102.0,37.0,0.6296296296296297,0.3627450980392157,San Mateo,San Mateo,San Mateo Union High,41690474133070,High Schools (Public),False,427.0,387.0,90.6,276.0,71.3,395.0,85.3,34.0,67.0,151.0,25.0,60.0,1629.0,310.0,0.1903007980356046,2637.7,2600.0,71.35,44.2
HILLSDALE HIGH SCHOOL,2024,173.0,120.0,57.0,0.6936416184971098,0.475,San Mateo,San Mateo,San Mateo Union High,41690474133070,High Schools (Public),False,411.0,378.0,92.0,278.0,73.5,,,,,,,,1581.0,295.0,0.1865907653383934,2626.9,2586.2,67.3,39.62
HILLSDALE HIGH SCHOOL,2025,155.0,114.0,41.0,0.7354838709677419,0.35964912280701755,San Mateo,San Mateo,San Mateo Union High,41690474133070,High Schools (Public),False,403.0,366.0,90.8,274.0,74.9,,,,,,,,1585.0,400.0,0.252365930599369,2612.8,2582.0,64.95,37.23
HOMESTEAD HIGH SCHOOL,2005,202.0,189.0,119.0,0.9356435643564357,0.6296296296296297,Cupertino,Santa Clara,Fremont Union High,43694684333316,High Schools (Public),False,,,,,,,,,,,,,,,,,,,
HOMESTEAD HIGH SCHOOL,2006,152.0,146.0,85.0,0.9605263157894737,0.5821917808219178,Cupertino,Santa Clara,Fremont Union High,43694684333316,High Schools (Public),False,,,,,,,,,,,,,,,,,,,
HOMESTEAD HIGH SCHOOL,2007,207.0,196.0,112.0,0.9468599033816425,0.5714285714285714,Cupertino,Santa Clara,Fremont Union High,43694684333316,High Schools (Public),False,,,,,,,,,,,,,,,,,,,
HOMESTEAD HIGH SCHOOL,2008,281.0,263.0,147.0,0.9359430604982206,0.55893536121673,Cupertino,Santa Clara,Fremont Union High,43694684333316,High Schools (Public),False,,,,,,,,,,,,,,,,,,,
HOMESTEAD HIGH SCHOOL,2009,259.0,246.0,141.0,0.9498069498069498,0.573170731707317,Cupertino,Santa Clara,Fremont Union High,43694684333316,High Schools (Public),False,,,,,,,,,,,,,,,,,,,
HOMESTEAD HIGH SCHOOL,2010,248.0,233.0,133.0,0.9395161290322581,0.5708154506437768,Cupertino,Santa Clara,Fremont Union High,43694684333316,High Schools (Public),False,,,,,,,,,,,,,,,,,,,
HOMESTEAD HIGH SCHOOL,2011,241.0,221.0,119.0,0.91701244813278,0.5384615384615384,Cupertino,Santa Clara,Fremont Union High,43694684333316,High Schools (Public),False,,,,,,,,,,,,,,,,,,,
HOMESTEAD HIGH SCHOOL,2012,256.0,217.0,133.0,0.84765625,0.6129032258064516,Cupertino,Santa Clara,Fremont Union High,43694684333316,High Schools (Public),False,,,,,,,,,,,,,,,,,,,
HOMESTEAD HIGH SCHOOL,2013,307.0,239.0,128.0,0.7785016286644951,0.5355648535564853,Cupertino,Santa Clara,Fremont Union High,43694684333316,High Schools (Public),False,,,,,,,,,,,,,,,,,,,
HOMESTEAD HIGH SCHOOL,2014,260.0,200.0,108.0,0.7692307692307693,0.54,Cupertino,Santa Clara,Fremont Union High,43694684333316,High Schools (Public),False,,,,,,,,,,,,,2382.0,,,,,,
HOMESTEAD HIGH SCHOOL,2015,323.0,227.0,103.0,0.7027863777089783,0.45374449339207046,Cupertino,Santa Clara,Fremont Union High,43694684333316,High Schools (Public),False,,,,,,596.0,76.2,74.0,80.0,156.0,31.0,113.0,2406.0,366.0,0.1521197007481296,,,,
HOMESTEAD HIGH SCHOOL,2016,317.0,264.0,144.0,0.832807570977918,0.5454545454545454,Cupertino,Santa Clara,Fremont Union High,43694684333316,High Schools (Public),False,,,,,,577.0,84.1,136.0,50.0,161.0,27.0,111.0,2368.0,349.0,0.1473817567567567,2679.3,2698.0,83.0,71.0
HOMESTEAD HIGH SCHOOL,2017,323.0,241.0,102.0,0.7461300309597523,0.42323651452282157,Cupertino,Santa Clara,Fremont Union High,43694684333316,High Schools (Public),False,554.0,539.0,97.3,418.0,77.6,546.0,82.8,100.0,67.0,129.0,35.0,121.0,2391.0,317.0,0.1325805102467586,2687.9,2716.9,84.0,77.0
HOMESTEAD HIGH SCHOOL,2018,337.0,241.0,103.0,0.7151335311572701,0.42738589211618255,Cupertino,Santa Clara,Fremont Union High,43694684333316,High Schools (Public),False,611.0,588.0,96.2,452.0,76.9,592.0,86.8,101.0,68.0,182.0,39.0,124.0,2452.0,403.0,0.1643556280587275,2678.9,2692.6,82.78,71.97
HOMESTEAD HIGH SCHOOL,2019,314.0,223.0,105.0,0.7101910828025477,0.47085201793721976,Cupertino,Santa Clara,Fremont Union High,43694684333316,High Schools (Public),False,602.0,577.0,95.8,461.0,79.9,590.0,82.7,103.0,62.0,156.0,37.0,130.0,2425.0,351.0,0.1447422680412371,2658.9,2690.8,76.45,71.35
HOMESTEAD HIGH SCHOOL,2020,323.0,261.0,136.0,0.8080495356037152,0.5210727969348659,Cupertino,Santa Clara,Fremont Union High,43694684333316,High Schools (Public),False,607.0,584.0,96.2,462.0,79.1,594.0,83.2,127.0,60.0,148.0,41.0,118.0,2430.0,320.0,0.1316872427983539,2669.3,2702.8,78.52,73.53
HOMESTEAD HIGH SCHOOL,2021,387.0,264.0,120.0,0.6821705426356589,0.45454545454545453,Cupertino,Santa Clara,Fremont Union High,43694684333316,High Schools (Public),False,595.0,576.0,96.8,454.0,78.8,578.0,83.9,111.0,56.0,127.0,41.0,150.0,2379.0,249.0,0.1046658259773013,,,,
HOMESTEAD HIGH SCHOOL,2022,389.0,285.0,133.0,0.7326478149100257,0.4666666666666667,Cupertino,Santa Clara,Fremont Union High,43694684333316,High Schools (Public),False,620.0,610.0,98.4,495.0,81.1,618.0,84.8,124.0,66.0,144.0,36.0,154.0,,,,2719.8,2749.6,90.79,88.41
HOMESTEAD HIGH SCHOOL,2023,386.0,295.0,119.0,0.7642487046632125,0.4033898305084746,Cupertino,Santa Clara,Fremont Union High,43694684333316,High Schools (Public),False,596.0,579.0,97.1,476.0,82.2,583.0,84.2,112.0,72.0,125.0,28.0,154.0,2311.0,279.0,0.1207269580268282,2680.5,2713.5,82.21,73.32
HOMESTEAD HIGH SCHOOL,2024,362.0,273.0,98.0,0.7541436464088398,0.358974358974359,Cupertino,Santa Clara,Fremont Union High,43694684333316,High Schools (Public),False,598.0,561.0,93.8,443.0,79.0,,,,,,,,2262.0,292.0,0.1290893015030946,2658.8,2685.4,78.13,66.06
HOMESTEAD HIGH SCHOOL,2025,369.0,297.0,121.0,0.8048780487804879,0.4074074074074074,Cupertino,Santa Clara,Fremont Union High,43694684333316,High Schools (Public),False,587.0,565.0,96.3,436.0,77.2,,,,,,,,2224.0,354.0,0.1591726618705036,2659.7,2695.7,78.56,71.21
HORIZONS SCH CTR INDPNDT STUDY,2020,5.0,,,,,Pleasant Hill,Contra Costa,Mt. Diablo Unified,07617540730317,Alternative Schools of Choice,False,80.0,65.0,81.3,8.0,12.3,73.0,49.3,0.0,4.0,29.0,0.0,3.0,192.0,54.0,0.28125,2630.7,2592.7,76.74,35.0
IMPACT ACAD ARTS/TECHNOLOGY,2011,12.0,9.0,7.0,0.75,0.7777777777777778,Hayward,Alameda,Hayward Unified,01611920137646,K-12 Schools (Public),True,,,,,,,,,,,,,,,,,,,
IMPACT ACAD ARTS/TECHNOLOGY,2012,14.0,11.0,5.0,0.7857142857142857,0.45454545454545453,Hayward,Alameda,Hayward Unified,01611920137646,K-12 Schools (Public),True,,,,,,,,,,,,,,,,,,,
IMPACT ACAD ARTS/TECHNOLOGY,2013,29.0,19.0,17.0,0.6551724137931034,0.8947368421052632,Hayward,Alameda,Hayward Unified,01611920137646,K-12 Schools (Public),True,,,,,,,,,,,,,,,,,,,
IMPACT ACAD ARTS/TECHNOLOGY,2014,34.0,18.0,9.0,0.5294117647058824,0.5,Hayward,Alameda,Hayward Unified,01611920137646,K-12 Schools (Public),True,,,,,,,,,,,,,,,,,,,
IMPACT ACAD ARTS/TECHNOLOGY,2015,33.0,24.0,14.0,0.7272727272727273,0.5833333333333334,Hayward,Alameda,Hayward Unified,01611920137646,K-12 Schools (Public),True,,,,,,,,,,,,,,,,,,,
IMPACT ACAD ARTS/TECHNOLOGY,2016,51.0,31.0,20.0,0.6078431372549019,0.6451612903225806,Hayward,Alameda,Hayward Unified,01611920137646,K-12 Schools (Public),True,,,,,,,,,,,,,,,,,,,
IMPACT ACAD ARTS/TECHNOLOGY,2017,48.0,35.0,27.0,0.7291666666666666,0.7714285714285715,Hayward,Alameda,Hayward Unified,01611920137646,K-12 Schools (Public),True,,,,,,,,,,,,,,,,,,,
IMPACT ACAD ARTS/TECHNOLOGY,2018,44.0,31.0,11.0,0.7045454545454546,0.3548387096774194,Hayward,Alameda,Hayward Unified,01611920137646,K-12 Schools (Public),True,,,,,,,,,,,,,,,,,,,
IMPACT ACAD ARTS/TECHNOLOGY,2019,35.0,17.0,8.0,0.4857142857142857,0.47058823529411764,Hayward,Alameda,Hayward Unified,01611920137646,K-12 Schools (Public),True,100.0,99.0,99.0,99.0,100.0,100.0,69.0,7.0,44.0,12.0,4.0,2.0,842.0,541.0,0.6425178147268409,,,,
IMPACT ACAD ARTS/TECHNOLOGY,2020,55.0,43.0,23.0,0.7818181818181819,0.5348837209302325,Hayward,Alameda,Hayward Unified,01611920137646,K-12 Schools (Public),True,113.0,112.0,99.1,112.0,100.0,112.0,77.7,22.0,28.0,28.0,4.0,5.0,844.0,504.0,0.5971563981042654,2656.8,2584.3,81.2,34.19
IMPACT ACAD ARTS/TECHNOLOGY,2021,33.0,22.0,12.0,0.6666666666666666,0.5454545454545454,Hayward,Alameda,Hayward Unified,01611920137646,K-12 Schools (Public),True,110.0,106.0,96.4,106.0,100.0,106.0,77.4,11.0,39.0,29.0,1.0,2.0,824.0,492.0,0.5970873786407767,,,,
IMPACT ACAD ARTS/TECHNOLOGY,2022,43.0,33.0,14.0,0.7674418604651163,0.42424242424242425,Hayward,Alameda,Hayward Unified,01611920137646,K-12 Schools (Public),True,108.0,108.0,100.0,108.0,100.0,108.0,78.7,14.0,29.0,30.0,5.0,7.0,,,,2619.9,2571.5,64.76,30.0
IMPACT ACAD ARTS/TECHNOLOGY,2023,46.0,27.0,8.0,0.5869565217391305,0.2962962962962963,Hayward,Alameda,Hayward Unified,01611920137646,K-12 Schools (Public),True,101.0,98.0,97.0,97.0,99.0,98.0,78.6,8.0,37.0,27.0,3.0,2.0,775.0,479.0,0.6180645161290322,2618.8,2545.6,72.38,24.76
IMPACT ACAD ARTS/TECHNOLOGY,2024,50.0,36.0,15.0,0.72,0.4166666666666667,Hayward,Alameda,Hayward Unified,01611920137646,K-12 Schools (Public),True,98.0,96.0,98.0,96.0,100.0,,,,,,,,760.0,454.0,0.5973684210526315,2640.1,2539.8,74.04,27.18
IMPACT ACAD ARTS/TECHNOLOGY,2025,40.0,25.0,11.0,0.625,0.44,Hayward,Alameda,Hayward Unified,01611920137646,K-12 Schools (Public),True,91.0,88.0,96.7,88.0,100.0,,,,,,,,716.0,378.0,0.5279329608938548,2639.1,2528.1,78.41,19.32
INDEPENDENCE HIGH SCHOOL,2005,146.0,129.0,78.0,0.8835616438356164,0.6046511627906976,San Jose,Santa Clara,East Side Union High,43694274330031,High Schools (Public),False,,,,,,,,,,,,,,,,,,,
INDEPENDENCE HIGH SCHOOL,2006,137.0,126.0,89.0,0.9197080291970803,0.7063492063492064,San Jose,Santa Clara,East Side Union High,43694274330031,High Schools (Public),False,,,,,,,,,,,,,,,,,,,
INDEPENDENCE HIGH SCHOOL,2007,171.0,160.0,93.0,0.935672514619883,0.58125,San Jose,Santa Clara,East Side Union High,43694274330031,High Schools (Public),False,,,,,,,,,,,,,,,,,,,
INDEPENDENCE HIGH SCHOOL,2008,149.0,131.0,85.0,0.8791946308724832,0.648854961832061,San Jose,Santa Clara,East Side Union High,43694274330031,High Schools (Public),False,,,,,,,,,,,,,,,,,,,
INDEPENDENCE HIGH SCHOOL,2009,120.0,114.0,69.0,0.95,0.6052631578947368,San Jose,Santa Clara,East Side Union High,43694274330031,High Schools (Public),False,,,,,,,,,,,,,,,,,,,
INDEPENDENCE HIGH SCHOOL,2010,154.0,133.0,81.0,0.8636363636363636,0.6090225563909775,San Jose,Santa Clara,East Side Union High,43694274330031,High Schools (Public),False,,,,,,,,,,,,,,,,,,,
INDEPENDENCE HIGH SCHOOL,2011,156.0,116.0,76.0,0.7435897435897436,0.6551724137931034,San Francisco,San Francisco,San Francisco Unified,38684783830197,Alternative Schools of Choice,False,,,,,,,,,,,,,,,,,,,
INDEPENDENCE HIGH SCHOOL,2012,166.0,116.0,71.0,0.6987951807228916,0.6120689655172413,San Francisco,San Francisco,San Francisco Unified,38684783830197,Alternative Schools of Choice,False,,,,,,,,,,,,,,,,,,,
INDEPENDENCE HIGH SCHOOL,2013,189.0,105.0,65.0,0.5555555555555556,0.6190476190476191,San Francisco,San Francisco,San Francisco Unified,38684783830197,Alternative Schools of Choice,False,,,,,,,,,,,,,,,,,,,
INDEPENDENCE HIGH SCHOOL,2014,173.0,108.0,73.0,0.6242774566473989,0.6759259259259259,San Francisco,San Francisco,San Francisco Unified,38684783830197,Alternative Schools of Choice,False,,,,,,,,,,,,,228.0,,,,,,
INDEPENDENCE HIGH SCHOOL,2015,171.0,113.0,80.0,0.6608187134502924,0.7079646017699115,San Francisco,San Francisco,San Francisco Unified,38684783830197,Alternative Schools of Choice,False,,,,,,142.0,43.0,0.0,4.0,57.0,0.0,0.0,234.0,124.0,0.5299145299145299,,,,
INDEPENDENCE HIGH SCHOOL,2016,180.0,101.0,62.0,0.5611111111111111,0.6138613861386139,San Francisco,San Francisco,San Francisco Unified,38684783830197,Alternative Schools of Choice,False,,,,,,105.0,42.9,1.0,8.0,31.0,2.0,3.0,201.0,120.0,0.5970149253731343,2618.6,2588.2,75.0,30.0
INDEPENDENCE HIGH SCHOOL,2017,161.0,109.0,63.0,0.6770186335403726,0.5779816513761468,San Jose,Santa Clara,East Side Union High,43694274330031,High Schools (Public),False,699.0,604.0,86.4,284.0,47.0,633.0,75.7,60.0,94.0,308.0,4.0,13.0,2944.0,1434.0,0.4870923913043478,2606.8,2582.2,64.0,36.0
INDEPENDENCE HIGH SCHOOL,2018,195.0,108.0,63.0,0.5538461538461539,0.5833333333333334,San Jose,Santa Clara,East Side Union High,43694274330031,High Schools (Public),False,753.0,657.0,87.3,344.0,52.4,683.0,78.6,59.0,112.0,338.0,18.0,10.0,2914.0,1467.0,0.5034317089910776,2622.6,2597.0,68.07,41.25
INDEPENDENCE HIGH SCHOOL,2019,169.0,100.0,53.0,0.591715976331361,0.53,San Francisco,San Francisco,San Francisco Unified,38684783830197,Alternative Schools of Choice,False,103.0,56.0,54.4,21.0,37.5,79.0,53.2,1.0,2.0,35.0,2.0,2.0,186.0,98.0,0.5268817204301075,2577.7,2527.3,47.37,21.43
INDEPENDENCE HIGH SCHOOL,2020,149.0,105.0,66.0,0.7046979865771812,0.6285714285714286,San Jose,Santa Clara,East Side Union High,43694274330031,High Schools (Public),False,689.0,610.0,88.5,324.0,53.1,623.0,75.9,61.0,87.0,305.0,8.0,12.0,2879.0,1291.0,0.4484195901354637,2623.8,2602.6,66.88,43.63
INDEPENDENCE HIGH SCHOOL,2021,168.0,101.0,61.0,0.6011904761904762,0.6039603960396039,San Francisco,San Francisco,San Francisco Unified,38684783830197,Alternative Schools of Choice,False,79.0,72.0,91.1,18.0,25.0,102.0,32.4,2.0,6.0,22.0,2.0,1.0,162.0,78.0,0.4814814814814814,,,,
INDEPENDENCE HIGH SCHOOL,2022,173.0,99.0,54.0,0.5722543352601156,0.5454545454545454,San Francisco,San Francisco,San Francisco Unified,38684783830197,Alternative Schools of Choice,False,102.0,97.0,95.1,17.0,17.5,117.0,35.0,2.0,2.0,28.0,1.0,8.0,,,,2646.0,2655.5,75.29,65.84
INDEPENDENCE HIGH SCHOOL,2023,178.0,118.0,64.0,0.6629213483146067,0.5423728813559322,San Francisco,San Francisco,San Francisco Unified,38684783830197,Alternative Schools of Choice,False,125.0,107.0,85.6,35.0,32.7,117.0,48.7,8.0,7.0,38.0,1.0,3.0,205.0,106.0,0.5170731707317073,2632.5,2582.3,69.21,36.35
INDEPENDENCE HIGH SCHOOL,2024,160.0,115.0,70.0,0.71875,0.6086956521739131,San Francisco,San Francisco,San Francisco Unified,38684783830197,Alternative Schools of Choice,False,118.0,83.0,70.3,28.0,33.7,,,,,,,,197.0,98.0,0.4974619289340101,2626.4,2576.6,68.54,34.94
INDEPENDENCE HIGH SCHOOL,2025,132.0,99.0,37.0,0.75,0.37373737373737376,San Francisco,San Francisco,San Francisco Unified,38684783830197,Alternative Schools of Choice,False,133.0,113.0,85.0,37.0,32.7,,,,,,,,235.0,133.0,0.5659574468085107,2601.3,2565.4,60.13,32.81
INTERNATIONAL STUDIES ACADEMY,2005,19.0,15.0,9.0,0.7894736842105263,0.6,San Francisco,San Francisco,,,,,,,,,,,,,,,,,,,,,,,
INTERNATIONAL STUDIES ACADEMY,2006,18.0,15.0,10.0,0.8333333333333334,0.6666666666666666,San Francisco,San Francisco,,,,,,,,,,,,,,,,,,,,,,,
INTERNATIONAL STUDIES ACADEMY,2007,23.0,17.0,13.0,0.7391304347826086,0.7647058823529411,San Francisco,San Francisco,,,,,,,,,,,,,,,,,,,,,,,
INTERNATIONAL STUDIES ACADEMY,2008,17.0,15.0,11.0,0.8823529411764706,0.7333333333333333,San Francisco,San Francisco,,,,,,,,,,,,,,,,,,,,,,,
INTERNATIONAL STUDIES ACADEMY,2009,8.0,6,,0.75,,San Francisco,San Francisco,,,,,,,,,,,,,,,,,,,,,,,
INTERNATIONAL STUDIES ACADEMY,2010,16.0,11.0,7.0,0.6875,0.6363636363636364,San Francisco,San Francisco,,,,,,,,,,,,,,,,,,,,,,,
INTERNATIONAL STUDIES ACADEMY,2011,11.0,8.0,6.0,0.7272727272727273,0.75,San Francisco,San Francisco,,,,,,,,,,,,,,,,,,,,,,,
INTERNATIONAL STUDIES ACADEMY,2012,17.0,12.0,8.0,0.7058823529411765,0.6666666666666666,San Francisco,San Francisco,,,,,,,,,,,,,,,,,,,,,,,
INTERNATIONAL STUDIES ACADEMY,2013,11.0,4.0,3.0,0.36363636363636365,0.75,San Francisco,San Francisco,,,,,,,,,,,,,,,,,,,,,,,
INTERNATIONAL STUDIES ACADEMY,2014,12.0,8.0,5.0,0.6666666666666666,0.625,San Francisco,San Francisco,,,,,,,,,,,,,,,,,,,,,,,
INTERNATIONAL STUDIES ACADEMY,2015,6.0,,,,,San Francisco,San Francisco,,,,,,,,,,,,,,,,,,,,,,,
INTERNATIONAL STUDIES ACADEMY,2016,15.0,8.0,6.0,0.5333333333333333,0.75,San Francisco,San Francisco,,,,,,,,,,,,,,,,,,,,,,,
INVICTUS ACADEMY OF RICHMOND,2024,22.0,11.0,6.0,0.5,0.5454545454545454,El Cerrito,Contra Costa,Contra Costa County Office of Education,07100740137026,High Schools (Public),True,61.0,57.0,93.4,57.0,100.0,,,,,,,,389.0,292.0,0.7506426735218509,2570.7,2556.5,45.9,34.43
INVICTUS ACADEMY OF RICHMOND,2025,16.0,11.0,6.0,0.6875,0.5454545454545454,El Cerrito,Contra Costa,Contra Costa County Office of Education,07100740137026,High Schools (Public),True,64.0,55.0,85.9,55.0,100.0,,,,,,,,403.0,318.0,0.7890818858560794,2563.7,2505.8,39.39,12.12
IRVINGTON HIGH SCHOOL,2005,126.0,112.0,72.0,0.8888888888888888,0.6428571428571429,Fremont,Alameda,Fremont Unified,01611760134270,High Schools (Public),False,,,,,,,,,,,,,,,,,,,
IRVINGTON HIGH SCHOOL,2006,162.0,142.0,102.0,0.8765432098765432,0.7183098591549296,Fremont,Alameda,Fremont Unified,01611760134270,High Schools (Public),False,,,,,,,,,,,,,,,,,,,
IRVINGTON HIGH SCHOOL,2007,167.0,153.0,103.0,0.9161676646706587,0.673202614379085,Fremont,Alameda,Fremont Unified,01611760134270,High Schools (Public),False,,,,,,,,,,,,,,,,,,,
IRVINGTON HIGH SCHOOL,2008,180.0,165.0,115.0,0.9166666666666666,0.696969696969697,Fremont,Alameda,Fremont Unified,01611760134270,High Schools (Public),False,,,,,,,,,,,,,,,,,,,
IRVINGTON HIGH SCHOOL,2009,186.0,174.0,112.0,0.9354838709677419,0.6436781609195402,Fremont,Alameda,Fremont Unified,01611760134270,High Schools (Public),False,,,,,,,,,,,,,,,,,,,
IRVINGTON HIGH SCHOOL,2010,195.0,172.0,115.0,0.882051282051282,0.6686046511627907,Fremont,Alameda,Fremont Unified,01611760134270,High Schools (Public),False,,,,,,,,,,,,,,,,,,,
IRVINGTON HIGH SCHOOL,2011,215.0,181.0,107.0,0.8418604651162791,0.5911602209944752,Fremont,Alameda,Fremont Unified,01611760134270,High Schools (Public),False,,,,,,,,,,,,,,,,,,,
IRVINGTON HIGH SCHOOL,2012,243.0,198.0,119.0,0.8148148148148148,0.601010101010101,Fremont,Alameda,Fremont Unified,01611760134270,High Schools (Public),False,,,,,,,,,,,,,,,,,,,
IRVINGTON HIGH SCHOOL,2013,258.0,202.0,108.0,0.7829457364341085,0.5346534653465347,Fremont,Alameda,Fremont Unified,01611760134270,High Schools (Public),False,,,,,,,,,,,,,,,,,,,
IRVINGTON HIGH SCHOOL,2014,257.0,191.0,112.0,0.7431906614785992,0.5863874345549738,Fremont,Alameda,Fremont Unified,01611760134270,High Schools (Public),False,,,,,,,,,,,,,2179.0,,,,,,
IRVINGTON HIGH SCHOOL,2015,286.0,214.0,109.0,0.7482517482517482,0.5093457943925234,Fremont,Alameda,Fremont Unified,01611760134270,High Schools (Public),False,,,,,,463.0,79.9,79.0,81.0,130.0,34.0,46.0,2248.0,288.0,0.1281138790035587,,,,
IRVINGTON HIGH SCHOOL,2016,275.0,216.0,141.0,0.7854545454545454,0.6527777777777778,Fremont,Alameda,Fremont Unified,01611760134270,High Schools (Public),False,,,,,,522.0,87.2,134.0,61.0,185.0,23.0,52.0,2253.0,360.0,0.1597869507323568,2654.6,2688.6,76.0,68.0
IRVINGTON HIGH SCHOOL,2017,293.0,217.0,126.0,0.7406143344709898,0.5806451612903226,Fremont,Alameda,Fremont Unified,01611760134270,High Schools (Public),False,497.0,468.0,94.2,339.0,72.4,476.0,86.1,118.0,89.0,135.0,24.0,44.0,2249.0,270.0,0.1200533570475767,2668.9,2685.0,80.0,70.0
IRVINGTON HIGH SCHOOL,2018,356.0,276.0,164.0,0.7752808988764045,0.5942028985507246,Fremont,Alameda,Fremont Unified,01611760134270,High Schools (Public),False,600.0,572.0,95.3,404.0,70.6,584.0,88.2,155.0,84.0,179.0,29.0,68.0,2360.0,358.0,0.1516949152542372,2689.8,2696.2,85.57,72.19
IRVINGTON HIGH SCHOOL,2019,303.0,227.0,128.0,0.7491749174917491,0.5638766519823789,Fremont,Alameda,Fremont Unified,01611760134270,High Schools (Public),False,485.0,465.0,95.9,323.0,69.5,468.0,87.8,127.0,72.0,111.0,24.0,77.0,2294.0,383.0,0.1669572798605056,2686.1,2704.5,84.04,72.58
IRVINGTON HIGH SCHOOL,2020,351.0,297.0,186.0,0.8461538461538461,0.6262626262626263,Fremont,Alameda,Fremont Unified,01611760134270,High Schools (Public),False,534.0,507.0,94.9,409.0,80.7,508.0,88.8,176.0,55.0,128.0,21.0,71.0,2367.0,383.0,0.1618081960287283,2663.0,2696.4,75.47,73.4
IRVINGTON HIGH SCHOOL,2021,381.0,304.0,147.0,0.7979002624671916,0.48355263157894735,Fremont,Alameda,Fremont Unified,01611760134270,High Schools (Public),False,548.0,521.0,95.1,391.0,75.0,526.0,87.8,140.0,59.0,124.0,31.0,108.0,2382.0,359.0,0.1507136859781696,,,,
IRVINGTON HIGH SCHOOL,2022,403.0,319.0,167.0,0.7915632754342432,0.5235109717868338,Fremont,Alameda,Fremont Unified,01611760134270,High Schools (Public),False,570.0,544.0,95.4,489.0,89.9,553.0,88.6,156.0,86.0,130.0,25.0,93.0,,,,2717.9,2743.2,87.93,79.93
IRVINGTON HIGH SCHOOL,2023,370.0,326.0,156.0,0.8810810810810811,0.4785276073619632,Fremont,Alameda,Fremont Unified,01611760134270,High Schools (Public),False,543.0,514.0,94.7,455.0,88.5,521.0,88.1,145.0,81.0,123.0,16.0,94.0,2207.0,399.0,0.1807884005437245,2685.7,2710.9,82.73,75.54
IRVINGTON HIGH SCHOOL,2024,391.0,331.0,168.0,0.8465473145780051,0.5075528700906344,Fremont,Alameda,Fremont Unified,01611760134270,High Schools (Public),False,548.0,524.0,95.6,472.0,90.1,,,,,,,,2161.0,419.0,0.1938917167977788,2685.6,2704.5,81.87,73.69
IRVINGTON HIGH SCHOOL,2025,367.0,338.0,172.0,0.9209809264305178,0.5088757396449705,Fremont,Alameda,Fremont Unified,01611760134270,High Schools (Public),False,539.0,507.0,94.1,355.0,70.0,,,,,,,,2157.0,532.0,0.2466388502549837,2691.5,2712.6,85.09,73.38
JAMES LICK HIGH SCHOOL,2005,14.0,13.0,4.0,0.9285714285714286,0.3076923076923077,San Jose,Santa Clara,East Side Union High,43694274333639,High Schools (Public),False,,,,,,,,,,,,,,,,,,,
JAMES LICK HIGH SCHOOL,2006,16.0,16.0,7.0,1.0,0.4375,San Jose,Santa Clara,East Side Union High,43694274333639,High Schools (Public),False,,,,,,,,,,,,,,,,,,,
JAMES LICK HIGH SCHOOL,2007,8.0,8.0,6.0,1.0,0.75,San Jose,Santa Clara,East Side Union High,43694274333639,High Schools (Public),False,,,,,,,,,,,,,,,,,,,
JAMES LICK HIGH SCHOOL,2008,16.0,9.0,4.0,0.5625,0.4444444444444444,San Jose,Santa Clara,East Side Union High,43694274333639,High Schools (Public),False,,,,,,,,,,,,,,,,,,,
JAMES LICK HIGH SCHOOL,2009,10.0,7,,0.7,,San Jose,Santa Clara,East Side Union High,43694274333639,High Schools (Public),False,,,,,,,,,,,,,,,,,,,
JAMES LICK HIGH SCHOOL,2010,9.0,7.0,3.0,0.7777777777777778,0.42857142857142855,San Jose,Santa Clara,East Side Union High,43694274333639,High Schools (Public),False,,,,,,,,,,,,,,,,,,,
JAMES LICK HIGH SCHOOL,2011,17.0,14.0,7.0,0.8235294117647058,0.5,San Jose,Santa Clara,East Side Union High,43694274333639,High Schools (Public),False,,,,,,,,,,,,,,,,,,,
JAMES LICK HIGH SCHOOL,2012,31.0,27.0,16.0,0.8709677419354839,0.5925925925925926,San Jose,Santa Clara,East Side Union High,43694274333639,High Schools (Public),False,,,,,,,,,,,,,,,,,,,
JAMES LICK HIGH SCHOOL,2013,39.0,34.0,17.0,0.8717948717948718,0.5,San Jose,Santa Clara,East Side Union High,43694274333639,High Schools (Public),False,,,,,,,,,,,,,,,,,,,
JAMES LICK HIGH SCHOOL,2014,35.0,22.0,10.0,0.6285714285714286,0.45454545454545453,San Jose,Santa Clara,East Side Union High,43694274333639,High Schools (Public),False,,,,,,,,,,,,,1193.0,,,,,,
JAMES LICK HIGH SCHOOL,2015,41.0,25.0,14.0,0.6097560975609756,0.56,San Jose,Santa Clara,East Side Union High,43694274333639,High Schools (Public),False,,,,,,197.0,70.6,11.0,11.0,110.0,4.0,3.0,1108.0,873.0,0.7879061371841155,,,,
JAMES LICK HIGH SCHOOL,2016,19.0,15.0,10.0,0.7894736842105263,0.6666666666666666,San Jose,Santa Clara,East Side Union High,43694274333639,High Schools (Public),False,,,,,,203.0,70.4,9.0,21.0,105.0,7.0,1.0,1137.0,859.0,0.7554969217238346,2569.6,2526.9,47.0,16.0
JAMES LICK HIGH SCHOOL,2017,33.0,21.0,15.0,0.6363636363636364,0.7142857142857143,San Jose,Santa Clara,East Side Union High,43694274333639,High Schools (Public),False,248.0,203.0,81.9,63.0,31.0,207.0,54.6,12.0,15.0,82.0,3.0,1.0,1120.0,918.0,0.8196428571428571,2577.3,2538.1,51.0,18.0
JAMES LICK HIGH SCHOOL,2018,50.0,28.0,12.0,0.56,0.42857142857142855,San Jose,Santa Clara,East Side Union High,43694274333639,High Schools (Public),False,238.0,194.0,81.5,83.0,42.8,197.0,72.6,12.0,31.0,96.0,3.0,1.0,1099.0,920.0,0.8371246587807097,2582.6,2532.4,57.63,22.03
JAMES LICK HIGH SCHOOL,2019,43.0,25.0,11.0,0.5813953488372093,0.44,San Jose,Santa Clara,East Side Union High,43694274333639,High Schools (Public),False,248.0,208.0,83.9,90.0,43.3,213.0,69.0,8.0,32.0,97.0,2.0,8.0,1053.0,877.0,0.8328584995251662,2578.1,2528.6,53.31,18.18
JAMES LICK HIGH SCHOOL,2020,55.0,37.0,18.0,0.6727272727272727,0.4864864864864865,San Jose,Santa Clara,East Side Union High,43694274333639,High Schools (Public),False,237.0,197.0,83.1,84.0,42.6,201.0,68.2,18.0,16.0,96.0,0.0,7.0,980.0,676.0,0.689795918367347,2578.4,2536.7,49.58,23.08
JAMES LICK HIGH SCHOOL,2021,34.0,25.0,16.0,0.7352941176470589,0.64,San Jose,Santa Clara,East Side Union High,43694274333639,High Schools (Public),False,202.0,165.0,81.7,68.0,41.2,172.0,66.3,14.0,23.0,74.0,1.0,2.0,920.0,472.0,0.5130434782608696,,,,
JAMES LICK HIGH SCHOOL,2022,28.0,19.0,8.0,0.6785714285714286,0.42105263157894735,San Jose,Santa Clara,East Side Union High,43694274333639,High Schools (Public),False,217.0,196.0,90.3,67.0,34.2,207.0,59.9,7.0,28.0,80.0,7.0,2.0,,,,2596.5,2546.8,54.67,25.32
JAMES LICK HIGH SCHOOL,2023,31.0,23.0,5.0,0.7419354838709677,0.21739130434782608,San Jose,Santa Clara,East Side Union High,43694274333639,High Schools (Public),False,196.0,146.0,74.5,70.0,47.9,150.0,73.3,5.0,26.0,70.0,6.0,3.0,887.0,399.0,0.4498308906426155,2550.3,2506.8,38.82,17.24
JAMES LICK HIGH SCHOOL,2024,16.0,10.0,5.0,0.625,0.5,San Jose,Santa Clara,East Side Union High,43694274333639,High Schools (Public),False,175.0,134.0,76.6,36.0,26.9,,,,,,,,878.0,535.0,0.6093394077448747,2513.1,2492.4,28.95,13.3
JAMES LICK HIGH SCHOOL,2025,18.0,15.0,3.0,0.8333333333333334,0.2,San Jose,Santa Clara,East Side Union High,43694274333639,High Schools (Public),False,206.0,166.0,80.6,59.0,35.5,,,,,,,,862.0,567.0,0.6577726218097448,2566.5,2502.0,45.51,19.65
JAMES LOGAN HIGH SCHOOL,2005,195.0,173.0,103.0,0.8871794871794871,0.5953757225433526,Union City,Alameda,New Haven Unified,01612420134668,High Schools (Public),False,,,,,,,,,,,,,,,,,,,
JAMES LOGAN HIGH SCHOOL,2006,238.0,209.0,131.0,0.8781512605042017,0.6267942583732058,Union City,Alameda,New Haven Unified,01612420134668,High Schools (Public),False,,,,,,,,,,,,,,,,,,,
JAMES LOGAN HIGH SCHOOL,2007,207.0,188.0,112.0,0.9082125603864735,0.5957446808510638,Union City,Alameda,New Haven Unified,01612420134668,High Schools (Public),False,,,,,,,,,,,,,,,,,,,
JAMES LOGAN HIGH SCHOOL,2008,218.0,184.0,103.0,0.8440366972477065,0.5597826086956522,Union City,Alameda,New Haven Unified,01612420134668,High Schools (Public),False,,,,,,,,,,,,,,,,,,,
JAMES LOGAN HIGH SCHOOL,2009,181.0,157.0,68.0,0.8674033149171271,0.43312101910828027,Union City,Alameda,New Haven Unified,01612420134668,High Schools (Public),False,,,,,,,,,,,,,,,,,,,
JAMES LOGAN HIGH SCHOOL,2010,196.0,156.0,81.0,0.7959183673469388,0.5192307692307693,Union City,Alameda,New Haven Unified,01612420134668,High Schools (Public),False,,,,,,,,,,,,,,,,,,,
JAMES LOGAN HIGH SCHOOL,2011,193.0,139.0,90.0,0.7202072538860104,0.6474820143884892,Union City,Alameda,New Haven Unified,01612420134668,High Schools (Public),False,,,,,,,,,,,,,,,,,,,
JAMES LOGAN HIGH SCHOOL,2012,254.0,153.0,98.0,0.6023622047244095,0.6405228758169934,Union City,Alameda,New Haven Unified,01612420134668,High Schools (Public),False,,,,,,,,,,,,,,,,,,,
JAMES LOGAN HIGH SCHOOL,2013,231.0,133.0,88.0,0.5757575757575758,0.6616541353383458,Union City,Alameda,New Haven Unified,01612420134668,High Schools (Public),False,,,,,,,,,,,,,,,,,,,
JAMES LOGAN HIGH SCHOOL,2014,287.0,175.0,108.0,0.6097560975609756,0.6171428571428571,Union City,Alameda,New Haven Unified,01612420134668,High Schools (Public),False,,,,,,,,,,,,,3875.0,,,,,,
JAMES LOGAN HIGH SCHOOL,2015,239.0,137.0,78.0,0.5732217573221757,0.5693430656934306,Union City,Alameda,New Haven Unified,01612420134668,High Schools (Public),False,,,,,,813.0,80.6,60.0,151.0,399.0,18.0,27.0,3912.0,1556.0,0.3977505112474437,,,,
JAMES LOGAN HIGH SCHOOL,2016,240.0,168.0,96.0,0.7,0.5714285714285714,Union City,Alameda,New Haven Unified,01612420134668,High Schools (Public),False,,,,,,792.0,83.6,92.0,121.0,403.0,21.0,25.0,3793.0,1562.0,0.4118112312153967,2600.8,2585.9,60.0,36.0
JAMES LOGAN HIGH SCHOOL,2017,252.0,139.0,77.0,0.5515873015873016,0.5539568345323741,Union City,Alameda,New Haven Unified,01612420134668,High Schools (Public),False,813.0,741.0,91.1,356.0,48.0,756.0,79.1,75.0,157.0,333.0,13.0,20.0,3750.0,1699.0,0.4530666666666667,2620.9,2605.8,68.0,43.0
JAMES LOGAN HIGH SCHOOL,2018,266.0,150.0,78.0,0.5639097744360902,0.52,Union City,Alameda,New Haven Unified,01612420134668,High Schools (Public),False,915.0,846.0,92.5,514.0,60.8,862.0,81.2,78.0,139.0,401.0,44.0,38.0,3735.0,1734.0,0.4642570281124498,2624.9,2598.6,72.41,40.4
JAMES LOGAN HIGH SCHOOL,2019,232.0,148.0,84.0,0.6379310344827587,0.5675675675675675,Union City,Alameda,New Haven Unified,01612420134668,High Schools (Public),False,821.0,765.0,93.2,394.0,51.5,789.0,77.7,82.0,127.0,361.0,18.0,25.0,3635.0,1593.0,0.4382393397524071,2635.7,2595.2,74.44,40.69
JAMES LOGAN HIGH SCHOOL,2020,227.0,167.0,105.0,0.73568281938326,0.6287425149700598,Union City,Alameda,New Haven Unified,01612420134668,High Schools (Public),False,839.0,787.0,93.8,427.0,54.3,800.0,76.0,101.0,126.0,325.0,23.0,33.0,3650.0,1613.0,0.4419178082191781,2643.0,2604.8,74.67,43.97
JAMES LOGAN HIGH SCHOOL,2021,275.0,175.0,94.0,0.6363636363636364,0.5371428571428571,Union City,Alameda,New Haven Unified,01612420134668,High Schools (Public),False,780.0,734.0,94.1,407.0,55.4,743.0,79.5,95.0,125.0,317.0,26.0,28.0,3472.0,1355.0,0.3902649769585253,,,,
JAMES LOGAN HIGH SCHOOL,2022,253.0,166.0,83.0,0.6561264822134387,0.5,Union City,Alameda,New Haven Unified,01612420134668,High Schools (Public),False,791.0,742.0,93.8,378.0,50.9,753.0,75.8,80.0,133.0,313.0,9.0,36.0,,,,2640.9,2621.6,70.92,45.68
JAMES LOGAN HIGH SCHOOL,2023,265.0,167.0,85.0,0.630188679245283,0.5089820359281437,Union City,Alameda,New Haven Unified,01612420134668,High Schools (Public),False,809.0,742.0,91.7,397.0,53.5,760.0,79.1,82.0,128.0,353.0,12.0,26.0,3315.0,1246.0,0.375867269984917,2613.6,2571.5,61.78,34.99
JAMES LOGAN HIGH SCHOOL,2024,237.0,163.0,86.0,0.6877637130801688,0.5276073619631901,Union City,Alameda,New Haven Unified,01612420134668,High Schools (Public),False,765.0,695.0,90.8,378.0,54.4,,,,,,,,3151.0,1539.0,0.488416375753729,2607.7,2558.2,60.96,34.42
JAMES LOGAN HIGH SCHOOL,2025,232.0,185.0,97.0,0.7974137931034483,0.5243243243243243,Union City,Alameda,New Haven Unified,01612420134668,High Schools (Public),False,780.0,743.0,95.3,389.0,52.4,,,,,,,,3096.0,1634.0,0.5277777777777778,2609.9,2565.6,62.36,32.43
JEFFERSON HIGH SCHOOL,2005,22.0,19.0,7.0,0.8636363636363636,0.3684210526315789,Daly City,San Mateo,Jefferson Union High,41689244133393,High Schools (Public),False,,,,,,,,,,,,,,,,,,,
JEFFERSON HIGH SCHOOL,2006,19.0,18.0,10.0,0.9473684210526315,0.5555555555555556,Daly City,San Mateo,Jefferson Union High,41689244133393,High Schools (Public),False,,,,,,,,,,,,,,,,,,,
JEFFERSON HIGH SCHOOL,2007,24.0,21.0,9.0,0.875,0.42857142857142855,Daly City,San Mateo,Jefferson Union High,41689244133393,High Schools (Public),False,,,,,,,,,,,,,,,,,,,
JEFFERSON HIGH SCHOOL,2008,32.0,29.0,15.0,0.90625,0.5172413793103449,Daly City,San Mateo,Jefferson Union High,41689244133393,High Schools (Public),False,,,,,,,,,,,,,,,,,,,
JEFFERSON HIGH SCHOOL,2009,24.0,21.0,9.0,0.875,0.42857142857142855,Daly City,San Mateo,Jefferson Union High,41689244133393,High Schools (Public),False,,,,,,,,,,,,,,,,,,,
JEFFERSON HIGH SCHOOL,2010,32.0,27.0,11.0,0.84375,0.4074074074074074,Daly City,San Mateo,Jefferson Union High,41689244133393,High Schools (Public),False,,,,,,,,,,,,,,,,,,,
JEFFERSON HIGH SCHOOL,2011,36.0,24.0,11.0,0.6666666666666666,0.4583333333333333,Daly City,San Mateo,Jefferson Union High,41689244133393,High Schools (Public),False,,,,,,,,,,,,,,,,,,,
JEFFERSON HIGH SCHOOL,2012,28.0,20.0,10.0,0.7142857142857143,0.5,Daly City,San Mateo,Jefferson Union High,41689244133393,High Schools (Public),False,,,,,,,,,,,,,,,,,,,
JEFFERSON HIGH SCHOOL,2013,23.0,17.0,7.0,0.7391304347826086,0.4117647058823529,Daly City,San Mateo,Jefferson Union High,41689244133393,High Schools (Public),False,,,,,,,,,,,,,,,,,,,
JEFFERSON HIGH SCHOOL,2014,31.0,18.0,11.0,0.5806451612903226,0.6111111111111112,Daly City,San Mateo,Jefferson Union High,41689244133393,High Schools (Public),False,,,,,,,,,,,,,1115.0,,,,,,
JEFFERSON HIGH SCHOOL,2015,31.0,20.0,13.0,0.6451612903225806,0.65,Daly City,San Mateo,Jefferson Union High,41689244133393,High Schools (Public),False,,,,,,244.0,77.9,11.0,38.0,137.0,0.0,4.0,1135.0,613.0,0.5400881057268723,,,,
JEFFERSON HIGH SCHOOL,2016,39.0,28.0,15.0,0.717948717948718,0.5357142857142857,Daly City,San Mateo,Jefferson Union High,41689244133393,High Schools (Public),False,,,,,,285.0,74.7,13.0,35.0,158.0,5.0,2.0,1162.0,685.0,0.5895008605851979,2576.5,2533.9,50.0,18.0
JEFFERSON HIGH SCHOOL,2017,39.0,22.0,18.0,0.5641025641025641,0.8181818181818182,Daly City,San Mateo,Jefferson Union High,41689244133393,High Schools (Public),False,240.0,219.0,91.3,92.0,42.0,223.0,70.9,16.0,27.0,113.0,2.0,0.0,1107.0,588.0,0.5311653116531165,2587.9,2551.7,56.0,23.0
JEFFERSON HIGH SCHOOL,2018,42.0,23.0,16.0,0.5476190476190477,0.6956521739130435,Daly City,San Mateo,Jefferson Union High,41689244133393,High Schools (Public),False,265.0,230.0,86.8,79.0,34.3,233.0,73.8,16.0,24.0,120.0,5.0,7.0,1144.0,570.0,0.4982517482517482,2579.4,2548.9,51.67,24.07
JEFFERSON HIGH SCHOOL,2019,50.0,31.0,19.0,0.62,0.6129032258064516,Daly City,San Mateo,Jefferson Union High,41689244133393,High Schools (Public),False,272.0,245.0,90.1,107.0,43.7,247.0,66.0,15.0,34.0,105.0,2.0,7.0,1217.0,540.0,0.4437140509449466,2586.9,2539.1,56.28,21.31
JEFFERSON HIGH SCHOOL,2020,42.0,33.0,14.0,0.7857142857142857,0.42424242424242425,Daly City,San Mateo,Jefferson Union High,41689244133393,High Schools (Public),False,285.0,263.0,92.3,124.0,47.1,265.0,65.7,13.0,43.0,112.0,3.0,3.0,1295.0,440.0,0.3397683397683397,2582.1,2544.5,52.14,24.19
JEFFERSON HIGH SCHOOL,2021,57.0,32.0,18.0,0.5614035087719298,0.5625,Daly City,San Mateo,Jefferson Union High,41689244133393,High Schools (Public),False,315.0,289.0,91.7,99.0,34.3,296.0,64.5,17.0,47.0,117.0,4.0,6.0,1325.0,431.0,0.3252830188679245,,,,
JEFFERSON HIGH SCHOOL,2022,77.0,52.0,23.0,0.6753246753246753,0.4423076923076923,Daly City,San Mateo,Jefferson Union High,41689244133393,High Schools (Public),False,362.0,331.0,91.4,163.0,49.2,343.0,65.6,23.0,67.0,129.0,3.0,3.0,,,,2624.7,2601.5,71.86,35.86
JEFFERSON HIGH SCHOOL,2023,63.0,47.0,14.0,0.746031746031746,0.2978723404255319,Daly City,San Mateo,Jefferson Union High,41689244133393,High Schools (Public),False,316.0,295.0,93.4,186.0,63.1,294.0,71.8,13.0,58.0,132.0,6.0,2.0,1159.0,427.0,0.3684210526315789,2574.3,2519.4,50.34,18.75
JEFFERSON HIGH SCHOOL,2024,49.0,34.0,15.0,0.6938775510204082,0.4411764705882353,Daly City,San Mateo,Jefferson Union High,41689244133393,High Schools (Public),False,261.0,243.0,93.1,156.0,64.2,,,,,,,,1071.0,425.0,0.3968253968253968,2555.6,2514.2,43.85,19.39
JEFFERSON HIGH SCHOOL,2025,61.0,46.0,16.0,0.7540983606557377,0.34782608695652173,Daly City,San Mateo,Jefferson Union High,41689244133393,High Schools (Public),False,267.0,253.0,94.8,167.0,66.0,,,,,,,,1072.0,441.0,0.4113805970149253,2550.5,2503.1,44.22,15.56
JESSE M BETHEL HIGH SCHOOL,2005,21.0,13.0,9.0,0.6190476190476191,0.6923076923076923,Vallejo,Solano,Vallejo City Unified,48705814830147,High Schools (Public),False,,,,,,,,,,,,,,,,,,,
JESSE M BETHEL HIGH SCHOOL,2006,47.0,40.0,27.0,0.851063829787234,0.675,Vallejo,Solano,Vallejo City Unified,48705814830147,High Schools (Public),False,,,,,,,,,,,,,,,,,,,
JESSE M BETHEL HIGH SCHOOL,2007,45.0,36.0,21.0,0.8,0.5833333333333334,Vallejo,Solano,Vallejo City Unified,48705814830147,High Schools (Public),False,,,,,,,,,,,,,,,,,,,
JESSE M BETHEL HIGH SCHOOL,2008,50.0,45.0,32.0,0.9,0.7111111111111111,Vallejo,Solano,Vallejo City Unified,48705814830147,High Schools (Public),False,,,,,,,,,,,,,,,,,,,
JESSE M BETHEL HIGH SCHOOL,2009,42.0,28.0,19.0,0.6666666666666666,0.6785714285714286,Vallejo,Solano,Vallejo City Unified,48705814830147,High Schools (Public),False,,,,,,,,,,,,,,,,,,,
JESSE M BETHEL HIGH SCHOOL,2010,28.0,24.0,16.0,0.8571428571428571,0.6666666666666666,Vallejo,Solano,Vallejo City Unified,48705814830147,High Schools (Public),False,,,,,,,,,,,,,,,,,,,
JESSE M BETHEL HIGH SCHOOL,2011,27.0,20.0,15.0,0.7407407407407407,0.75,Vallejo,Solano,Vallejo City Unified,48705814830147,High Schools (Public),False,,,,,,,,,,,,,,,,,,,
JESSE M BETHEL HIGH SCHOOL,2012,49.0,26.0,18.0,0.5306122448979592,0.6923076923076923,Vallejo,Solano,Vallejo City Unified,48705814830147,High Schools (Public),False,,,,,,,,,,,,,,,,,,,
JESSE M BETHEL HIGH SCHOOL,2013,42.0,24.0,12.0,0.5714285714285714,0.5,Vallejo,Solano,Vallejo City Unified,48705814830147,High Schools (Public),False,,,,,,,,,,,,,,,,,,,
JESSE M BETHEL HIGH SCHOOL,2014,52.0,33.0,22.0,0.6346153846153846,0.6666666666666666,Vallejo,Solano,Vallejo City Unified,48705814830147,High Schools (Public),False,,,,,,,,,,,,,1819.0,,,,,,
JESSE M BETHEL HIGH SCHOOL,2015,50.0,28.0,21.0,0.56,0.75,Vallejo,Solano,Vallejo City Unified,48705814830147,High Schools (Public),False,,,,,,341.0,63.9,15.0,32.0,157.0,11.0,3.0,1758.0,1029.0,0.5853242320819113,,,,
JESSE M BETHEL HIGH SCHOOL,2016,62.0,41.0,28.0,0.6612903225806451,0.6829268292682927,Vallejo,Solano,Vallejo City Unified,48705814830147,High Schools (Public),False,,,,,,355.0,70.7,27.0,33.0,180.0,6.0,5.0,1696.0,911.0,0.5371462264150944,2565.1,2536.0,45.0,21.0
JESSE M BETHEL HIGH SCHOOL,2017,52.0,27.0,16.0,0.5192307692307693,0.5925925925925926,Vallejo,Solano,Vallejo City Unified,48705814830147,High Schools (Public),False,345.0,288.0,83.5,111.0,38.5,289.0,67.8,12.0,32.0,136.0,2.0,14.0,1603.0,853.0,0.5321272613849033,2539.8,2520.2,37.0,15.0
JESSE M BETHEL HIGH SCHOOL,2018,58.0,35.0,24.0,0.603448275862069,0.6857142857142857,Vallejo,Solano,Vallejo City Unified,48705814830147,High Schools (Public),False,388.0,340.0,87.6,144.0,42.4,343.0,67.6,24.0,43.0,147.0,8.0,10.0,1620.0,882.0,0.5444444444444444,2593.8,2538.1,57.03,23.34
JESSE M BETHEL HIGH SCHOOL,2019,60.0,27.0,17.0,0.45,0.6296296296296297,Vallejo,Solano,Vallejo City Unified,48705814830147,High Schools (Public),False,382.0,327.0,85.6,122.0,37.3,329.0,65.0,17.0,31.0,149.0,8.0,9.0,1624.0,871.0,0.5363300492610837,2564.8,2516.5,47.67,15.07
JESSE M BETHEL HIGH SCHOOL,2020,53.0,36.0,20.0,0.6792452830188679,0.5555555555555556,Vallejo,Solano,Vallejo City Unified,48705814830147,High Schools (Public),False,356.0,309.0,86.8,127.0,41.1,311.0,57.9,19.0,44.0,99.0,5.0,13.0,1595.0,821.0,0.5147335423197492,2532.9,2503.5,34.34,12.12
JESSE M BETHEL HIGH SCHOOL,2021,62.0,42.0,16.0,0.6774193548387096,0.38095238095238093,Vallejo,Solano,Vallejo City Unified,48705814830147,High Schools (Public),False,359.0,310.0,86.4,133.0,42.9,304.0,55.3,14.0,22.0,116.0,4.0,12.0,1559.0,907.0,0.581783194355356,,,,
JESSE M BETHEL HIGH SCHOOL,2022,51.0,28.0,15.0,0.5490196078431373,0.5357142857142857,Vallejo,Solano,Vallejo City Unified,48705814830147,High Schools (Public),False,362.0,302.0,83.4,114.0,37.7,304.0,58.2,13.0,27.0,121.0,2.0,14.0,,,,2586.3,2571.5,50.67,33.33
JESSE M BETHEL HIGH SCHOOL,2023,39.0,24.0,12.0,0.6153846153846154,0.5,Vallejo,Solano,Vallejo City Unified,48705814830147,High Schools (Public),False,354.0,305.0,86.2,108.0,35.4,304.0,60.2,12.0,26.0,122.0,9.0,14.0,1481.0,1172.0,0.7913571910871033,2523.7,2529.6,33.0,20.42
JESSE M BETHEL HIGH SCHOOL,2024,33.0,27.0,15.0,0.8181818181818182,0.5555555555555556,Vallejo,Solano,Vallejo City Unified,48705814830147,High Schools (Public),False,364.0,310.0,85.2,103.0,33.2,,,,,,,,1441.0,1137.0,0.7890353920888272,2502.5,2493.0,30.97,12.54
JESSE M BETHEL HIGH SCHOOL,2025,47.0,31.0,18.0,0.6595744680851063,0.5806451612903226,Vallejo,Solano,Vallejo City Unified,48705814830147,High Schools (Public),False,364.0,321.0,88.2,125.0,38.9,,,,,,,,1418.0,1097.0,0.7736248236953456,2493.9,2486.1,25.85,13.31
JOHN F KENNEDY HIGH SCHOOL,2005,43.0,36.0,23.0,0.8372093023255814,0.6388888888888888,Fremont,Alameda,Fremont Unified,01611760134452,High Schools (Public),False,,,,,,,,,,,,,,,,,,,
JOHN F KENNEDY HIGH SCHOOL,2006,35.0,29.0,23.0,0.8285714285714286,0.7931034482758621,Fremont,Alameda,Fremont Unified,01611760134452,High Schools (Public),False,,,,,,,,,,,,,,,,,,,
JOHN F KENNEDY HIGH SCHOOL,2007,46.0,42.0,27.0,0.9130434782608695,0.6428571428571429,Fremont,Alameda,Fremont Unified,01611760134452,High Schools (Public),False,,,,,,,,,,,,,,,,,,,
JOHN F KENNEDY HIGH SCHOOL,2008,53.0,45.0,31.0,0.8490566037735849,0.6888888888888889,Fremont,Alameda,Fremont Unified,01611760134452,High Schools (Public),False,,,,,,,,,,,,,,,,,,,
JOHN F KENNEDY HIGH SCHOOL,2009,63.0,51.0,26.0,0.8095238095238095,0.5098039215686274,Fremont,Alameda,Fremont Unified,01611760134452,High Schools (Public),False,,,,,,,,,,,,,,,,,,,
JOHN F KENNEDY HIGH SCHOOL,2010,66.0,49.0,23.0,0.7424242424242424,0.46938775510204084,Fremont,Alameda,Fremont Unified,01611760134452,High Schools (Public),False,,,,,,,,,,,,,,,,,,,
JOHN F KENNEDY HIGH SCHOOL,2011,66.0,46.0,29.0,0.696969696969697,0.6304347826086957,Fremont,Alameda,Fremont Unified,01611760134452,High Schools (Public),False,,,,,,,,,,,,,,,,,,,
JOHN F KENNEDY HIGH SCHOOL,2012,72.0,48.0,30.0,0.6666666666666666,0.625,Fremont,Alameda,Fremont Unified,01611760134452,High Schools (Public),False,,,,,,,,,,,,,,,,,,,
JOHN F KENNEDY HIGH SCHOOL,2013,94.0,57.0,33.0,0.6063829787234043,0.5789473684210527,Fremont,Alameda,Fremont Unified,01611760134452,High Schools (Public),False,,,,,,,,,,,,,,,,,,,
JOHN F KENNEDY HIGH SCHOOL,2014,89.0,56.0,32.0,0.6292134831460674,0.5714285714285714,Fremont,Alameda,Fremont Unified,01611760134452,High Schools (Public),False,,,,,,,,,,,,,1410.0,,,,,,
JOHN F KENNEDY HIGH SCHOOL,2015,98.0,46.0,32.0,0.46938775510204084,0.6956521739130435,Fremont,Alameda,Fremont Unified,01611760134452,High Schools (Public),False,,,,,,354.0,72.9,23.0,59.0,150.0,4.0,22.0,1436.0,452.0,0.3147632311977716,,,,
JOHN F KENNEDY HIGH SCHOOL,2016,93.0,63.0,40.0,0.6774193548387096,0.6349206349206349,Fremont,Alameda,Fremont Unified,01611760134452,High Schools (Public),False,,,,,,338.0,73.1,28.0,58.0,129.0,10.0,22.0,1401.0,603.0,0.430406852248394,2619.5,2574.2,68.0,37.0
JOHN F KENNEDY HIGH SCHOOL,2017,90.0,62.0,37.0,0.6888888888888889,0.5967741935483871,Fremont,Alameda,Fremont Unified,01611760134452,High Schools (Public),False,352.0,329.0,93.5,162.0,49.2,333.0,75.7,25.0,56.0,151.0,7.0,13.0,1385.0,522.0,0.3768953068592058,2621.4,2583.7,66.0,39.0
JOHN F KENNEDY HIGH SCHOOL,2018,118.0,71.0,44.0,0.6016949152542372,0.6197183098591549,Fremont,Alameda,Fremont Unified,01611760134452,High Schools (Public),False,377.0,349.0,92.6,169.0,48.4,350.0,73.1,34.0,47.0,151.0,7.0,17.0,1379.0,527.0,0.3821609862218999,2618.5,2586.6,65.71,40.91
JOHN F KENNEDY HIGH SCHOOL,2019,92.0,62.0,42.0,0.6739130434782609,0.6774193548387096,Fremont,Alameda,Fremont Unified,01611760134452,High Schools (Public),False,311.0,290.0,93.2,130.0,44.8,300.0,73.0,29.0,41.0,132.0,3.0,14.0,1292.0,559.0,0.4326625386996904,2622.1,2593.8,65.2,43.21
JOHN F KENNEDY HIGH SCHOOL,2020,102.0,65.0,30.0,0.6372549019607843,0.46153846153846156,Fremont,Alameda,Fremont Unified,01611760134452,High Schools (Public),False,340.0,306.0,90.0,196.0,64.1,312.0,75.6,28.0,53.0,136.0,8.0,11.0,1373.0,588.0,0.4282592862345229,2634.3,2601.4,70.65,42.95
JOHN F KENNEDY HIGH SCHOOL,2021,90.0,58.0,28.0,0.6444444444444445,0.4827586206896552,Fremont,Alameda,Fremont Unified,01611760134452,High Schools (Public),False,350.0,319.0,91.1,83.0,26.0,324.0,66.7,21.0,49.0,121.0,8.0,17.0,1393.0,587.0,0.4213926776740847,,,,
JOHN F KENNEDY HIGH SCHOOL,2022,109.0,81.0,40.0,0.7431192660550459,0.49382716049382713,Fremont,Alameda,Fremont Unified,01611760134452,High Schools (Public),False,321.0,299.0,93.1,192.0,64.2,305.0,69.8,27.0,56.0,114.0,9.0,7.0,,,,2633.7,2633.4,69.17,53.39
JOHN F KENNEDY HIGH SCHOOL,2023,146.0,119.0,68.0,0.815068493150685,0.5714285714285714,Fremont,Alameda,Fremont Unified,01611760134452,High Schools (Public),False,360.0,343.0,95.3,189.0,55.1,350.0,75.4,50.0,55.0,135.0,5.0,19.0,1347.0,543.0,0.4031180400890868,2628.7,2577.8,68.55,36.42
JOHN F KENNEDY HIGH SCHOOL,2024,130.0,106.0,57.0,0.8153846153846154,0.5377358490566038,Fremont,Alameda,Fremont Unified,01611760134452,High Schools (Public),False,327.0,306.0,93.6,165.0,53.9,,,,,,,,1273.0,582.0,0.4571877454831107,2626.6,2572.1,67.43,36.93
JOHN F KENNEDY HIGH SCHOOL,2025,123.0,97.0,45.0,0.7886178861788617,0.4639175257731959,Fremont,Alameda,Fremont Unified,01611760134452,High Schools (Public),False,337.0,302.0,89.6,164.0,54.3,,,,,,,,1273.0,671.0,0.5271013354281225,2571.2,2557.1,50.0,31.38
JOHN HENRY HIGH SCHOOL,2018,10.0,8.0,4.0,0.8,0.5,Richmond,Contra Costa,SBE - John Henry High,07773540132233,High Schools In 1 School Dist. (Public),True,,,,,,,,,,,,,,,,,,,
JOHN HENRY HIGH SCHOOL,2019,22.0,16.0,10.0,0.7272727272727273,0.625,Richmond,Contra Costa,SBE - John Henry High,07773540132233,High Schools In 1 School Dist. (Public),True,,,,,,,,,,,,,,,,,,,
JOHN HENRY HIGH SCHOOL,2020,27.0,21.0,5.0,0.7777777777777778,0.23809523809523808,Richmond,Contra Costa,SBE - John Henry High,07773540132233,High Schools In 1 School Dist. (Public),True,,,,,,,,,,,,,,,,,,,
JOHN HENRY HIGH SCHOOL,2021,31.0,23.0,8.0,0.7419354838709677,0.34782608695652173,Richmond,Contra Costa,SBE - John Henry High,07773540132233,High Schools In 1 School Dist. (Public),True,74.0,55.0,74.3,48.0,87.3,56.0,67.9,8.0,17.0,12.0,1.0,0.0,292.0,230.0,0.7876712328767124,,,,
JOHN HENRY HIGH SCHOOL,2022,26.0,18.0,7.0,0.6923076923076923,0.3888888888888889,Richmond,Contra Costa,SBE - John Henry High,07773540132233,High Schools In 1 School Dist. (Public),True,78.0,58.0,74.4,50.0,86.2,62.0,62.9,6.0,14.0,15.0,3.0,1.0,,,,2587.8,2520.7,53.06,8.33
JOHN HENRY HIGH SCHOOL,2023,28.0,21.0,17.0,0.75,0.8095238095238095,Richmond,Contra Costa,SBE - John Henry High,07773540132233,High Schools In 1 School Dist. (Public),True,79.0,55.0,69.6,51.0,92.7,62.0,62.9,15.0,10.0,14.0,0.0,0.0,331.0,258.0,0.7794561933534743,2560.2,2494.7,44.78,8.96
JOHN HENRY HIGH SCHOOL,2024,24.0,17.0,7.0,0.7083333333333334,0.4117647058823529,Richmond,Contra Costa,SBE - John Henry High,07773540132233,High Schools In 1 School Dist. (Public),True,74.0,61.0,82.4,61.0,100.0,,,,,,,,285.0,215.0,0.7543859649122807,2521.5,2477.3,26.03,9.59
JOHN HENRY HIGH SCHOOL,2025,22.0,14.0,4.0,0.6363636363636364,0.2857142857142857,Richmond,Contra Costa,SBE - John Henry High,07773540132233,High Schools In 1 School Dist. (Public),True,80.0,63.0,78.8,52.0,82.5,,,,,,,,333.0,287.0,0.8618618618618619,2538.8,2497.2,41.1,14.86
JOHN O'CONNELL HIGH SCHOOL,2005,17.0,14.0,6.0,0.8235294117647058,0.42857142857142855,San Francisco,San Francisco,San Francisco Unified,38684783834769,High Schools (Public),False,,,,,,,,,,,,,,,,,,,
JOHN O'CONNELL HIGH SCHOOL,2006,22.0,20.0,15.0,0.9090909090909091,0.75,San Francisco,San Francisco,San Francisco Unified,38684783834769,High Schools (Public),False,,,,,,,,,,,,,,,,,,,
JOHN O'CONNELL HIGH SCHOOL,2007,14.0,10.0,4.0,0.7142857142857143,0.4,San Francisco,San Francisco,San Francisco Unified,38684783834769,High Schools (Public),False,,,,,,,,,,,,,,,,,,,
JOHN O'CONNELL HIGH SCHOOL,2008,12.0,10.0,5.0,0.8333333333333334,0.5,San Francisco,San Francisco,San Francisco Unified,38684783834769,High Schools (Public),False,,,,,,,,,,,,,,,,,,,
JOHN O'CONNELL HIGH SCHOOL,2009,13.0,9,,0.6923076923076923,,San Francisco,San Francisco,San Francisco Unified,38684783834769,High Schools (Public),False,,,,,,,,,,,,,,,,,,,
JOHN O'CONNELL HIGH SCHOOL,2010,14.0,11.0,3.0,0.7857142857142857,0.2727272727272727,San Francisco,San Francisco,San Francisco Unified,38684783834769,High Schools (Public),False,,,,,,,,,,,,,,,,,,,
JOHN O'CONNELL HIGH SCHOOL,2011,16.0,13.0,5.0,0.8125,0.38461538461538464,San Francisco,San Francisco,San Francisco Unified,38684783834769,High Schools (Public),False,,,,,,,,,,,,,,,,,,,
JOHN O'CONNELL HIGH SCHOOL,2012,10.0,8.0,3.0,0.8,0.375,San Francisco,San Francisco,San Francisco Unified,38684783834769,High Schools (Public),False,,,,,,,,,,,,,,,,,,,
JOHN O'CONNELL HIGH SCHOOL,2013,17.0,6.0,3.0,0.35294117647058826,0.5,San Francisco,San Francisco,San Francisco Unified,38684783834769,High Schools (Public),False,,,,,,,,,,,,,,,,,,,
JOHN O'CONNELL HIGH SCHOOL,2014,28.0,21.0,14.0,0.75,0.6666666666666666,San Francisco,San Francisco,San Francisco Unified,38684783834769,High Schools (Public),False,,,,,,,,,,,,,455.0,,,,,,
JOHN O'CONNELL HIGH SCHOOL,2015,16.0,8.0,4.0,0.5,0.5,San Francisco,San Francisco,San Francisco Unified,38684783834769,High Schools (Public),False,,,,,,79.0,59.5,3.0,6.0,35.0,2.0,1.0,452.0,353.0,0.7809734513274337,,,,
JOHN O'CONNELL HIGH SCHOOL,2016,23.0,13.0,5.0,0.5652173913043478,0.38461538461538464,San Francisco,San Francisco,San Francisco Unified,38684783834769,High Schools (Public),False,,,,,,77.0,77.9,5.0,15.0,35.0,2.0,3.0,319.0,203.0,0.6363636363636364,2579.4,2513.5,50.0,12.0
JOHN O'CONNELL HIGH SCHOOL,2017,14.0,9.0,4.0,0.6428571428571429,0.4444444444444444,San Francisco,San Francisco,San Francisco Unified,38684783834769,High Schools (Public),False,71.0,58.0,81.7,32.0,55.2,60.0,63.3,4.0,10.0,23.0,1.0,0.0,372.0,229.0,0.6155913978494624,2563.5,2508.8,46.0,16.0
JOHN O'CONNELL HIGH SCHOOL,2018,26.0,17.0,6.0,0.6538461538461539,0.35294117647058826,San Francisco,San Francisco,San Francisco Unified,38684783834769,High Schools (Public),False,102.0,91.0,89.2,23.0,25.3,91.0,56.0,6.0,12.0,25.0,6.0,2.0,475.0,315.0,0.6631578947368421,2556.6,2472.3,43.18,12.36
JOHN O'CONNELL HIGH SCHOOL,2019,20.0,9.0,4.0,0.45,0.4444444444444444,San Francisco,San Francisco,San Francisco Unified,38684783834769,High Schools (Public),False,94.0,82.0,87.2,30.0,36.6,84.0,53.6,4.0,13.0,27.0,1.0,0.0,480.0,323.0,0.6729166666666667,2536.0,2468.9,31.0,10.53
JOHN O'CONNELL HIGH SCHOOL,2020,20.0,11.0,4.0,0.55,0.36363636363636365,San Francisco,San Francisco,San Francisco Unified,38684783834769,High Schools (Public),False,87.0,75.0,86.2,20.0,26.7,76.0,48.7,4.0,18.0,13.0,1.0,1.0,509.0,386.0,0.7583497053045186,2522.2,2460.7,29.29,4.08
JOHN O'CONNELL HIGH SCHOOL,2021,19.0,11.0,5.0,0.5789473684210527,0.45454545454545453,San Francisco,San Francisco,San Francisco Unified,38684783834769,High Schools (Public),False,97.0,81.0,83.5,29.0,35.8,83.0,45.8,3.0,18.0,16.0,1.0,0.0,525.0,339.0,0.6457142857142857,,,,
JOHN O'CONNELL HIGH SCHOOL,2022,34.0,24.0,14.0,0.7058823529411765,0.5833333333333334,San Francisco,San Francisco,San Francisco Unified,38684783834769,High Schools (Public),False,125.0,112.0,89.6,57.0,50.9,110.0,51.8,14.0,23.0,18.0,0.0,2.0,,,,,,,
JOHN O'CONNELL HIGH SCHOOL,2023,33.0,23.0,9.0,0.696969696969697,0.391304347826087,San Francisco,San Francisco,San Francisco Unified,38684783834769,High Schools (Public),False,124.0,107.0,86.3,50.0,46.7,108.0,71.3,8.0,28.0,41.0,0.0,0.0,506.0,378.0,0.7470355731225297,2527.0,2455.4,31.3,8.33
JOHN O'CONNELL HIGH SCHOOL,2024,28.0,17,,0.6071428571428571,,San Francisco,San Francisco,San Francisco Unified,38684783834769,High Schools (Public),False,107.0,79.0,73.8,39.0,49.4,,,,,,,,483.0,326.0,0.6749482401656315,2547.3,2484.2,36.56,6.45
JOHN O'CONNELL HIGH SCHOOL,2025,7.0,5,,0.7142857142857143,,San Francisco,San Francisco,San Francisco Unified,38684783834769,High Schools (Public),False,100.0,78.0,78.0,32.0,41.0,,,,,,,,460.0,324.0,0.7043478260869566,2484.4,2460.0,16.67,4.17
JOHN SWETT HIGH SCHOOL,2005,9.0,7.0,5.0,0.7777777777777778,0.7142857142857143,Crockett,Contra Costa,John Swett Unified,07616970737023,High Schools (Public),False,,,,,,,,,,,,,,,,,,,
JOHN SWETT HIGH SCHOOL,2006,7.0,5,,0.7142857142857143,,Crockett,Contra Costa,John Swett Unified,07616970737023,High Schools (Public),False,,,,,,,,,,,,,,,,,,,
JOHN SWETT HIGH SCHOOL,2007,12.0,9.0,8.0,0.75,0.8888888888888888,Crockett,Contra Costa,John Swett Unified,07616970737023,High Schools (Public),False,,,,,,,,,,,,,,,,,,,
JOHN SWETT HIGH SCHOOL,2008,6.0,6.0,4.0,1.0,0.6666666666666666,Crockett,Contra Costa,John Swett Unified,07616970737023,High Schools (Public),False,,,,,,,,,,,,,,,,,,,
JOHN SWETT HIGH SCHOOL,2009,9.0,9.0,4.0,1.0,0.4444444444444444,Crockett,Contra Costa,John Swett Unified,07616970737023,High Schools (Public),False,,,,,,,,,,,,,,,,,,,
JOHN SWETT HIGH SCHOOL,2010,16.0,14.0,7.0,0.875,0.5,Crockett,Contra Costa,John Swett Unified,07616970737023,High Schools (Public),False,,,,,,,,,,,,,,,,,,,
JOHN SWETT HIGH SCHOOL,2011,17.0,9.0,7.0,0.5294117647058824,0.7777777777777778,Crockett,Contra Costa,John Swett Unified,07616970737023,High Schools (Public),False,,,,,,,,,,,,,,,,,,,
JOHN SWETT HIGH SCHOOL,2012,28.0,17.0,8.0,0.6071428571428571,0.47058823529411764,Crockett,Contra Costa,John Swett Unified,07616970737023,High Schools (Public),False,,,,,,,,,,,,,,,,,,,
JOHN SWETT HIGH SCHOOL,2013,11.0,4,,0.36363636363636365,,Crockett,Contra Costa,John Swett Unified,07616970737023,High Schools (Public),False,,,,,,,,,,,,,,,,,,,
JOHN SWETT HIGH SCHOOL,2014,13.0,7.0,6.0,0.5384615384615384,0.8571428571428571,Crockett,Contra Costa,John Swett Unified,07616970737023,High Schools (Public),False,,,,,,,,,,,,,484.0,,,,,,
JOHN SWETT HIGH SCHOOL,2015,13.0,9.0,6.0,0.6923076923076923,0.6666666666666666,Crockett,Contra Costa,John Swett Unified,07616970737023,High Schools (Public),False,,,,,,95.0,71.6,5.0,6.0,52.0,1.0,4.0,529.0,292.0,0.5519848771266541,,,,
JOHN SWETT HIGH SCHOOL,2016,14.0,4.0,3.0,0.2857142857142857,0.75,Crockett,Contra Costa,John Swett Unified,07616970737023,High Schools (Public),False,,,,,,115.0,67.8,3.0,9.0,63.0,1.0,2.0,565.0,314.0,0.5557522123893806,2595.5,2564.0,58.0,26.0
JOHN SWETT HIGH SCHOOL,2017,15.0,11.0,7.0,0.7333333333333333,0.6363636363636364,Crockett,Contra Costa,John Swett Unified,07616970737023,High Schools (Public),False,122.0,114.0,93.4,33.0,28.9,114.0,71.9,6.0,12.0,62.0,1.0,1.0,558.0,307.0,0.5501792114695341,2596.9,2591.5,58.0,34.0
JOHN SWETT HIGH SCHOOL,2018,21.0,10.0,8.0,0.47619047619047616,0.8,Crockett,Contra Costa,John Swett Unified,07616970737023,High Schools (Public),False,128.0,117.0,91.4,40.0,34.2,118.0,63.6,5.0,10.0,52.0,3.0,5.0,527.0,300.0,0.5692599620493358,2590.1,2567.3,51.16,25.78
JOHN SWETT HIGH SCHOOL,2019,21.0,13.0,7.0,0.6190476190476191,0.5384615384615384,Crockett,Contra Costa,John Swett Unified,07616970737023,High Schools (Public),False,92.0,86.0,93.5,48.0,55.8,89.0,68.5,7.0,18.0,33.0,1.0,2.0,453.0,222.0,0.4900662251655629,2582.9,2562.7,51.0,29.29
JOHN SWETT HIGH SCHOOL,2020,30.0,21.0,16.0,0.7,0.7619047619047619,Crockett,Contra Costa,John Swett Unified,07616970737023,High Schools (Public),False,120.0,110.0,91.7,59.0,53.6,112.0,73.2,14.0,23.0,34.0,5.0,6.0,446.0,229.0,0.5134529147982063,2603.9,2577.4,64.75,35.25
JOHN SWETT HIGH SCHOOL,2021,21.0,17.0,9.0,0.8095238095238095,0.5294117647058824,Crockett,Contra Costa,John Swett Unified,07616970737023,High Schools (Public),False,95.0,85.0,89.5,44.0,51.8,88.0,68.2,9.0,11.0,34.0,2.0,4.0,415.0,192.0,0.4626506024096385,,,,
JOHN SWETT HIGH SCHOOL,2022,21.0,15.0,10.0,0.7142857142857143,0.6666666666666666,Crockett,Contra Costa,John Swett Unified,07616970737023,High Schools (Public),False,81.0,74.0,91.4,43.0,58.1,77.0,58.4,10.0,9.0,22.0,2.0,2.0,,,,,,,
JOHN SWETT HIGH SCHOOL,2023,19.0,13.0,8.0,0.6842105263157895,0.6153846153846154,Crockett,Contra Costa,John Swett Unified,07616970737023,High Schools (Public),False,88.0,71.0,80.7,35.0,49.3,73.0,58.9,8.0,7.0,23.0,2.0,3.0,380.0,235.0,0.618421052631579,2601.8,2534.7,62.16,25.0
JOHN SWETT HIGH SCHOOL,2024,23.0,15.0,6.0,0.6521739130434783,0.4,Crockett,Contra Costa,John Swett Unified,07616970737023,High Schools (Public),False,83.0,76.0,91.6,41.0,53.9,,,,,,,,375.0,265.0,0.7066666666666667,2570.1,2547.1,48.84,26.51
JOHN SWETT HIGH SCHOOL,2025,17.0,15.0,5.0,0.8823529411764706,0.3333333333333333,Crockett,Contra Costa,John Swett Unified,07616970737023,High Schools (Public),False,75.0,68.0,90.7,39.0,57.4,,,,,,,,351.0,260.0,0.7407407407407407,2584.7,2535.0,53.52,28.17
JUNE JORDAN SCHOOL FOR EQUITY,2007,25.0,13.0,7.0,0.52,0.5384615384615384,San Francisco,San Francisco,San Francisco Unified,38684780102103,Alternative Schools of Choice,False,,,,,,,,,,,,,,,,,,,
JUNE JORDAN SCHOOL FOR EQUITY,2008,24.0,22.0,9.0,0.9166666666666666,0.4090909090909091,San Francisco,San Francisco,San Francisco Unified,38684780102103,Alternative Schools of Choice,False,,,,,,,,,,,,,,,,,,,
JUNE JORDAN SCHOOL FOR EQUITY,2009,20.0,10.0,3.0,0.5,0.3,San Francisco,San Francisco,San Francisco Unified,38684780102103,Alternative Schools of Choice,False,,,,,,,,,,,,,,,,,,,
JUNE JORDAN SCHOOL FOR EQUITY,2010,21.0,12.0,10.0,0.5714285714285714,0.8333333333333334,San Francisco,San Francisco,San Francisco Unified,38684780102103,Alternative Schools of Choice,False,,,,,,,,,,,,,,,,,,,
JUNE JORDAN SCHOOL FOR EQUITY,2011,19.0,13.0,6.0,0.6842105263157895,0.46153846153846156,San Francisco,San Francisco,San Francisco Unified,38684780102103,Alternative Schools of Choice,False,,,,,,,,,,,,,,,,,,,
JUNE JORDAN SCHOOL FOR EQUITY,2012,16.0,10.0,8.0,0.625,0.8,San Francisco,San Francisco,San Francisco Unified,38684780102103,Alternative Schools of Choice,False,,,,,,,,,,,,,,,,,,,
JUNE JORDAN SCHOOL FOR EQUITY,2013,19.0,13.0,8.0,0.6842105263157895,0.6153846153846154,San Francisco,San Francisco,San Francisco Unified,38684780102103,Alternative Schools of Choice,False,,,,,,,,,,,,,,,,,,,
JUNE JORDAN SCHOOL FOR EQUITY,2014,13.0,7.0,7.0,0.5384615384615384,1.0,San Francisco,San Francisco,San Francisco Unified,38684780102103,Alternative Schools of Choice,False,,,,,,,,,,,,,247.0,,,,,,
JUNE JORDAN SCHOOL FOR EQUITY,2015,17.0,6.0,4.0,0.35294117647058826,0.6666666666666666,San Francisco,San Francisco,San Francisco Unified,38684780102103,Alternative Schools of Choice,False,,,,,,43.0,74.4,3.0,16.0,13.0,0.0,0.0,262.0,219.0,0.8358778625954199,,,,
JUNE JORDAN SCHOOL FOR EQUITY,2016,15.0,7.0,5.0,0.4666666666666667,0.7142857142857143,San Francisco,San Francisco,San Francisco Unified,38684780102103,Alternative Schools of Choice,False,,,,,,51.0,80.4,5.0,21.0,12.0,1.0,2.0,258.0,198.0,0.7674418604651163,2497.1,2448.6,15.0,0.0
JUNE JORDAN SCHOOL FOR EQUITY,2017,11.0,5.0,3.0,0.45454545454545453,0.6,San Francisco,San Francisco,San Francisco Unified,38684780102103,Alternative Schools of Choice,False,52.0,39.0,75.0,29.0,74.4,39.0,61.5,1.0,12.0,8.0,2.0,1.0,242.0,150.0,0.6198347107438017,2478.5,2460.5,14.0,3.0
JUNE JORDAN SCHOOL FOR EQUITY,2018,17.0,11.0,6.0,0.6470588235294118,0.5454545454545454,San Francisco,San Francisco,San Francisco Unified,38684780102103,Alternative Schools of Choice,False,52.0,42.0,80.8,39.0,92.9,46.0,76.1,6.0,8.0,20.0,0.0,1.0,260.0,188.0,0.7230769230769231,2550.4,2496.5,40.0,2.86
JUNE JORDAN SCHOOL FOR EQUITY,2019,17.0,10.0,3.0,0.5882352941176471,0.3,San Francisco,San Francisco,San Francisco Unified,38684780102103,Alternative Schools of Choice,False,63.0,45.0,71.4,27.0,60.0,48.0,66.7,3.0,8.0,19.0,2.0,0.0,233.0,169.0,0.7253218884120172,2499.0,2440.1,21.57,6.38
JUNE JORDAN SCHOOL FOR EQUITY,2020,6.0,,,,,San Francisco,San Francisco,San Francisco Unified,38684780102103,Alternative Schools of Choice,False,52.0,42.0,80.8,21.0,50.0,40.0,47.5,0.0,7.0,11.0,1.0,0.0,233.0,155.0,0.6652360515021459,2481.0,2438.8,11.36,0.0
JUNE JORDAN SCHOOL FOR EQUITY,2021,9.0,7.0,3.0,0.7777777777777778,0.42857142857142855,San Francisco,San Francisco,San Francisco Unified,38684780102103,Alternative Schools of Choice,False,58.0,48.0,82.8,27.0,56.3,49.0,51.0,3.0,8.0,12.0,0.0,2.0,232.0,149.0,0.6422413793103449,,,,
JUNE JORDAN SCHOOL FOR EQUITY,2022,12.0,9.0,4.0,0.75,0.4444444444444444,San Francisco,San Francisco,San Francisco Unified,38684780102103,Alternative Schools of Choice,False,45.0,36.0,80.0,14.0,38.9,35.0,62.9,3.0,4.0,14.0,0.0,1.0,,,,,,,
JUNE JORDAN SCHOOL FOR EQUITY,2023,13.0,9,,0.6923076923076923,,San Francisco,San Francisco,San Francisco Unified,38684780102103,Alternative Schools of Choice,False,53.0,45.0,84.9,33.0,73.3,45.0,62.2,1.0,20.0,7.0,0.0,0.0,201.0,127.0,0.6318407960199005,2461.8,2413.2,10.81,0.0
JUNE JORDAN SCHOOL FOR EQUITY,2024,6.0,6,,1.0,,San Francisco,San Francisco,San Francisco Unified,38684780102103,Alternative Schools of Choice,False,49.0,41.0,83.7,23.0,56.1,,,,,,,,206.0,129.0,0.6262135922330098,2484.6,2416.9,18.92,8.11
JUNE JORDAN SCHOOL FOR EQUITY,2025,5.0,,,,,San Francisco,San Francisco,San Francisco Unified,38684780102103,Alternative Schools of Choice,False,55.0,46.0,83.6,23.0,50.0,,,,,,,,176.0,124.0,0.7045454545454546,2463.9,2416.2,17.78,0.0
KIPP ESPERANZA HIGH SCHOOL,2024,23.0,21.0,5.0,0.9130434782608695,0.23809523809523808,East Palo Alto,San Mateo,Sequoia Union High,41690620139915,High Schools (Public),True,76.0,69.0,90.8,68.0,98.6,,,,,,,,241.0,215.0,0.8921161825726142,2569.8,2505.5,45.07,8.45
KIPP ESPERANZA HIGH SCHOOL,2025,32.0,28.0,9.0,0.875,0.32142857142857145,East Palo Alto,San Mateo,Sequoia Union High,41690620139915,High Schools (Public),True,67.0,60.0,89.6,60.0,100.0,,,,,,,,194.0,186.0,0.9587628865979382,2536.4,2526.8,42.86,20.97
KIPP KING COLLEGIATE HIGH SCH,2011,33.0,22.0,10.0,0.6666666666666666,0.45454545454545453,San Lorenzo,Alameda,San Lorenzo Unified,01613090114421,High Schools (Public),True,,,,,,,,,,,,,,,,,,,
KIPP KING COLLEGIATE HIGH SCH,2012,45.0,38.0,33.0,0.8444444444444444,0.868421052631579,San Lorenzo,Alameda,San Lorenzo Unified,01613090114421,High Schools (Public),True,,,,,,,,,,,,,,,,,,,
KIPP KING COLLEGIATE HIGH SCH,2013,49.0,35.0,21.0,0.7142857142857143,0.6,San Lorenzo,Alameda,San Lorenzo Unified,01613090114421,High Schools (Public),True,,,,,,,,,,,,,,,,,,,
KIPP KING COLLEGIATE HIGH SCH,2014,58.0,43.0,28.0,0.7413793103448276,0.6511627906976745,San Lorenzo,Alameda,San Lorenzo Unified,01613090114421,High Schools (Public),True,,,,,,,,,,,,,498.0,,,,,,
KIPP KING COLLEGIATE HIGH SCH,2015,65.0,43.0,23.0,0.6615384615384615,0.5348837209302325,San Lorenzo,Alameda,San Lorenzo Unified,01613090114421,High Schools (Public),True,,,,,,119.0,83.2,20.0,25.0,34.0,6.0,14.0,528.0,378.0,0.7159090909090909,,,,
KIPP KING COLLEGIATE HIGH SCH,2016,59.0,45.0,23.0,0.7627118644067796,0.5111111111111111,San Lorenzo,Alameda,San Lorenzo Unified,01613090114421,High Schools (Public),True,,,,,,113.0,87.6,21.0,31.0,37.0,5.0,5.0,559.0,384.0,0.6869409660107334,2659.8,2599.9,79.0,40.0
KIPP KING COLLEGIATE HIGH SCH,2017,67.0,53.0,30.0,0.7910447761194029,0.5660377358490566,San Lorenzo,Alameda,San Lorenzo Unified,01613090114421,High Schools (Public),True,131.0,122.0,93.1,122.0,100.0,122.0,78.7,26.0,14.0,35.0,5.0,16.0,591.0,371.0,0.6277495769881557,2648.7,2626.9,76.0,49.0
KIPP KING COLLEGIATE HIGH SCH,2018,76.0,58.0,38.0,0.7631578947368421,0.6551724137931034,San Lorenzo,Alameda,San Lorenzo Unified,01613090114421,High Schools (Public),True,120.0,115.0,95.8,115.0,100.0,118.0,92.4,36.0,39.0,19.0,5.0,10.0,618.0,404.0,0.6537216828478964,2664.6,2617.8,78.15,53.78
KIPP KING COLLEGIATE HIGH SCH,2019,86.0,69.0,37.0,0.8023255813953488,0.5362318840579711,San Lorenzo,Alameda,San Lorenzo Unified,01613090114421,High Schools (Public),True,146.0,139.0,95.2,139.0,100.0,143.0,84.6,34.0,47.0,24.0,5.0,11.0,642.0,402.0,0.6261682242990654,2681.4,2646.5,84.4,55.32
KIPP KING COLLEGIATE HIGH SCH,2020,84.0,66.0,34.0,0.7857142857142857,0.5151515151515151,San Lorenzo,Alameda,San Lorenzo Unified,01613090114421,High Schools (Public),True,159.0,148.0,93.1,148.0,100.0,153.0,83.0,33.0,48.0,26.0,8.0,12.0,654.0,432.0,0.6605504587155964,2658.1,2632.8,77.12,51.63
KIPP KING COLLEGIATE HIGH SCH,2021,81.0,60.0,35.0,0.7407407407407407,0.5833333333333334,San Lorenzo,Alameda,San Lorenzo Unified,01613090114421,High Schools (Public),True,167.0,163.0,97.6,163.0,100.0,169.0,76.3,33.0,47.0,33.0,7.0,9.0,674.0,477.0,0.7077151335311572,,,,
KIPP KING COLLEGIATE HIGH SCH,2022,102.0,74.0,35.0,0.7254901960784313,0.47297297297297297,San Lorenzo,Alameda,San Lorenzo Unified,01613090114421,High Schools (Public),True,155.0,152.0,98.1,152.0,100.0,153.0,83.7,30.0,54.0,37.0,3.0,4.0,,,,2651.9,2632.6,75.71,49.66
KIPP KING COLLEGIATE HIGH SCH,2023,96.0,82.0,37.0,0.8541666666666666,0.45121951219512196,San Lorenzo,Alameda,San Lorenzo Unified,01613090114421,High Schools (Public),True,163.0,160.0,98.2,160.0,100.0,160.0,86.9,37.0,60.0,32.0,7.0,3.0,658.0,462.0,0.7021276595744681,2650.3,2622.0,77.78,49.08
KIPP KING COLLEGIATE HIGH SCH,2024,97.0,83.0,40.0,0.8556701030927835,0.4819277108433735,San Lorenzo,Alameda,San Lorenzo Unified,01613090114421,High Schools (Public),True,161.0,157.0,97.5,157.0,100.0,,,,,,,,690.0,510.0,0.7391304347826086,2659.3,2601.1,73.83,47.68
KIPP KING COLLEGIATE HIGH SCH,2025,102.0,79.0,28.0,0.7745098039215687,0.35443037974683544,San Lorenzo,Alameda,San Lorenzo Unified,01613090114421,High Schools (Public),True,160.0,157.0,98.1,157.0,100.0,,,,,,,,662.0,485.0,0.7326283987915407,2670.6,2593.8,80.77,39.49
KIPP NAVIGATE COLLEGE PREP,2022,39.0,25.0,12.0,0.6410256410256411,0.48,San Jose,Santa Clara,East Side Union High,43694270137315,High Schools (Public),True,,,,,,,,,,,,,,,,,,,
KIPP NAVIGATE COLLEGE PREP,2023,45.0,39.0,10.0,0.8666666666666667,0.2564102564102564,San Jose,Santa Clara,East Side Union High,43694270137315,High Schools (Public),True,,,,,,,,,,,,,,,,,,,
KIPP NAVIGATE COLLEGE PREP,2024,33.0,27.0,5.0,0.8181818181818182,0.18518518518518517,San Jose,Santa Clara,East Side Union High,43694270137315,High Schools (Public),True,,,,,,,,,,,,,,,,,,,
KIPP NAVIGATE COLLEGE PREP,2025,40.0,34.0,3.0,0.85,0.08823529411764706,San Jose,Santa Clara,East Side Union High,43694270137315,High Schools (Public),True,,,,,,,,,,,,,,,,,,,
KIPP SAN FRANCISCO COLG PREP,2017,40.0,28.0,18.0,0.7,0.6428571428571429,San Francisco,San Francisco,San Francisco Unified,38684780127530,High Schools (Public),True,94.0,79.0,84.0,79.0,100.0,80.0,85.0,15.0,18.0,26.0,5.0,4.0,388.0,316.0,0.8144329896907216,2643.8,2621.4,80.0,51.0
KIPP SAN FRANCISCO COLG PREP,2018,52.0,42.0,23.0,0.8076923076923077,0.5476190476190477,San Francisco,San Francisco,San Francisco Unified,38684780127530,High Schools (Public),True,89.0,79.0,88.8,79.0,100.0,86.0,87.2,21.0,27.0,19.0,3.0,5.0,399.0,342.0,0.8571428571428571,2637.5,2598.3,80.41,40.21
KIPP SAN FRANCISCO COLG PREP,2019,24.0,18.0,10.0,0.75,0.5555555555555556,San Francisco,San Francisco,San Francisco Unified,38684780127530,High Schools (Public),True,61.0,45.0,73.8,45.0,100.0,48.0,81.3,8.0,14.0,11.0,3.0,3.0,403.0,379.0,0.9404466501240696,2662.5,2615.5,81.13,50.0
KIPP SAN FRANCISCO COLG PREP,2020,31.0,24.0,7.0,0.7741935483870968,0.2916666666666667,San Francisco,San Francisco,San Francisco Unified,38684780127530,High Schools (Public),True,80.0,69.0,86.3,69.0,100.0,72.0,77.8,6.0,26.0,17.0,0.0,7.0,379.0,296.0,0.7810026385224275,2647.5,2615.2,77.5,48.75
KIPP SAN FRANCISCO COLG PREP,2021,46.0,40.0,9.0,0.8695652173913043,0.225,San Francisco,San Francisco,San Francisco Unified,38684780127530,High Schools (Public),True,104.0,78.0,75.0,74.0,94.9,80.0,77.5,9.0,29.0,15.0,5.0,4.0,428.0,355.0,0.8294392523364486,,,,
KIPP SAN FRANCISCO COLG PREP,2022,39.0,28.0,10.0,0.717948717948718,0.35714285714285715,San Francisco,San Francisco,San Francisco Unified,38684780127530,High Schools (Public),True,98.0,92.0,93.9,92.0,100.0,104.0,80.8,9.0,47.0,23.0,3.0,2.0,,,,2582.2,2567.3,46.91,28.92
KIPP SAN FRANCISCO COLG PREP,2023,32.0,27.0,11.0,0.84375,0.4074074074074074,San Francisco,San Francisco,San Francisco Unified,38684780127530,High Schools (Public),True,71.0,59.0,83.1,59.0,100.0,63.0,81.0,11.0,28.0,10.0,1.0,1.0,316.0,258.0,0.8164556962025317,2561.6,2499.9,40.3,12.31
KIPP SAN FRANCISCO COLG PREP,2024,39.0,37.0,13.0,0.9487179487179487,0.35135135135135137,San Francisco,San Francisco,San Francisco Unified,38684780127530,High Schools (Public),True,85.0,79.0,92.9,78.0,98.7,,,,,,,,260.0,227.0,0.8730769230769231,2515.0,2479.4,32.95,6.9
KIPP SAN FRANCISCO COLG PREP,2025,42.0,40.0,8.0,0.9523809523809523,0.2,San Francisco,San Francisco,San Francisco Unified,38684780127530,High Schools (Public),True,68.0,62.0,91.2,62.0,100.0,,,,,,,,196.0,175.0,0.8928571428571429,2589.4,2514.3,57.58,13.64
KIPP SAN JOSE COLLEGIATE,2012,26.0,23.0,9.0,0.8846153846153846,0.391304347826087,San Jose,Santa Clara,East Side Union High,43694270116889,High Schools (Public),True,,,,,,,,,,,,,,,,,,,
KIPP SAN JOSE COLLEGIATE,2013,33.0,32.0,13.0,0.9696969696969697,0.40625,San Jose,Santa Clara,East Side Union High,43694270116889,High Schools (Public),True,,,,,,,,,,,,,,,,,,,
KIPP SAN JOSE COLLEGIATE,2014,47.0,37.0,17.0,0.7872340425531915,0.4594594594594595,San Jose,Santa Clara,East Side Union High,43694270116889,High Schools (Public),True,,,,,,,,,,,,,452.0,,,,,,
KIPP SAN JOSE COLLEGIATE,2015,56.0,40.0,23.0,0.7142857142857143,0.575,San Jose,Santa Clara,East Side Union High,43694270116889,High Schools (Public),True,,,,,,97.0,82.5,22.0,26.0,23.0,2.0,7.0,475.0,345.0,0.7263157894736842,,,,
KIPP SAN JOSE COLLEGIATE,2016,51.0,43.0,21.0,0.8431372549019608,0.4883720930232558,San Jose,Santa Clara,East Side Union High,43694270116889,High Schools (Public),True,,,,,,110.0,89.1,20.0,36.0,32.0,6.0,4.0,484.0,378.0,0.78099173553719,2644.2,2644.4,77.0,61.0
KIPP SAN JOSE COLLEGIATE,2017,65.0,55.0,34.0,0.8461538461538461,0.6181818181818182,San Jose,Santa Clara,East Side Union High,43694270116889,High Schools (Public),True,117.0,103.0,88.0,103.0,100.0,107.0,82.2,29.0,31.0,17.0,5.0,6.0,500.0,366.0,0.732,2639.5,2619.5,72.0,50.0
KIPP SAN JOSE COLLEGIATE,2018,56.0,44.0,18.0,0.7857142857142857,0.4090909090909091,San Jose,Santa Clara,East Side Union High,43694270116889,High Schools (Public),True,103.0,93.0,90.3,93.0,100.0,100.0,92.0,19.0,31.0,31.0,5.0,6.0,489.0,342.0,0.6993865030674846,2666.7,2636.4,80.81,51.52
KIPP SAN JOSE COLLEGIATE,2019,60.0,51.0,19.0,0.85,0.37254901960784315,San Jose,Santa Clara,East Side Union High,43694270116889,High Schools (Public),True,108.0,103.0,95.4,102.0,99.0,111.0,87.4,18.0,42.0,29.0,3.0,5.0,530.0,368.0,0.6943396226415094,2635.3,2642.0,70.8,56.64
KIPP SAN JOSE COLLEGIATE,2020,63.0,55.0,25.0,0.873015873015873,0.45454545454545453,San Jose,Santa Clara,East Side Union High,43694270116889,High Schools (Public),True,109.0,104.0,95.4,104.0,100.0,106.0,84.0,25.0,35.0,24.0,3.0,2.0,549.0,387.0,0.7049180327868853,2631.5,2628.1,69.64,53.57
KIPP SAN JOSE COLLEGIATE,2021,75.0,63.0,24.0,0.84,0.38095238095238093,San Jose,Santa Clara,East Side Union High,43694270116889,High Schools (Public),True,122.0,113.0,92.6,113.0,100.0,111.0,91.0,22.0,32.0,32.0,10.0,5.0,559.0,397.0,0.7101967799642218,,,,
KIPP SAN JOSE COLLEGIATE,2022,62.0,52.0,25.0,0.8387096774193549,0.4807692307692308,San Jose,Santa Clara,East Side Union High,43694270116889,High Schools (Public),True,140.0,130.0,92.9,130.0,100.0,131.0,80.2,25.0,32.0,36.0,5.0,7.0,,,,2636.0,2637.4,69.47,46.97
KIPP SAN JOSE COLLEGIATE,2023,70.0,59.0,25.0,0.8428571428571429,0.423728813559322,San Jose,Santa Clara,East Side Union High,43694270116889,High Schools (Public),True,138.0,129.0,93.5,129.0,100.0,129.0,92.2,25.0,35.0,51.0,5.0,3.0,516.0,381.0,0.7383720930232558,2616.1,2586.9,69.57,38.69
KIPP SAN JOSE COLLEGIATE,2024,93.0,78.0,29.0,0.8387096774193549,0.3717948717948718,San Jose,Santa Clara,East Side Union High,43694270116889,High Schools (Public),True,124.0,123.0,99.2,123.0,100.0,,,,,,,,501.0,361.0,0.720558882235529,2624.2,2639.7,68.03,52.5
KIPP SAN JOSE COLLEGIATE,2025,87.0,70.0,13.0,0.8045977011494253,0.18571428571428572,San Jose,Santa Clara,East Side Union High,43694270116889,High Schools (Public),True,110.0,107.0,97.3,107.0,100.0,,,,,,,,512.0,363.0,0.708984375,2656.0,2652.0,76.19,56.6
LAS LOMAS HIGH SCHOOL,2005,118.0,109.0,62.0,0.923728813559322,0.5688073394495413,Walnut Creek,Contra Costa,Acalanes Union High,07616300733725,High Schools (Public),False,,,,,,,,,,,,,,,,,,,
LAS LOMAS HIGH SCHOOL,2006,167.0,161.0,84.0,0.9640718562874252,0.5217391304347826,Walnut Creek,Contra Costa,Acalanes Union High,07616300733725,High Schools (Public),False,,,,,,,,,,,,,,,,,,,
LAS LOMAS HIGH SCHOOL,2007,118.0,112.0,52.0,0.9491525423728814,0.4642857142857143,Walnut Creek,Contra Costa,Acalanes Union High,07616300733725,High Schools (Public),False,,,,,,,,,,,,,,,,,,,
LAS LOMAS HIGH SCHOOL,2008,148.0,137.0,67.0,0.9256756756756757,0.48905109489051096,Walnut Creek,Contra Costa,Acalanes Union High,07616300733725,High Schools (Public),False,,,,,,,,,,,,,,,,,,,
LAS LOMAS HIGH SCHOOL,2009,126.0,117.0,53.0,0.9285714285714286,0.452991452991453,Walnut Creek,Contra Costa,Acalanes Union High,07616300733725,High Schools (Public),False,,,,,,,,,,,,,,,,,,,
LAS LOMAS HIGH SCHOOL,2010,117.0,114.0,50.0,0.9743589743589743,0.43859649122807015,Walnut Creek,Contra Costa,Acalanes Union High,07616300733725,High Schools (Public),False,,,,,,,,,,,,,,,,,,,
LAS LOMAS HIGH SCHOOL,2011,110.0,83.0,37.0,0.7545454545454545,0.4457831325301205,Walnut Creek,Contra Costa,Acalanes Union High,07616300733725,High Schools (Public),False,,,,,,,,,,,,,,,,,,,
LAS LOMAS HIGH SCHOOL,2012,98.0,62.0,34.0,0.6326530612244898,0.5483870967741935,Walnut Creek,Contra Costa,Acalanes Union High,07616300733725,High Schools (Public),False,,,,,,,,,,,,,,,,,,,
LAS LOMAS HIGH SCHOOL,2013,133.0,71.0,37.0,0.5338345864661654,0.5211267605633803,Walnut Creek,Contra Costa,Acalanes Union High,07616300733725,High Schools (Public),False,,,,,,,,,,,,,,,,,,,
LAS LOMAS HIGH SCHOOL,2014,116.0,81.0,43.0,0.6982758620689655,0.5308641975308642,Walnut Creek,Contra Costa,Acalanes Union High,07616300733725,High Schools (Public),False,,,,,,,,,,,,,1548.0,,,,,,
LAS LOMAS HIGH SCHOOL,2015,114.0,69.0,33.0,0.6052631578947368,0.4782608695652174,Walnut Creek,Contra Costa,Acalanes Union High,07616300733725,High Schools (Public),False,,,,,,349.0,79.9,26.0,57.0,109.0,12.0,75.0,1541.0,158.0,0.1025308241401687,,,,
LAS LOMAS HIGH SCHOOL,2016,128.0,88.0,47.0,0.6875,0.5340909090909091,Walnut Creek,Contra Costa,Acalanes Union High,07616300733725,High Schools (Public),False,,,,,,350.0,82.3,44.0,61.0,94.0,9.0,80.0,1528.0,131.0,0.0857329842931937,2669.4,2657.6,88.0,63.0
LAS LOMAS HIGH SCHOOL,2017,149.0,91.0,48.0,0.610738255033557,0.5274725274725275,Walnut Creek,Contra Costa,Acalanes Union High,07616300733725,High Schools (Public),False,376.0,369.0,98.1,277.0,75.1,371.0,83.8,46.0,56.0,105.0,18.0,86.0,1530.0,119.0,0.0777777777777777,2634.3,2630.1,71.0,54.0
LAS LOMAS HIGH SCHOOL,2018,155.0,89.0,51.0,0.5741935483870968,0.5730337078651685,Walnut Creek,Contra Costa,Acalanes Union High,07616300733725,High Schools (Public),False,378.0,370.0,97.9,252.0,68.1,372.0,83.9,51.0,62.0,110.0,14.0,75.0,1549.0,198.0,0.1278244028405422,2633.1,2625.5,69.78,51.7
LAS LOMAS HIGH SCHOOL,2019,139.0,90.0,39.0,0.6474820143884892,0.43333333333333335,Walnut Creek,Contra Costa,Acalanes Union High,07616300733725,High Schools (Public),False,367.0,351.0,95.6,257.0,73.2,352.0,84.4,38.0,58.0,118.0,17.0,66.0,1601.0,192.0,0.1199250468457214,2647.4,2650.3,77.17,58.79
LAS LOMAS HIGH SCHOOL,2020,145.0,113.0,56.0,0.7793103448275862,0.49557522123893805,Walnut Creek,Contra Costa,Acalanes Union High,07616300733725,High Schools (Public),False,383.0,372.0,97.1,256.0,68.8,376.0,78.7,55.0,52.0,92.0,16.0,81.0,1627.0,190.0,0.116779348494161,2666.2,2645.4,80.0,58.13
LAS LOMAS HIGH SCHOOL,2021,196.0,127.0,62.0,0.6479591836734694,0.4881889763779528,Walnut Creek,Contra Costa,Acalanes Union High,07616300733725,High Schools (Public),False,400.0,387.0,96.8,283.0,73.1,389.0,85.6,60.0,51.0,109.0,18.0,95.0,1580.0,186.0,0.1177215189873417,,,,
LAS LOMAS HIGH SCHOOL,2022,186.0,109.0,47.0,0.5860215053763441,0.43119266055045874,Walnut Creek,Contra Costa,Acalanes Union High,07616300733725,High Schools (Public),False,398.0,389.0,97.7,268.0,68.9,390.0,82.1,49.0,72.0,107.0,16.0,76.0,,,,2678.5,2678.7,82.67,65.89
LAS LOMAS HIGH SCHOOL,2023,182.0,131.0,66.0,0.7197802197802198,0.5038167938931297,Walnut Creek,Contra Costa,Acalanes Union High,07616300733725,High Schools (Public),False,390.0,376.0,96.4,310.0,82.4,381.0,88.2,63.0,64.0,123.0,13.0,73.0,1571.0,186.0,0.1183959261616804,2626.7,2642.5,67.65,56.5
LAS LOMAS HIGH SCHOOL,2024,184.0,123.0,60.0,0.6684782608695652,0.4878048780487805,Walnut Creek,Contra Costa,Acalanes Union High,07616300733725,High Schools (Public),False,385.0,377.0,97.9,296.0,78.5,,,,,,,,1568.0,221.0,0.1409438775510204,2653.6,2638.7,77.07,54.12
LAS LOMAS HIGH SCHOOL,2025,202.0,149.0,69.0,0.7376237623762376,0.46308724832214765,Walnut Creek,Contra Costa,Acalanes Union High,07616300733725,High Schools (Public),False,428.0,421.0,98.4,332.0,78.9,,,,,,,,1577.0,243.0,0.1540900443880786,2652.4,2635.1,73.4,53.32
LATINO COLLEGE PREP ACADEMY,2008,5.0,3,,0.6,,San Jose,Santa Clara,East Side Union High,43694274330668,High Schools (Public),True,,,,,,,,,,,,,,,,,,,
LATINO COLLEGE PREP ACADEMY,2009,9.0,,,,,San Jose,Santa Clara,East Side Union High,43694274330668,High Schools (Public),True,,,,,,,,,,,,,,,,,,,
LATINO COLLEGE PREP ACADEMY,2010,16.0,12.0,4.0,0.75,0.3333333333333333,San Jose,Santa Clara,East Side Union High,43694274330668,High Schools (Public),True,,,,,,,,,,,,,,,,,,,
LATINO COLLEGE PREP ACADEMY,2011,7.0,3,,0.42857142857142855,,San Jose,Santa Clara,East Side Union High,43694274330668,High Schools (Public),True,,,,,,,,,,,,,,,,,,,
LATINO COLLEGE PREP ACADEMY,2012,21.0,15,,0.7142857142857143,,San Jose,Santa Clara,East Side Union High,43694274330668,High Schools (Public),True,,,,,,,,,,,,,,,,,,,
LATINO COLLEGE PREP ACADEMY,2013,14.0,12.0,7.0,0.8571428571428571,0.5833333333333334,San Jose,Santa Clara,East Side Union High,43694274330668,High Schools (Public),True,,,,,,,,,,,,,,,,,,,
LATINO COLLEGE PREP ACADEMY,2014,9.0,6,,0.6666666666666666,,San Jose,Santa Clara,East Side Union High,43694274330668,High Schools (Public),True,,,,,,,,,,,,,382.0,,,,,,
LATINO COLLEGE PREP ACADEMY,2015,26.0,5.0,4.0,0.19230769230769232,0.8,San Jose,Santa Clara,East Side Union High,43694274330668,High Schools (Public),True,,,,,,75.0,58.7,3.0,16.0,23.0,2.0,0.0,410.0,368.0,0.8975609756097561,,,,
LATINO COLLEGE PREP ACADEMY,2016,24.0,15.0,9.0,0.625,0.6,San Jose,Santa Clara,East Side Union High,43694274330668,High Schools (Public),True,,,,,,74.0,66.2,7.0,13.0,29.0,0.0,0.0,422.0,400.0,0.9478672985781992,2554.5,2525.2,48.0,17.0
LATINO COLLEGE PREP ACADEMY,2017,38.0,21.0,14.0,0.5526315789473685,0.6666666666666666,San Jose,Santa Clara,East Side Union High,43694274330668,High Schools (Public),True,116.0,99.0,85.3,57.0,57.6,99.0,60.6,9.0,19.0,30.0,2.0,0.0,440.0,362.0,0.8227272727272728,2557.6,2503.7,46.0,11.0
LATINO COLLEGE PREP ACADEMY,2018,51.0,25.0,14.0,0.49019607843137253,0.56,San Jose,Santa Clara,East Side Union High,43694274330668,High Schools (Public),True,112.0,98.0,87.5,64.0,65.3,101.0,78.2,13.0,24.0,38.0,2.0,2.0,430.0,322.0,0.7488372093023256,2573.7,2501.5,47.5,12.5
LATINO COLLEGE PREP ACADEMY,2019,32.0,19.0,8.0,0.59375,0.42105263157894735,San Jose,Santa Clara,East Side Union High,43694274330668,High Schools (Public),True,96.0,82.0,85.4,36.0,43.9,88.0,59.1,6.0,18.0,26.0,2.0,0.0,410.0,334.0,0.8146341463414634,2531.6,2482.2,26.32,4.21
LATINO COLLEGE PREP ACADEMY,2020,34.0,26.0,8.0,0.7647058823529411,0.3076923076923077,San Jose,Santa Clara,East Side Union High,43694274330668,High Schools (Public),True,102.0,95.0,93.1,46.0,48.4,98.0,70.4,6.0,9.0,51.0,2.0,1.0,433.0,309.0,0.7136258660508084,2551.6,2534.8,38.24,22.0
LATINO COLLEGE PREP ACADEMY,2021,19.0,14.0,7.0,0.7368421052631579,0.5,San Jose,Santa Clara,East Side Union High,43694274330668,High Schools (Public),True,84.0,73.0,86.9,43.0,58.9,72.0,70.8,7.0,8.0,35.0,0.0,1.0,409.0,146.0,0.3569682151589242,,,,
LATINO COLLEGE PREP ACADEMY,2022,44.0,27.0,11.0,0.6136363636363636,0.4074074074074074,San Jose,Santa Clara,East Side Union High,43694274330668,High Schools (Public),True,111.0,109.0,98.2,76.0,69.7,111.0,71.2,11.0,19.0,43.0,5.0,1.0,,,,,,,
LATINO COLLEGE PREP ACADEMY,2023,24.0,15.0,4.0,0.625,0.26666666666666666,San Jose,Santa Clara,East Side Union High,43694274330668,High Schools (Public),True,89.0,86.0,96.6,33.0,38.4,86.0,77.9,4.0,11.0,41.0,9.0,2.0,408.0,312.0,0.7647058823529411,2534.4,2478.3,33.33,5.15
LATINO COLLEGE PREP ACADEMY,2024,38.0,28.0,5.0,0.7368421052631579,0.17857142857142858,San Jose,Santa Clara,East Side Union High,43694274330668,High Schools (Public),True,101.0,100.0,99.0,57.0,57.0,,,,,,,,410.0,319.0,0.7780487804878049,2534.5,2488.6,32.04,1.94
LATINO COLLEGE PREP ACADEMY,2025,37.0,27.0,9.0,0.7297297297297297,0.3333333333333333,San Jose,Santa Clara,East Side Union High,43694274330668,High Schools (Public),True,106.0,105.0,99.1,63.0,60.0,,,,,,,,421.0,350.0,0.831353919239905,2558.3,2494.1,42.42,10.1
LATITUDE 37.8 HS MERRITT COLLEGE,2022,29.0,14.0,4.0,0.4827586206896552,0.2857142857142857,Oakland,Alameda,,,,,,,,,,,,,,,,,,,,,,,
LATITUDE 37.8 HS MERRITT COLLEGE,2023,19.0,12.0,9.0,0.631578947368421,0.75,Oakland,Alameda,,,,,,,,,,,,,,,,,,,,,,,
LATITUDE 37.8 HS MERRITT COLLEGE,2024,13.0,10.0,6.0,0.7692307692307693,0.6,Oakland,Alameda,,,,,,,,,,,,,,,,,,,,,,,
LATITUDE 37.8 HS MERRITT COLLEGE,2025,30.0,19.0,8.0,0.6333333333333333,0.42105263157894735,Oakland,Alameda,,,,,,,,,,,,,,,,,,,,,,,
LEADERSHIP HIGH SCHOOL,2005,20.0,19.0,10.0,0.95,0.5263157894736842,San Francisco,San Francisco,,,,,,,,,,,,,,,,,,,,,,,
LEADERSHIP HIGH SCHOOL,2006,28.0,25.0,16.0,0.8928571428571429,0.64,San Francisco,San Francisco,,,,,,,,,,,,,,,,,,,,,,,
LEADERSHIP HIGH SCHOOL,2007,26.0,21.0,18.0,0.8076923076923077,0.8571428571428571,San Francisco,San Francisco,,,,,,,,,,,,,,,,,,,,,,,
LEADERSHIP HIGH SCHOOL,2008,29.0,28.0,15.0,0.9655172413793104,0.5357142857142857,San Francisco,San Francisco,,,,,,,,,,,,,,,,,,,,,,,
LEADERSHIP HIGH SCHOOL,2009,20.0,18.0,10.0,0.9,0.5555555555555556,San Francisco,San Francisco,,,,,,,,,,,,,,,,,,,,,,,
LEADERSHIP HIGH SCHOOL,2010,13.0,9.0,8.0,0.6923076923076923,0.8888888888888888,San Francisco,San Francisco,,,,,,,,,,,,,,,,,,,,,,,
LEADERSHIP HIGH SCHOOL,2011,13.0,3,,0.23076923076923078,,San Francisco,San Francisco,,,,,,,,,,,,,,,,,,,,,,,
LEADERSHIP HIGH SCHOOL,2012,11.0,10.0,5.0,0.9090909090909091,0.5,San Francisco,San Francisco,,,,,,,,,,,,,,,,,,,,,,,
LEADERSHIP HIGH SCHOOL,2013,18.0,12.0,7.0,0.6666666666666666,0.5833333333333334,San Francisco,San Francisco,,,,,,,,,,,,,,,,,,,,,,,
LEADERSHIP HIGH SCHOOL,2014,13.0,7.0,3.0,0.5384615384615384,0.42857142857142855,San Francisco,San Francisco,,,,,,,,,,,,,,,,,,,,,,,
LEADERSHIP HIGH SCHOOL,2015,27.0,14.0,5.0,0.5185185185185185,0.35714285714285715,San Francisco,San Francisco,,,,,,,,,,,,,,,,,,,,,,,
LEADERSHIP HIGH SCHOOL,2016,25.0,11.0,6.0,0.44,0.5454545454545454,San Francisco,San Francisco,,,,,,,,,,,,,,,,,,,,,,,
LEADERSHIP HIGH SCHOOL,2017,11.0,7.0,4.0,0.6363636363636364,0.5714285714285714,San Francisco,San Francisco,,,,,,,,,,,,,,,,,,,,,,,
LEADERSHIP HIGH SCHOOL,2018,20.0,7.0,3.0,0.35,0.42857142857142855,San Francisco,San Francisco,,,,,,,,,,,,,,,,,,,,,,,
LEADERSHIP HIGH SCHOOL,2019,32.0,17.0,13.0,0.53125,0.7647058823529411,San Francisco,San Francisco,,,,,,,,,,,,,,,,,,,,,,,
LEADERSHIP HIGH SCHOOL,2020,32.0,24.0,13.0,0.75,0.5416666666666666,San Francisco,San Francisco,,,,,,,,,,,,,,,,,,,,,,,
LEADERSHIP HIGH SCHOOL,2021,32.0,22.0,9.0,0.6875,0.4090909090909091,San Francisco,San Francisco,,,,,,,,,,,,,,,,,,,,,,,
LEADERSHIP HIGH SCHOOL,2022,18.0,12.0,4.0,0.6666666666666666,0.3333333333333333,San Francisco,San Francisco,,,,,,,,,,,,,,,,,,,,,,,
LEADERSHIP PREPARATORY HS,2005,6.0,,,,,Oakland,Alameda,,,,,,,,,,,,,,,,,,,,,,,
LEADERSHIP PREPARATORY HS,2006,9.0,6,,0.6666666666666666,,Oakland,Alameda,,,,,,,,,,,,,,,,,,,,,,,
LEADERSHIP PREPARATORY HS,2007,19.0,16.0,5.0,0.8421052631578947,0.3125,Oakland,Alameda,,,,,,,,,,,,,,,,,,,,,,,
LEADERSHIP PREPARATORY HS,2010,5.0,,,,,Oakland,Alameda,,,,,,,,,,,,,,,,,,,,,,,
LEADERSHIP PREPARATORY HS,2011,8.0,5.0,4.0,0.625,0.8,Oakland,Alameda,,,,,,,,,,,,,,,,,,,,,,,
LEADERSHIP PREPARATORY HS,2012,9.0,,,,,Oakland,Alameda,,,,,,,,,,,,,,,,,,,,,,,
LEADERSHIP PUB SCH COLG PARK,2009,8.0,5,,0.625,,Oakland,Alameda,,,,,,,,,,,,,,,,,,,,,,,
LEADERSHIP PUB SCH COLG PARK,2010,8.0,6,,0.75,,Oakland,Alameda,,,,,,,,,,,,,,,,,,,,,,,
LEADERSHIP PUB SCH COLG PARK,2011,12.0,7.0,5.0,0.5833333333333334,0.7142857142857143,Oakland,Alameda,,,,,,,,,,,,,,,,,,,,,,,
LEADERSHIP PUB SCH COLG PARK,2012,5.0,5.0,4.0,1.0,0.8,Oakland,Alameda,,,,,,,,,,,,,,,,,,,,,,,
LEADERSHIP PUB SCH COLG PARK,2013,5.0,3,,0.6,,Oakland,Alameda,,,,,,,,,,,,,,,,,,,,,,,
LEADERSHIP PUBLIC SCH HAYWARD,2009,22.0,15.0,7.0,0.6818181818181818,0.4666666666666667,Hayward,Alameda,Hayward Unified,01611920108670,High Schools (Public),True,,,,,,,,,,,,,,,,,,,
LEADERSHIP PUBLIC SCH HAYWARD,2010,22.0,19.0,11.0,0.8636363636363636,0.5789473684210527,Hayward,Alameda,Hayward Unified,01611920108670,High Schools (Public),True,,,,,,,,,,,,,,,,,,,
LEADERSHIP PUBLIC SCH HAYWARD,2011,21.0,16.0,8.0,0.7619047619047619,0.5,Hayward,Alameda,Hayward Unified,01611920108670,High Schools (Public),True,,,,,,,,,,,,,,,,,,,
LEADERSHIP PUBLIC SCH HAYWARD,2012,32.0,24.0,15.0,0.75,0.625,Hayward,Alameda,Hayward Unified,01611920108670,High Schools (Public),True,,,,,,,,,,,,,,,,,,,
LEADERSHIP PUBLIC SCH HAYWARD,2013,46.0,33.0,24.0,0.717391304347826,0.7272727272727273,Hayward,Alameda,Hayward Unified,01611920108670,High Schools (Public),True,,,,,,,,,,,,,,,,,,,
LEADERSHIP PUBLIC SCH HAYWARD,2014,44.0,29.0,22.0,0.6590909090909091,0.7586206896551724,Hayward,Alameda,Hayward Unified,01611920108670,High Schools (Public),True,,,,,,,,,,,,,471.0,,,,,,
LEADERSHIP PUBLIC SCH HAYWARD,2015,59.0,32.0,23.0,0.5423728813559322,0.71875,Hayward,Alameda,Hayward Unified,01611920108670,High Schools (Public),True,,,,,,107.0,82.2,21.0,36.0,21.0,4.0,6.0,507.0,331.0,0.6528599605522682,,,,
LEADERSHIP PUBLIC SCH HAYWARD,2016,55.0,45.0,30.0,0.8181818181818182,0.6666666666666666,Hayward,Alameda,Hayward Unified,01611920108670,High Schools (Public),True,,,,,,114.0,88.6,26.0,46.0,25.0,1.0,3.0,533.0,320.0,0.600375234521576,2643.6,2636.8,77.0,57.0
LEADERSHIP PUBLIC SCH HAYWARD,2017,54.0,37.0,19.0,0.6851851851851852,0.5135135135135135,Hayward,Alameda,Hayward Unified,01611920108670,High Schools (Public),True,123.0,122.0,99.2,116.0,95.1,130.0,85.4,15.0,62.0,29.0,4.0,1.0,578.0,346.0,0.5986159169550173,2668.2,2639.7,85.0,55.0
LEADERSHIP PUBLIC SCH HAYWARD,2018,78.0,61.0,39.0,0.782051282051282,0.639344262295082,Hayward,Alameda,Hayward Unified,01611920108670,High Schools (Public),True,149.0,146.0,98.0,136.0,93.2,146.0,91.1,39.0,69.0,22.0,1.0,2.0,593.0,364.0,0.6138279932546374,2667.4,2640.9,84.4,58.45
LEADERSHIP PUBLIC SCH HAYWARD,2019,72.0,58.0,35.0,0.8055555555555556,0.603448275862069,Hayward,Alameda,Hayward Unified,01611920108670,High Schools (Public),True,140.0,138.0,98.6,128.0,92.8,140.0,91.4,35.0,51.0,33.0,2.0,7.0,595.0,370.0,0.6218487394957983,2652.4,2613.6,77.86,48.94
LEADERSHIP PUBLIC SCH HAYWARD,2020,66.0,52.0,29.0,0.7878787878787878,0.5576923076923077,Hayward,Alameda,Hayward Unified,01611920108670,High Schools (Public),True,142.0,137.0,96.5,131.0,95.6,137.0,78.8,30.0,46.0,27.0,3.0,2.0,601.0,351.0,0.5840266222961731,2598.0,2594.8,57.75,40.29
LEADERSHIP PUBLIC SCH HAYWARD,2021,75.0,54.0,30.0,0.72,0.5555555555555556,Hayward,Alameda,Hayward Unified,01611920108670,High Schools (Public),True,151.0,148.0,98.0,139.0,93.9,152.0,78.9,29.0,50.0,31.0,6.0,4.0,614.0,339.0,0.5521172638436482,,,,
LEADERSHIP PUBLIC SCH HAYWARD,2022,52.0,43.0,25.0,0.8269230769230769,0.5813953488372093,Hayward,Alameda,Hayward Unified,01611920108670,High Schools (Public),True,147.0,145.0,98.6,1.0,0.7,145.0,79.3,23.0,60.0,27.0,4.0,1.0,,,,2608.9,2563.7,61.81,26.21
LEADERSHIP PUBLIC SCH HAYWARD,2023,55.0,36.0,22.0,0.6545454545454545,0.6111111111111112,Hayward,Alameda,Hayward Unified,01611920108670,High Schools (Public),True,141.0,140.0,99.3,127.0,90.7,142.0,81.0,18.0,53.0,37.0,4.0,3.0,582.0,270.0,0.4639175257731959,2585.1,2520.4,55.63,14.08
LEADERSHIP PUBLIC SCH HAYWARD,2024,64.0,47.0,17.0,0.734375,0.3617021276595745,Hayward,Alameda,Hayward Unified,01611920108670,High Schools (Public),True,144.0,141.0,97.9,137.0,97.2,,,,,,,,557.0,303.0,0.5439856373429084,2608.0,2552.2,63.31,27.01
LEADERSHIP PUBLIC SCH HAYWARD,2025,58.0,45.0,21.0,0.7758620689655172,0.4666666666666667,Hayward,Alameda,Hayward Unified,01611920108670,High Schools (Public),True,140.0,132.0,94.3,127.0,96.2,,,,,,,,573.0,300.0,0.5235602094240838,2602.4,2564.5,59.4,31.34
LEADERSHIP PUBLIC SCH RICHMOND,2007,19.0,12.0,6.0,0.631578947368421,0.5,Richmond,Contra Costa,West Contra Costa Unified,07617960101477,High Schools (Public),True,,,,,,,,,,,,,,,,,,,
LEADERSHIP PUBLIC SCH RICHMOND,2008,10.0,8.0,4.0,0.8,0.5,Richmond,Contra Costa,West Contra Costa Unified,07617960101477,High Schools (Public),True,,,,,,,,,,,,,,,,,,,
LEADERSHIP PUBLIC SCH RICHMOND,2009,18.0,14.0,8.0,0.7777777777777778,0.5714285714285714,Richmond,Contra Costa,West Contra Costa Unified,07617960101477,High Schools (Public),True,,,,,,,,,,,,,,,,,,,
LEADERSHIP PUBLIC SCH RICHMOND,2010,11.0,9.0,3.0,0.8181818181818182,0.3333333333333333,Richmond,Contra Costa,West Contra Costa Unified,07617960101477,High Schools (Public),True,,,,,,,,,,,,,,,,,,,
LEADERSHIP PUBLIC SCH RICHMOND,2011,16.0,12.0,4.0,0.75,0.3333333333333333,Richmond,Contra Costa,West Contra Costa Unified,07617960101477,High Schools (Public),True,,,,,,,,,,,,,,,,,,,
LEADERSHIP PUBLIC SCH RICHMOND,2012,17.0,13.0,7.0,0.7647058823529411,0.5384615384615384,Richmond,Contra Costa,West Contra Costa Unified,07617960101477,High Schools (Public),True,,,,,,,,,,,,,,,,,,,
LEADERSHIP PUBLIC SCH RICHMOND,2013,43.0,26.0,19.0,0.6046511627906976,0.7307692307692307,Richmond,Contra Costa,West Contra Costa Unified,07617960101477,High Schools (Public),True,,,,,,,,,,,,,,,,,,,
LEADERSHIP PUBLIC SCH RICHMOND,2014,36.0,29.0,24.0,0.8055555555555556,0.8275862068965517,Richmond,Contra Costa,West Contra Costa Unified,07617960101477,High Schools (Public),True,,,,,,,,,,,,,475.0,,,,,,
LEADERSHIP PUBLIC SCH RICHMOND,2015,46.0,23.0,13.0,0.5,0.5652173913043478,Richmond,Contra Costa,West Contra Costa Unified,07617960101477,High Schools (Public),True,,,,,,101.0,76.2,12.0,27.0,28.0,6.0,4.0,480.0,455.0,0.9479166666666666,,,,
LEADERSHIP PUBLIC SCH RICHMOND,2016,48.0,28.0,19.0,0.5833333333333334,0.6785714285714286,Richmond,Contra Costa,West Contra Costa Unified,07617960101477,High Schools (Public),True,,,,,,108.0,81.5,16.0,24.0,42.0,4.0,2.0,511.0,468.0,0.9158512720156556,2591.3,2563.1,54.0,18.0
LEADERSHIP PUBLIC SCH RICHMOND,2017,59.0,41.0,22.0,0.6949152542372882,0.5365853658536586,Richmond,Contra Costa,West Contra Costa Unified,07617960101477,High Schools (Public),True,119.0,112.0,94.1,107.0,95.5,115.0,79.1,22.0,34.0,30.0,1.0,4.0,548.0,456.0,0.8321167883211679,2635.6,2581.2,74.0,30.0
LEADERSHIP PUBLIC SCH RICHMOND,2018,68.0,39.0,20.0,0.5735294117647058,0.5128205128205128,Richmond,Contra Costa,West Contra Costa Unified,07617960101477,High Schools (Public),True,124.0,115.0,92.7,111.0,96.5,114.0,79.8,20.0,25.0,41.0,2.0,3.0,577.0,511.0,0.8856152512998267,2625.4,2555.8,72.65,18.8
LEADERSHIP PUBLIC SCH RICHMOND,2019,75.0,51.0,28.0,0.68,0.5490196078431373,Richmond,Contra Costa,West Contra Costa Unified,07617960101477,High Schools (Public),True,145.0,135.0,93.1,130.0,96.3,137.0,75.2,24.0,34.0,38.0,5.0,2.0,597.0,512.0,0.8576214405360134,2595.3,2569.1,63.04,26.52
LEADERSHIP PUBLIC SCH RICHMOND,2020,70.0,48.0,18.0,0.6857142857142857,0.375,Richmond,Contra Costa,West Contra Costa Unified,07617960101477,High Schools (Public),True,149.0,140.0,94.0,131.0,93.6,143.0,72.7,17.0,35.0,40.0,7.0,5.0,599.0,486.0,0.8113522537562604,2602.3,2566.4,62.33,28.08
LEADERSHIP PUBLIC SCH RICHMOND,2021,82.0,66.0,27.0,0.8048780487804879,0.4090909090909091,Richmond,Contra Costa,West Contra Costa Unified,07617960101477,High Schools (Public),True,152.0,141.0,92.8,135.0,95.7,144.0,67.4,27.0,24.0,33.0,9.0,4.0,600.0,440.0,0.7333333333333333,,,,
LEADERSHIP PUBLIC SCH RICHMOND,2022,47.0,31.0,14.0,0.6595744680851063,0.45161290322580644,Richmond,Contra Costa,West Contra Costa Unified,07617960101477,High Schools (Public),True,144.0,142.0,98.6,0.0,0.0,144.0,66.0,13.0,39.0,39.0,3.0,1.0,,,,2561.4,2528.5,46.15,14.5
LEADERSHIP PUBLIC SCH RICHMOND,2023,44.0,30.0,16.0,0.6818181818181818,0.5333333333333333,Richmond,Contra Costa,West Contra Costa Unified,07617960101477,High Schools (Public),True,135.0,131.0,97.0,115.0,87.8,131.0,62.6,16.0,20.0,36.0,8.0,2.0,556.0,354.0,0.6366906474820144,2589.7,2525.6,57.25,14.73
LEADERSHIP PUBLIC SCH RICHMOND,2024,38.0,27.0,13.0,0.7105263157894737,0.48148148148148145,Richmond,Contra Costa,West Contra Costa Unified,07617960101477,High Schools (Public),True,126.0,122.0,96.8,99.0,81.1,,,,,,,,525.0,322.0,0.6133333333333333,2543.4,2506.9,40.0,12.82
LEADERSHIP PUBLIC SCH RICHMOND,2025,45.0,34.0,8.0,0.7555555555555555,0.23529411764705882,Richmond,Contra Costa,West Contra Costa Unified,07617960101477,High Schools (Public),True,130.0,122.0,93.8,115.0,94.3,,,,,,,,546.0,357.0,0.6538461538461539,2581.4,2542.5,55.47,22.22
LEADERSHIP PUBLIC SCHOOLS-ESJ,2008,8.0,6,,0.75,,San Jose,Santa Clara,,,,,,,,,,,,,,,,,,,,,,,
LEADERSHIP PUBLIC SCHOOLS-ESJ,2010,15.0,7.0,4.0,0.4666666666666667,0.5714285714285714,San Jose,Santa Clara,,,,,,,,,,,,,,,,,,,,,,,
LEADERSHIP PUBLIC SCHOOLS-ESJ,2011,13.0,6.0,4.0,0.46153846153846156,0.6666666666666666,San Jose,Santa Clara,,,,,,,,,,,,,,,,,,,,,,,
LEADERSHIP PUBLIC SCHOOLS-ESJ,2012,13.0,6.0,4.0,0.46153846153846156,0.6666666666666666,San Jose,Santa Clara,,,,,,,,,,,,,,,,,,,,,,,
LEADERSHIP PUBLIC SCHOOLS-ESJ,2013,7.0,6.0,5.0,0.8571428571428571,0.8333333333333334,San Jose,Santa Clara,,,,,,,,,,,,,,,,,,,,,,,
LEADERSHIP PUBLIC SCHOOLS-ESJ,2014,15.0,9.0,3.0,0.6,0.3333333333333333,San Jose,Santa Clara,,,,,,,,,,,,,,,,,,,,,,,
LEADERSHIP PUBLIC SCHOOLS-ESJ,2015,8.0,3,,0.375,,San Jose,Santa Clara,,,,,,,,,,,,,,,,,,,,,,,
LEADERSHIP PUBLIC SCHOOLS-ESJ,2016,14.0,8.0,5.0,0.5714285714285714,0.625,San Jose,Santa Clara,,,,,,,,,,,,,,,,,,,,,,,
LEARNING OPTIONS LIBERTY SCHOOL,2016,5.0,4.0,4.0,0.8,1.0,San Jose,Santa Clara,,,,,,,,,,,,,,,,,,,,,,,
LEIGH HIGH SCHOOL,2005,85.0,82.0,45.0,0.9647058823529412,0.5487804878048781,San Jose,Santa Clara,Campbell Union High,43694014330239,High Schools (Public),False,,,,,,,,,,,,,,,,,,,
LEIGH HIGH SCHOOL,2006,94.0,84.0,44.0,0.8936170212765957,0.5238095238095238,San Jose,Santa Clara,Campbell Union High,43694014330239,High Schools (Public),False,,,,,,,,,,,,,,,,,,,
LEIGH HIGH SCHOOL,2007,90.0,85.0,47.0,0.9444444444444444,0.5529411764705883,San Jose,Santa Clara,Campbell Union High,43694014330239,High Schools (Public),False,,,,,,,,,,,,,,,,,,,
LEIGH HIGH SCHOOL,2008,96.0,90.0,50.0,0.9375,0.5555555555555556,San Jose,Santa Clara,Campbell Union High,43694014330239,High Schools (Public),False,,,,,,,,,,,,,,,,,,,
LEIGH HIGH SCHOOL,2009,89.0,85.0,36.0,0.9550561797752809,0.4235294117647059,San Jose,Santa Clara,Campbell Union High,43694014330239,High Schools (Public),False,,,,,,,,,,,,,,,,,,,
LEIGH HIGH SCHOOL,2010,100.0,94.0,48.0,0.94,0.5106382978723404,San Jose,Santa Clara,Campbell Union High,43694014330239,High Schools (Public),False,,,,,,,,,,,,,,,,,,,
LEIGH HIGH SCHOOL,2011,96.0,76.0,40.0,0.7916666666666666,0.5263157894736842,San Jose,Santa Clara,Campbell Union High,43694014330239,High Schools (Public),False,,,,,,,,,,,,,,,,,,,
LEIGH HIGH SCHOOL,2012,104.0,71.0,29.0,0.6826923076923077,0.4084507042253521,San Jose,Santa Clara,Campbell Union High,43694014330239,High Schools (Public),False,,,,,,,,,,,,,,,,,,,
LEIGH HIGH SCHOOL,2013,110.0,79.0,44.0,0.7181818181818181,0.5569620253164557,San Jose,Santa Clara,Campbell Union High,43694014330239,High Schools (Public),False,,,,,,,,,,,,,,,,,,,
LEIGH HIGH SCHOOL,2014,115.0,72.0,39.0,0.6260869565217392,0.5416666666666666,San Jose,Santa Clara,Campbell Union High,43694014330239,High Schools (Public),False,,,,,,,,,,,,,1644.0,,,,,,
LEIGH HIGH SCHOOL,2015,106.0,63.0,35.0,0.5943396226415094,0.5555555555555556,San Jose,Santa Clara,Campbell Union High,43694014330239,High Schools (Public),False,,,,,,363.0,72.5,29.0,59.0,107.0,16.0,52.0,1665.0,97.0,0.0582582582582582,,,,
LEIGH HIGH SCHOOL,2016,135.0,93.0,46.0,0.6888888888888889,0.4946236559139785,San Jose,Santa Clara,Campbell Union High,43694014330239,High Schools (Public),False,,,,,,348.0,83.9,39.0,66.0,101.0,9.0,77.0,1654.0,87.0,0.0525997581620314,2652.5,2654.1,79.0,63.0
LEIGH HIGH SCHOOL,2017,138.0,86.0,45.0,0.6231884057971014,0.5232558139534884,San Jose,Santa Clara,Campbell Union High,43694014330239,High Schools (Public),False,378.0,365.0,96.6,259.0,71.0,370.0,83.2,44.0,62.0,123.0,20.0,59.0,1691.0,88.0,0.05204021289178,2643.2,2648.5,75.0,62.0
LEIGH HIGH SCHOOL,2018,172.0,101.0,50.0,0.5872093023255814,0.49504950495049505,San Jose,Santa Clara,Campbell Union High,43694014330239,High Schools (Public),False,418.0,401.0,95.9,307.0,76.6,408.0,91.4,49.0,69.0,150.0,37.0,68.0,1755.0,158.0,0.09002849002849,2671.9,2657.8,83.74,63.55
LEIGH HIGH SCHOOL,2019,144.0,85.0,42.0,0.5902777777777778,0.49411764705882355,San Jose,Santa Clara,Campbell Union High,43694014330239,High Schools (Public),False,409.0,399.0,97.6,293.0,73.4,411.0,85.9,41.0,54.0,144.0,12.0,102.0,1772.0,168.0,0.0948081264108352,2630.3,2632.8,69.27,53.3
LEIGH HIGH SCHOOL,2020,156.0,115.0,63.0,0.7371794871794872,0.5478260869565217,San Jose,Santa Clara,Campbell Union High,43694014330239,High Schools (Public),False,417.0,407.0,97.6,316.0,77.6,409.0,86.6,62.0,56.0,135.0,25.0,76.0,1809.0,185.0,0.1022664455500276,2653.1,2653.3,73.01,58.94
LEIGH HIGH SCHOOL,2021,178.0,112.0,48.0,0.6292134831460674,0.42857142857142855,San Jose,Santa Clara,Campbell Union High,43694014330239,High Schools (Public),False,441.0,426.0,96.6,319.0,74.9,430.0,84.0,44.0,54.0,147.0,21.0,95.0,1786.0,182.0,0.1019036954087346,,,,
LEIGH HIGH SCHOOL,2022,166.0,104.0,51.0,0.6265060240963856,0.49038461538461536,San Jose,Santa Clara,Campbell Union High,43694014330239,High Schools (Public),False,417.0,413.0,99.0,305.0,73.8,416.0,85.3,49.0,61.0,138.0,15.0,92.0,,,,2688.9,2698.9,82.95,71.63
LEIGH HIGH SCHOOL,2023,194.0,127.0,63.0,0.654639175257732,0.49606299212598426,San Jose,Santa Clara,Campbell Union High,43694014330239,High Schools (Public),False,431.0,423.0,98.1,344.0,81.3,423.0,90.3,60.0,59.0,140.0,28.0,95.0,1812.0,324.0,0.1788079470198675,2659.9,2660.6,77.75,62.01
LEIGH HIGH SCHOOL,2024,198.0,146.0,65.0,0.7373737373737373,0.4452054794520548,San Jose,Santa Clara,Campbell Union High,43694014330239,High Schools (Public),False,428.0,422.0,98.6,337.0,79.9,,,,,,,,1816.0,341.0,0.1877753303964757,2658.2,2668.2,77.4,68.56
LEIGH HIGH SCHOOL,2025,242.0,204.0,92.0,0.8429752066115702,0.45098039215686275,San Jose,Santa Clara,Campbell Union High,43694014330239,High Schools (Public),False,467.0,459.0,98.3,360.0,78.4,,,,,,,,1884.0,339.0,0.179936305732484,2662.5,2673.0,76.22,65.48
LELAND HIGH SCHOOL,2005,201.0,190.0,130.0,0.945273631840796,0.6842105263157895,San Jose,Santa Clara,San Jose Unified,43696664333522,High Schools (Public),False,,,,,,,,,,,,,,,,,,,
LELAND HIGH SCHOOL,2006,218.0,202.0,134.0,0.926605504587156,0.6633663366336634,San Jose,Santa Clara,San Jose Unified,43696664333522,High Schools (Public),False,,,,,,,,,,,,,,,,,,,
LELAND HIGH SCHOOL,2007,201.0,178.0,99.0,0.8855721393034826,0.5561797752808989,San Jose,Santa Clara,San Jose Unified,43696664333522,High Schools (Public),False,,,,,,,,,,,,,,,,,,,
LELAND HIGH SCHOOL,2008,196.0,182.0,109.0,0.9285714285714286,0.5989010989010989,San Jose,Santa Clara,San Jose Unified,43696664333522,High Schools (Public),False,,,,,,,,,,,,,,,,,,,
LELAND HIGH SCHOOL,2009,198.0,177.0,98.0,0.8939393939393939,0.5536723163841808,San Jose,Santa Clara,San Jose Unified,43696664333522,High Schools (Public),False,,,,,,,,,,,,,,,,,,,
LELAND HIGH SCHOOL,2010,215.0,208.0,114.0,0.9674418604651163,0.5480769230769231,San Jose,Santa Clara,San Jose Unified,43696664333522,High Schools (Public),False,,,,,,,,,,,,,,,,,,,
LELAND HIGH SCHOOL,2011,184.0,157.0,90.0,0.8532608695652174,0.5732484076433121,San Jose,Santa Clara,San Jose Unified,43696664333522,High Schools (Public),False,,,,,,,,,,,,,,,,,,,
LELAND HIGH SCHOOL,2012,251.0,182.0,94.0,0.7250996015936255,0.5164835164835165,San Jose,Santa Clara,San Jose Unified,43696664333522,High Schools (Public),False,,,,,,,,,,,,,,,,,,,
LELAND HIGH SCHOOL,2013,261.0,182.0,76.0,0.6973180076628352,0.4175824175824176,San Jose,Santa Clara,San Jose Unified,43696664333522,High Schools (Public),False,,,,,,,,,,,,,,,,,,,
LELAND HIGH SCHOOL,2014,252.0,172.0,76.0,0.6825396825396826,0.4418604651162791,San Jose,Santa Clara,San Jose Unified,43696664333522,High Schools (Public),False,,,,,,,,,,,,,1754.0,,,,,,
LELAND HIGH SCHOOL,2015,243.0,180.0,87.0,0.7407407407407407,0.48333333333333334,San Jose,Santa Clara,San Jose Unified,43696664333522,High Schools (Public),False,,,,,,406.0,78.3,72.0,63.0,63.0,33.0,87.0,1784.0,130.0,0.0728699551569506,,,,
LELAND HIGH SCHOOL,2016,246.0,194.0,83.0,0.7886178861788617,0.42783505154639173,San Jose,Santa Clara,San Jose Unified,43696664333522,High Schools (Public),False,,,,,,415.0,86.7,80.0,65.0,86.0,49.0,80.0,1807.0,186.0,0.1029330381848367,2681.4,2710.2,84.0,78.0
LELAND HIGH SCHOOL,2017,242.0,190.0,90.0,0.7851239669421488,0.47368421052631576,San Jose,Santa Clara,San Jose Unified,43696664333522,High Schools (Public),False,433.0,419.0,96.8,314.0,74.9,421.0,89.3,83.0,59.0,105.0,43.0,86.0,1881.0,169.0,0.0898458266879319,2671.6,2691.1,81.0,75.0
LELAND HIGH SCHOOL,2018,314.0,232.0,125.0,0.7388535031847133,0.5387931034482759,San Jose,Santa Clara,San Jose Unified,43696664333522,High Schools (Public),False,473.0,465.0,98.3,374.0,80.4,467.0,93.1,122.0,79.0,95.0,44.0,95.0,1923.0,215.0,0.1118044721788871,2678.0,2707.7,83.41,78.68
LELAND HIGH SCHOOL,2019,274.0,182.0,89.0,0.6642335766423357,0.489010989010989,San Jose,Santa Clara,San Jose Unified,43696664333522,High Schools (Public),False,450.0,441.0,98.0,0.0,0.0,446.0,88.8,84.0,91.0,98.0,37.0,86.0,1917.0,196.0,0.1022430881585811,2636.5,2674.5,70.02,67.12
LELAND HIGH SCHOOL,2020,287.0,232.0,110.0,0.8083623693379791,0.47413793103448276,San Jose,Santa Clara,San Jose Unified,43696664333522,High Schools (Public),False,476.0,470.0,98.7,379.0,80.6,476.0,92.2,105.0,83.0,108.0,33.0,110.0,1852.0,170.0,0.091792656587473,2645.2,2688.1,73.27,71.03
LELAND HIGH SCHOOL,2021,282.0,212.0,86.0,0.75177304964539,0.4056603773584906,San Jose,Santa Clara,San Jose Unified,43696664333522,High Schools (Public),False,446.0,437.0,98.0,380.0,87.0,438.0,92.5,80.0,63.0,104.0,38.0,120.0,1776.0,164.0,0.0923423423423423,,,,
LELAND HIGH SCHOOL,2022,303.0,221.0,104.0,0.7293729372937293,0.47058823529411764,San Jose,Santa Clara,San Jose Unified,43696664333522,High Schools (Public),False,463.0,446.0,96.3,373.0,83.6,447.0,91.7,96.0,63.0,93.0,22.0,136.0,,,,2675.4,2718.4,80.0,79.87
LELAND HIGH SCHOOL,2023,246.0,189.0,89.0,0.7682926829268293,0.4708994708994709,San Jose,Santa Clara,San Jose Unified,43696664333522,High Schools (Public),False,405.0,399.0,98.5,303.0,75.9,401.0,91.3,89.0,63.0,90.0,19.0,105.0,1593.0,168.0,0.1054613935969868,2676.0,2698.0,79.49,72.11
LELAND HIGH SCHOOL,2024,247.0,181.0,78.0,0.7327935222672065,0.430939226519337,San Jose,Santa Clara,San Jose Unified,43696664333522,High Schools (Public),False,379.0,373.0,98.4,307.0,82.3,,,,,,,,1519.0,156.0,0.1026991441737985,2684.9,2712.6,85.16,78.27
LELAND HIGH SCHOOL,2025,241.0,199.0,87.0,0.8257261410788381,0.4371859296482412,San Jose,Santa Clara,San Jose Unified,43696664333522,High Schools (Public),False,387.0,377.0,97.4,283.0,75.1,,,,,,,,1471.0,166.0,0.1128484024473147,2692.3,2700.5,85.67,69.94
LIBERTY HIGH SCHOOL,2005,40.0,30.0,14.0,0.75,0.4666666666666667,Brentwood,Contra Costa,Liberty Union High,07617210733980,High Schools (Public),False,,,,,,,,,,,,,,,,,,,
LIBERTY HIGH SCHOOL,2006,42.0,37.0,20.0,0.8809523809523809,0.5405405405405406,Brentwood,Contra Costa,Liberty Union High,07617210733980,High Schools (Public),False,,,,,,,,,,,,,,,,,,,
LIBERTY HIGH SCHOOL,2007,63.0,52.0,27.0,0.8253968253968254,0.5192307692307693,Brentwood,Contra Costa,Liberty Union High,07617210733980,High Schools (Public),False,,,,,,,,,,,,,,,,,,,
LIBERTY HIGH SCHOOL,2008,50.0,47.0,28.0,0.94,0.5957446808510638,Brentwood,Contra Costa,Liberty Union High,07617210733980,High Schools (Public),False,,,,,,,,,,,,,,,,,,,
LIBERTY HIGH SCHOOL,2009,31.0,28.0,14.0,0.9032258064516129,0.5,Brentwood,Contra Costa,Liberty Union High,07617210733980,High Schools (Public),False,,,,,,,,,,,,,,,,,,,
LIBERTY HIGH SCHOOL,2010,43.0,41.0,17.0,0.9534883720930233,0.4146341463414634,Brentwood,Contra Costa,Liberty Union High,07617210733980,High Schools (Public),False,,,,,,,,,,,,,,,,,,,
LIBERTY HIGH SCHOOL,2011,39.0,27.0,11.0,0.6923076923076923,0.4074074074074074,Brentwood,Contra Costa,Liberty Union High,07617210733980,High Schools (Public),False,,,,,,,,,,,,,,,,,,,
LIBERTY HIGH SCHOOL,2012,49.0,30.0,9.0,0.6122448979591837,0.3,Brentwood,Contra Costa,Liberty Union High,07617210733980,High Schools (Public),False,,,,,,,,,,,,,,,,,,,
LIBERTY HIGH SCHOOL,2013,45.0,28.0,14.0,0.6222222222222222,0.5,Brentwood,Contra Costa,Liberty Union High,07617210733980,High Schools (Public),False,,,,,,,,,,,,,,,,,,,
LIBERTY HIGH SCHOOL,2014,53.0,37.0,17.0,0.6981132075471698,0.4594594594594595,Brentwood,Contra Costa,Liberty Union High,07617210733980,High Schools (Public),False,,,,,,,,,,,,,2356.0,,,,,,
LIBERTY HIGH SCHOOL,2015,67.0,37.0,18.0,0.5522388059701493,0.4864864864864865,Brentwood,Contra Costa,Liberty Union High,07617210733980,High Schools (Public),False,,,,,,520.0,68.1,14.0,73.0,208.0,18.0,41.0,2520.0,846.0,0.3357142857142857,,,,
LIBERTY HIGH SCHOOL,2016,66.0,46.0,30.0,0.696969696969697,0.6521739130434783,Brentwood,Contra Costa,Liberty Union High,07617210733980,High Schools (Public),False,,,,,,518.0,70.7,29.0,67.0,211.0,20.0,39.0,2499.0,819.0,0.3277310924369748,2613.2,2568.8,64.0,31.0
LIBERTY HIGH SCHOOL,2017,70.0,47.0,24.0,0.6714285714285714,0.5106382978723404,Brentwood,Contra Costa,Liberty Union High,07617210733980,High Schools (Public),False,566.0,536.0,94.7,273.0,50.9,542.0,65.5,24.0,67.0,199.0,28.0,37.0,2579.0,796.0,0.3086467623109732,2630.1,2577.1,70.0,34.0
LIBERTY HIGH SCHOOL,2018,93.0,51.0,23.0,0.5483870967741935,0.45098039215686275,Brentwood,Contra Costa,Liberty Union High,07617210733980,High Schools (Public),False,529.0,507.0,95.8,276.0,54.4,516.0,74.0,22.0,61.0,225.0,16.0,58.0,2604.0,789.0,0.3029953917050691,2634.2,2578.7,72.12,34.32
LIBERTY HIGH SCHOOL,2019,77.0,54.0,24.0,0.7012987012987013,0.4444444444444444,Brentwood,Contra Costa,Liberty Union High,07617210733980,High Schools (Public),False,540.0,514.0,95.2,293.0,57.0,520.0,68.3,21.0,46.0,217.0,16.0,55.0,2708.0,739.0,0.2728951255539143,2610.0,2580.6,63.89,34.39
LIBERTY HIGH SCHOOL,2020,74.0,55.0,31.0,0.7432432432432432,0.5636363636363636,Brentwood,Contra Costa,Liberty Union High,07617210733980,High Schools (Public),False,601.0,577.0,96.0,355.0,61.5,578.0,65.4,30.0,36.0,217.0,24.0,71.0,2795.0,844.0,0.3019677996422182,2637.7,2594.6,74.04,38.69
LIBERTY HIGH SCHOOL,2021,108.0,67.0,34.0,0.6203703703703703,0.5074626865671642,Brentwood,Contra Costa,Liberty Union High,07617210733980,High Schools (Public),False,580.0,550.0,94.8,341.0,62.0,560.0,74.1,32.0,58.0,237.0,14.0,74.0,2742.0,663.0,0.2417943107221006,,,,
LIBERTY HIGH SCHOOL,2022,99.0,56.0,32.0,0.5656565656565656,0.5714285714285714,Brentwood,Contra Costa,Liberty Union High,07617210733980,High Schools (Public),False,644.0,601.0,93.3,359.0,59.7,610.0,69.5,31.0,60.0,245.0,21.0,67.0,,,,,,,
LIBERTY HIGH SCHOOL,2023,109.0,74.0,43.0,0.6788990825688074,0.581081081081081,Brentwood,Contra Costa,Liberty Union High,07617210733980,High Schools (Public),False,645.0,605.0,93.8,350.0,57.9,606.0,69.1,39.0,72.0,229.0,12.0,67.0,2786.0,651.0,0.2336683417085427,2609.7,2552.8,62.69,26.22
LIBERTY HIGH SCHOOL,2024,113.0,68.0,39.0,0.6017699115044248,0.5735294117647058,Brentwood,Contra Costa,Liberty Union High,07617210733980,High Schools (Public),False,610.0,588.0,96.4,336.0,57.1,,,,,,,,2773.0,607.0,0.2188965019834114,2613.4,2560.8,64.77,26.5
LIBERTY HIGH SCHOOL,2025,110.0,71.0,23.0,0.6454545454545455,0.323943661971831,Brentwood,Contra Costa,Liberty Union High,07617210733980,High Schools (Public),False,623.0,594.0,95.3,311.0,52.4,,,,,,,,2836.0,1012.0,0.3568406205923836,2609.9,2553.9,63.77,27.41
LIFE ACADEMY HIGH SCHOOL,2005,17.0,13.0,10.0,0.7647058823529411,0.7692307692307693,Oakland,Alameda,Oakland Unified,01612590130575,K-12 Schools (Public),False,,,,,,,,,,,,,,,,,,,
LIFE ACADEMY HIGH SCHOOL,2006,16.0,12.0,7.0,0.75,0.5833333333333334,Oakland,Alameda,Oakland Unified,01612590130575,K-12 Schools (Public),False,,,,,,,,,,,,,,,,,,,
LIFE ACADEMY HIGH SCHOOL,2007,19.0,18.0,14.0,0.9473684210526315,0.7777777777777778,Oakland,Alameda,Oakland Unified,01612590130575,K-12 Schools (Public),False,,,,,,,,,,,,,,,,,,,
LIFE ACADEMY HIGH SCHOOL,2008,23.0,23.0,19.0,1.0,0.8260869565217391,Oakland,Alameda,Oakland Unified,01612590130575,K-12 Schools (Public),False,,,,,,,,,,,,,,,,,,,
LIFE ACADEMY HIGH SCHOOL,2009,12.0,10.0,7.0,0.8333333333333334,0.7,Oakland,Alameda,Oakland Unified,01612590130575,K-12 Schools (Public),False,,,,,,,,,,,,,,,,,,,
LIFE ACADEMY HIGH SCHOOL,2010,17.0,13.0,6.0,0.7647058823529411,0.46153846153846156,Oakland,Alameda,Oakland Unified,01612590130575,K-12 Schools (Public),False,,,,,,,,,,,,,,,,,,,
LIFE ACADEMY HIGH SCHOOL,2011,19.0,11.0,7.0,0.5789473684210527,0.6363636363636364,Oakland,Alameda,Oakland Unified,01612590130575,K-12 Schools (Public),False,,,,,,,,,,,,,,,,,,,
LIFE ACADEMY HIGH SCHOOL,2012,13.0,9.0,7.0,0.6923076923076923,0.7777777777777778,Oakland,Alameda,Oakland Unified,01612590130575,K-12 Schools (Public),False,,,,,,,,,,,,,,,,,,,
LIFE ACADEMY HIGH SCHOOL,2013,19.0,12.0,7.0,0.631578947368421,0.5833333333333334,Oakland,Alameda,Oakland Unified,01612590130575,K-12 Schools (Public),False,,,,,,,,,,,,,,,,,,,
LIFE ACADEMY HIGH SCHOOL,2014,27.0,19.0,15.0,0.7037037037037037,0.7894736842105263,Oakland,Alameda,Oakland Unified,01612590130575,K-12 Schools (Public),False,,,,,,,,,,,,,419.0,,,,,,
LIFE ACADEMY HIGH SCHOOL,2015,28.0,10.0,4.0,0.35714285714285715,0.4,Oakland,Alameda,Oakland Unified,01612590130575,K-12 Schools (Public),False,,,,,,52.0,75.0,3.0,17.0,17.0,2.0,0.0,481.0,409.0,0.8503118503118503,,,,
LIFE ACADEMY HIGH SCHOOL,2016,27.0,17.0,13.0,0.6296296296296297,0.7647058823529411,Oakland,Alameda,Oakland Unified,01612590130575,K-12 Schools (Public),False,,,,,,62.0,77.4,10.0,11.0,24.0,2.0,1.0,473.0,445.0,0.9408033826638478,2513.5,2506.1,21.0,12.0
LIFE ACADEMY HIGH SCHOOL,2017,32.0,16.0,15.0,0.5,0.9375,Oakland,Alameda,Oakland Unified,01612590130575,K-12 Schools (Public),False,65.0,57.0,87.7,40.0,70.2,60.0,75.0,12.0,13.0,20.0,0.0,0.0,471.0,428.0,0.9087048832271762,2593.1,2533.4,61.0,24.0
LIFE ACADEMY HIGH SCHOOL,2018,22.0,11.0,7.0,0.5,0.6363636363636364,Oakland,Alameda,Oakland Unified,01612590130575,K-12 Schools (Public),False,68.0,63.0,92.6,42.0,66.7,64.0,65.6,7.0,18.0,16.0,0.0,1.0,464.0,427.0,0.9202586206896552,2557.3,2503.0,42.65,10.29
LIFE ACADEMY HIGH SCHOOL,2019,22.0,20.0,14.0,0.9090909090909091,0.7,Oakland,Alameda,Oakland Unified,01612590130575,K-12 Schools (Public),False,63.0,60.0,95.2,1.0,1.7,60.0,75.0,14.0,14.0,15.0,1.0,1.0,463.0,421.0,0.9092872570194384,2601.2,2573.8,64.62,35.94
LIFE ACADEMY HIGH SCHOOL,2020,22.0,20.0,11.0,0.9090909090909091,0.55,Oakland,Alameda,Oakland Unified,01612590130575,K-12 Schools (Public),False,59.0,52.0,88.1,46.0,88.5,54.0,63.0,11.0,12.0,7.0,2.0,2.0,443.0,405.0,0.9142212189616252,2568.4,2520.0,44.44,16.13
LIFE ACADEMY HIGH SCHOOL,2021,29.0,19.0,11.0,0.6551724137931034,0.5789473684210527,Oakland,Alameda,Oakland Unified,01612590130575,K-12 Schools (Public),False,50.0,50.0,100.0,48.0,96.0,50.0,68.0,11.0,15.0,8.0,0.0,0.0,464.0,419.0,0.9030172413793104,,,,
LIFE ACADEMY HIGH SCHOOL,2022,30.0,24.0,11.0,0.8,0.4583333333333333,Oakland,Alameda,Oakland Unified,01612590130575,K-12 Schools (Public),False,59.0,54.0,91.5,45.0,83.3,54.0,66.7,10.0,11.0,13.0,0.0,2.0,,,,2643.1,2591.5,76.09,31.82
LIFE ACADEMY HIGH SCHOOL,2023,24.0,14.0,6.0,0.5833333333333334,0.42857142857142855,Oakland,Alameda,Oakland Unified,01612590130575,K-12 Schools (Public),False,62.0,60.0,96.8,22.0,36.7,60.0,76.7,5.0,23.0,17.0,1.0,0.0,424.0,404.0,0.9528301886792452,2595.8,2548.2,59.02,22.03
LIFE ACADEMY HIGH SCHOOL,2024,20.0,17.0,6.0,0.85,0.35294117647058826,Oakland,Alameda,Oakland Unified,01612590130575,K-12 Schools (Public),False,61.0,58.0,95.1,57.0,98.3,,,,,,,,441.0,431.0,0.9773242630385488,2589.3,2509.3,57.14,19.35
LIFE ACADEMY HIGH SCHOOL,2025,22.0,16.0,9.0,0.7272727272727273,0.5625,Oakland,Alameda,Oakland Unified,01612590130575,K-12 Schools (Public),False,64.0,58.0,90.6,56.0,96.6,,,,,,,,436.0,428.0,0.981651376146789,2594.6,2544.0,55.36,25.0
LIGHTHOUSE COMMUNITY CHAR HS,2009,6.0,6,,1.0,,Oakland,Alameda,Oakland Unified,01612590108944,High Schools (Public),True,,,,,,,,,,,,,,,,,,,
LIGHTHOUSE COMMUNITY CHAR HS,2010,9.0,8.0,5.0,0.8888888888888888,0.625,Oakland,Alameda,Oakland Unified,01612590108944,High Schools (Public),True,,,,,,,,,,,,,,,,,,,
LIGHTHOUSE COMMUNITY CHAR HS,2011,12.0,10.0,7.0,0.8333333333333334,0.7,Oakland,Alameda,Oakland Unified,01612590108944,High Schools (Public),True,,,,,,,,,,,,,,,,,,,
LIGHTHOUSE COMMUNITY CHAR HS,2012,10.0,9.0,3.0,0.9,0.3333333333333333,Oakland,Alameda,Oakland Unified,01612590108944,High Schools (Public),True,,,,,,,,,,,,,,,,,,,
LIGHTHOUSE COMMUNITY CHAR HS,2013,14.0,9.0,7.0,0.6428571428571429,0.7777777777777778,Oakland,Alameda,Oakland Unified,01612590108944,High Schools (Public),True,,,,,,,,,,,,,,,,,,,
LIGHTHOUSE COMMUNITY CHAR HS,2014,13.0,12.0,12.0,0.9230769230769231,1.0,Oakland,Alameda,Oakland Unified,01612590108944,High Schools (Public),True,,,,,,,,,,,,,236.0,,,,,,
LIGHTHOUSE COMMUNITY CHAR HS,2015,34.0,20.0,12.0,0.5882352941176471,0.6,Oakland,Alameda,Oakland Unified,01612590108944,High Schools (Public),True,,,,,,51.0,76.5,9.0,20.0,8.0,1.0,1.0,262.0,220.0,0.8396946564885496,,,,
LIGHTHOUSE COMMUNITY CHAR HS,2016,36.0,22.0,17.0,0.6111111111111112,0.7727272727272727,Oakland,Alameda,Oakland Unified,01612590108944,High Schools (Public),True,,,,,,58.0,79.3,15.0,19.0,7.0,2.0,3.0,260.0,209.0,0.8038461538461539,2627.4,2609.9,76.0,53.0
LIGHTHOUSE COMMUNITY CHAR HS,2017,37.0,19.0,14.0,0.5135135135135135,0.7368421052631579,Oakland,Alameda,Oakland Unified,01612590108944,High Schools (Public),True,56.0,42.0,75.0,42.0,100.0,49.0,63.3,8.0,14.0,8.0,1.0,0.0,260.0,206.0,0.7923076923076923,2655.2,2618.1,81.0,48.0
LIGHTHOUSE COMMUNITY CHAR HS,2018,30.0,14.0,10.0,0.4666666666666667,0.7142857142857143,Oakland,Alameda,Oakland Unified,01612590108944,High Schools (Public),True,64.0,0.0,0.0,0.0,0.0,57.0,77.2,10.0,17.0,16.0,1.0,0.0,260.0,213.0,0.8192307692307692,2664.3,2634.7,90.0,47.46
LIGHTHOUSE COMMUNITY CHAR HS,2019,32.0,15.0,8.0,0.46875,0.5333333333333333,Oakland,Alameda,Oakland Unified,01612590108944,High Schools (Public),True,58.0,52.0,89.7,50.0,96.2,63.0,74.6,8.0,19.0,15.0,2.0,3.0,280.0,221.0,0.7892857142857143,2596.7,2571.1,60.0,36.36
LIGHTHOUSE COMMUNITY CHAR HS,2020,22.0,17.0,8.0,0.7727272727272727,0.47058823529411764,Oakland,Alameda,Oakland Unified,01612590108944,High Schools (Public),True,60.0,56.0,93.3,44.0,78.6,59.0,72.9,7.0,13.0,20.0,0.0,3.0,289.0,244.0,0.8442906574394463,2547.1,2528.7,40.91,21.21
LIGHTHOUSE COMMUNITY CHAR HS,2021,24.0,20.0,14.0,0.8333333333333334,0.7,Oakland,Alameda,Oakland Unified,01612590108944,High Schools (Public),True,68.0,63.0,92.6,57.0,90.5,64.0,64.1,15.0,7.0,16.0,2.0,1.0,304.0,264.0,0.868421052631579,,,,
LIGHTHOUSE COMMUNITY CHAR HS,2022,21.0,15.0,7.0,0.7142857142857143,0.4666666666666667,Oakland,Alameda,Oakland Unified,01612590108944,High Schools (Public),True,71.0,69.0,97.2,57.0,82.6,72.0,66.7,6.0,27.0,12.0,2.0,1.0,,,,2565.2,2527.1,45.07,11.11
LIGHTHOUSE COMMUNITY CHAR HS,2023,36.0,28.0,14.0,0.7777777777777778,0.5,Oakland,Alameda,Oakland Unified,01612590108944,High Schools (Public),True,79.0,73.0,92.4,66.0,90.4,73.0,83.6,14.0,30.0,14.0,1.0,2.0,307.0,292.0,0.9511400651465798,2551.9,2516.0,36.62,12.86
LIGHTHOUSE COMMUNITY CHAR HS,2024,31.0,26.0,5.0,0.8387096774193549,0.19230769230769232,Oakland,Alameda,Oakland Unified,01612590108944,High Schools (Public),True,77.0,69.0,89.6,64.0,92.8,,,,,,,,302.0,282.0,0.933774834437086,2584.3,2468.2,57.53,1.37
LIGHTHOUSE COMMUNITY CHAR HS,2025,34.0,28.0,6.0,0.8235294117647058,0.21428571428571427,Oakland,Alameda,Oakland Unified,01612590108944,High Schools (Public),True,75.0,67.0,89.3,61.0,91.0,,,,,,,,281.0,261.0,0.9288256227758008,2539.9,2477.3,38.03,7.04
LIVE OAK HIGH SCHOOL,2005,68.0,58.0,31.0,0.8529411764705882,0.5344827586206896,Morgan Hill,Santa Clara,Morgan Hill Unified,43695834333951,High Schools (Public),False,,,,,,,,,,,,,,,,,,,
LIVE OAK HIGH SCHOOL,2006,98.0,87.0,48.0,0.8877551020408163,0.5517241379310345,Morgan Hill,Santa Clara,Morgan Hill Unified,43695834333951,High Schools (Public),False,,,,,,,,,,,,,,,,,,,
LIVE OAK HIGH SCHOOL,2007,55.0,51.0,24.0,0.9272727272727272,0.47058823529411764,Morgan Hill,Santa Clara,Morgan Hill Unified,43695834333951,High Schools (Public),False,,,,,,,,,,,,,,,,,,,
LIVE OAK HIGH SCHOOL,2008,38.0,36.0,23.0,0.9473684210526315,0.6388888888888888,Morgan Hill,Santa Clara,Morgan Hill Unified,43695834333951,High Schools (Public),False,,,,,,,,,,,,,,,,,,,
LIVE OAK HIGH SCHOOL,2009,51.0,46.0,25.0,0.9019607843137255,0.5434782608695652,Morgan Hill,Santa Clara,Morgan Hill Unified,43695834333951,High Schools (Public),False,,,,,,,,,,,,,,,,,,,
LIVE OAK HIGH SCHOOL,2010,53.0,47.0,27.0,0.8867924528301887,0.574468085106383,Morgan Hill,Santa Clara,Morgan Hill Unified,43695834333951,High Schools (Public),False,,,,,,,,,,,,,,,,,,,
LIVE OAK HIGH SCHOOL,2011,29.0,23.0,15.0,0.7931034482758621,0.6521739130434783,Morgan Hill,Santa Clara,Morgan Hill Unified,43695834333951,High Schools (Public),False,,,,,,,,,,,,,,,,,,,
LIVE OAK HIGH SCHOOL,2012,41.0,34.0,15.0,0.8292682926829268,0.4411764705882353,Morgan Hill,Santa Clara,Morgan Hill Unified,43695834333951,High Schools (Public),False,,,,,,,,,,,,,,,,,,,
LIVE OAK HIGH SCHOOL,2013,52.0,32.0,19.0,0.6153846153846154,0.59375,Morgan Hill,Santa Clara,Morgan Hill Unified,43695834333951,High Schools (Public),False,,,,,,,,,,,,,,,,,,,
LIVE OAK HIGH SCHOOL,2014,52.0,35.0,18.0,0.6730769230769231,0.5142857142857142,Morgan Hill,Santa Clara,Morgan Hill Unified,43695834333951,High Schools (Public),False,,,,,,,,,,,,,1117.0,,,,,,
LIVE OAK HIGH SCHOOL,2015,40.0,23.0,14.0,0.575,0.6086956521739131,Morgan Hill,Santa Clara,Morgan Hill Unified,43695834333951,High Schools (Public),False,,,,,,243.0,77.4,11.0,46.0,109.0,6.0,16.0,1050.0,361.0,0.3438095238095238,,,,
LIVE OAK HIGH SCHOOL,2016,51.0,35.0,19.0,0.6862745098039216,0.5428571428571428,Morgan Hill,Santa Clara,Morgan Hill Unified,43695834333951,High Schools (Public),False,,,,,,226.0,79.6,18.0,42.0,100.0,6.0,14.0,1099.0,416.0,0.37852593266606,2644.5,2587.0,76.0,36.0
LIVE OAK HIGH SCHOOL,2017,51.0,25.0,10.0,0.49019607843137253,0.4,Morgan Hill,Santa Clara,Morgan Hill Unified,43695834333951,High Schools (Public),False,238.0,225.0,94.5,119.0,52.9,227.0,75.8,9.0,32.0,109.0,7.0,15.0,1163.0,426.0,0.3662940670679278,2622.7,2561.4,68.0,24.0
LIVE OAK HIGH SCHOOL,2018,39.0,23.0,9.0,0.5897435897435898,0.391304347826087,Morgan Hill,Santa Clara,Morgan Hill Unified,43695834333951,High Schools (Public),False,237.0,215.0,90.7,102.0,47.4,219.0,77.6,11.0,23.0,116.0,4.0,16.0,1175.0,428.0,0.3642553191489361,2599.4,2562.3,56.38,31.28
LIVE OAK HIGH SCHOOL,2019,56.0,35.0,15.0,0.625,0.42857142857142855,Morgan Hill,Santa Clara,Morgan Hill Unified,43695834333951,High Schools (Public),False,258.0,228.0,88.4,116.0,50.9,231.0,78.4,14.0,32.0,114.0,3.0,18.0,1161.0,420.0,0.3617571059431524,2624.2,2572.7,68.48,32.05
LIVE OAK HIGH SCHOOL,2020,60.0,38.0,17.0,0.6333333333333333,0.4473684210526316,Morgan Hill,Santa Clara,Morgan Hill Unified,43695834333951,High Schools (Public),False,272.0,231.0,84.9,136.0,58.9,235.0,85.1,15.0,30.0,134.0,5.0,16.0,1177.0,441.0,0.3746813933729822,2587.1,2565.4,54.51,32.55
LIVE OAK HIGH SCHOOL,2021,64.0,35.0,17.0,0.546875,0.4857142857142857,Morgan Hill,Santa Clara,Morgan Hill Unified,43695834333951,High Schools (Public),False,308.0,279.0,90.6,152.0,54.5,280.0,77.1,18.0,29.0,141.0,5.0,23.0,1147.0,474.0,0.4132519616390584,,,,
LIVE OAK HIGH SCHOOL,2022,48.0,29.0,16.0,0.6041666666666666,0.5517241379310345,Morgan Hill,Santa Clara,Morgan Hill Unified,43695834333951,High Schools (Public),False,236.0,217.0,91.9,112.0,51.6,227.0,60.4,16.0,30.0,69.0,6.0,16.0,,,,,,,
LIVE OAK HIGH SCHOOL,2023,51.0,25.0,13.0,0.49019607843137253,0.52,Morgan Hill,Santa Clara,Morgan Hill Unified,43695834333951,High Schools (Public),False,257.0,243.0,94.6,116.0,47.7,244.0,74.6,13.0,31.0,112.0,5.0,21.0,1137.0,437.0,0.3843447669305189,2582.4,2551.4,50.4,25.4
LIVE OAK HIGH SCHOOL,2024,49.0,33.0,15.0,0.673469387755102,0.45454545454545453,Morgan Hill,Santa Clara,Morgan Hill Unified,43695834333951,High Schools (Public),False,243.0,218.0,89.7,102.0,46.8,,,,,,,,1111.0,465.0,0.4185418541854185,2561.6,2512.5,47.5,16.25
LIVE OAK HIGH SCHOOL,2025,58.0,48.0,22.0,0.8275862068965517,0.4583333333333333,Morgan Hill,Santa Clara,Morgan Hill Unified,43695834333951,High Schools (Public),False,268.0,256.0,95.5,126.0,49.2,,,,,,,,1101.0,462.0,0.4196185286103542,2551.4,2522.4,44.11,19.39
LIVERMORE HIGH SCHOOL,2005,73.0,67.0,30.0,0.9178082191780822,0.44776119402985076,Livermore,Alameda,Livermore Valley Joint Unified,01612000134536,High Schools (Public),False,,,,,,,,,,,,,,,,,,,
LIVERMORE HIGH SCHOOL,2006,66.0,59.0,31.0,0.8939393939393939,0.5254237288135594,Livermore,Alameda,Livermore Valley Joint Unified,01612000134536,High Schools (Public),False,,,,,,,,,,,,,,,,,,,
LIVERMORE HIGH SCHOOL,2007,85.0,78.0,44.0,0.9176470588235294,0.5641025641025641,Livermore,Alameda,Livermore Valley Joint Unified,01612000134536,High Schools (Public),False,,,,,,,,,,,,,,,,,,,
LIVERMORE HIGH SCHOOL,2008,78.0,69.0,33.0,0.8846153846153846,0.4782608695652174,Livermore,Alameda,Livermore Valley Joint Unified,01612000134536,High Schools (Public),False,,,,,,,,,,,,,,,,,,,
LIVERMORE HIGH SCHOOL,2009,62.0,57.0,31.0,0.9193548387096774,0.543859649122807,Livermore,Alameda,Livermore Valley Joint Unified,01612000134536,High Schools (Public),False,,,,,,,,,,,,,,,,,,,
LIVERMORE HIGH SCHOOL,2010,79.0,73.0,29.0,0.9240506329113924,0.3972602739726027,Livermore,Alameda,Livermore Valley Joint Unified,01612000134536,High Schools (Public),False,,,,,,,,,,,,,,,,,,,
LIVERMORE HIGH SCHOOL,2011,70.0,52.0,25.0,0.7428571428571429,0.4807692307692308,Livermore,Alameda,Livermore Valley Joint Unified,01612000134536,High Schools (Public),False,,,,,,,,,,,,,,,,,,,
LIVERMORE HIGH SCHOOL,2012,74.0,47.0,26.0,0.6351351351351351,0.5531914893617021,Livermore,Alameda,Livermore Valley Joint Unified,01612000134536,High Schools (Public),False,,,,,,,,,,,,,,,,,,,
LIVERMORE HIGH SCHOOL,2013,68.0,43.0,22.0,0.6323529411764706,0.5116279069767442,Livermore,Alameda,Livermore Valley Joint Unified,01612000134536,High Schools (Public),False,,,,,,,,,,,,,,,,,,,
LIVERMORE HIGH SCHOOL,2014,70.0,46.0,26.0,0.6571428571428571,0.5652173913043478,Livermore,Alameda,Livermore Valley Joint Unified,01612000134536,High Schools (Public),False,,,,,,,,,,,,,1750.0,,,,,,
LIVERMORE HIGH SCHOOL,2015,67.0,40.0,21.0,0.5970149253731343,0.525,Livermore,Alameda,Livermore Valley Joint Unified,01612000134536,High Schools (Public),False,,,,,,364.0,75.5,15.0,47.0,147.0,16.0,50.0,1771.0,430.0,0.2428006775832862,,,,
LIVERMORE HIGH SCHOOL,2016,86.0,65.0,37.0,0.7558139534883721,0.5692307692307692,Livermore,Alameda,Livermore Valley Joint Unified,01612000134536,High Schools (Public),False,,,,,,388.0,77.8,38.0,58.0,140.0,13.0,53.0,1794.0,365.0,0.2034559643255295,2625.6,2605.7,67.0,49.0
LIVERMORE HIGH SCHOOL,2017,76.0,46.0,25.0,0.6052631578947368,0.5434782608695652,Livermore,Alameda,Livermore Valley Joint Unified,01612000134536,High Schools (Public),False,410.0,395.0,96.3,219.0,55.4,396.0,74.2,21.0,55.0,161.0,12.0,45.0,1810.0,371.0,0.2049723756906077,2617.3,2600.6,65.0,45.0
LIVERMORE HIGH SCHOOL,2018,99.0,58.0,29.0,0.5858585858585859,0.5,Livermore,Alameda,Livermore Valley Joint Unified,01612000134536,High Schools (Public),False,463.0,449.0,97.0,253.0,56.3,450.0,77.8,28.0,60.0,187.0,18.0,57.0,1936.0,450.0,0.2324380165289256,2622.9,2605.3,67.4,47.79
LIVERMORE HIGH SCHOOL,2019,101.0,65.0,41.0,0.6435643564356436,0.6307692307692307,Livermore,Alameda,Livermore Valley Joint Unified,01612000134536,High Schools (Public),False,437.0,426.0,97.5,247.0,58.0,429.0,76.2,39.0,53.0,166.0,11.0,58.0,1878.0,458.0,0.2438764643237486,2616.9,2613.4,64.71,47.94
LIVERMORE HIGH SCHOOL,2020,85.0,58.0,34.0,0.6823529411764706,0.5862068965517241,Livermore,Alameda,Livermore Valley Joint Unified,01612000134536,High Schools (Public),False,455.0,445.0,97.8,171.0,38.4,446.0,69.7,34.0,54.0,179.0,7.0,37.0,1856.0,455.0,0.2451508620689655,2606.3,2588.5,60.45,41.31
LIVERMORE HIGH SCHOOL,2021,100.0,58.0,27.0,0.58,0.46551724137931033,Livermore,Alameda,Livermore Valley Joint Unified,01612000134536,High Schools (Public),False,434.0,418.0,96.3,234.0,56.0,420.0,74.8,25.0,35.0,166.0,12.0,76.0,1860.0,428.0,0.2301075268817204,,,,
LIVERMORE HIGH SCHOOL,2022,100.0,58.0,31.0,0.58,0.5344827586206896,Livermore,Alameda,Livermore Valley Joint Unified,01612000134536,High Schools (Public),False,414.0,403.0,97.3,205.0,50.9,409.0,72.1,31.0,41.0,156.0,9.0,58.0,,,,2648.0,2643.0,74.18,59.67
LIVERMORE HIGH SCHOOL,2023,93.0,68.0,41.0,0.7311827956989247,0.6029411764705882,Livermore,Alameda,Livermore Valley Joint Unified,01612000134536,High Schools (Public),False,397.0,388.0,97.7,174.0,44.8,388.0,70.9,40.0,35.0,139.0,14.0,47.0,1765.0,494.0,0.2798866855524079,2600.3,2567.2,56.23,37.46
LIVERMORE HIGH SCHOOL,2024,92.0,70.0,33.0,0.7608695652173914,0.4714285714285714,Livermore,Alameda,Livermore Valley Joint Unified,01612000134536,High Schools (Public),False,446.0,437.0,98.0,193.0,44.2,,,,,,,,1803.0,475.0,0.2634498058790904,2617.2,2568.3,61.82,34.91
LIVERMORE HIGH SCHOOL,2025,102.0,81.0,44.0,0.7941176470588235,0.5432098765432098,Livermore,Alameda,Livermore Valley Joint Unified,01612000134536,High Schools (Public),False,441.0,427.0,96.8,211.0,49.4,,,,,,,,1827.0,429.0,0.2348111658456486,2598.2,2563.9,57.84,36.31
LIVERMORE VALLEY CHARTER PREPA,2014,26.0,15.0,7.0,0.5769230769230769,0.4666666666666667,Livermore,Alameda,,,,,,,,,,,,,,,,,,,,,,,
LIVERMORE VALLEY CHARTER PREPA,2015,29.0,17.0,7.0,0.5862068965517241,0.4117647058823529,Livermore,Alameda,,,,,,,,,,,,,,,,,,,,,,,
LIVERMORE VALLEY CHARTER PREPA,2016,24.0,14.0,6.0,0.5833333333333334,0.42857142857142855,Livermore,Alameda,,,,,,,,,,,,,,,,,,,,,,,
LIVERMORE VALLEY CHARTER PREPA,2017,27.0,18.0,9.0,0.6666666666666666,0.5,Livermore,Alameda,,,,,,,,,,,,,,,,,,,,,,,
LODESTAR LIGHTHOUSE COMM CHARTER SC,2024,10.0,10.0,4.0,1.0,0.4,Oakland,Alameda,,,,,,,,,,,,,,,,,,,,,,,
LODESTAR LIGHTHOUSE COMM CHARTER SC,2025,21.0,16.0,5.0,0.7619047619047619,0.3125,Oakland,Alameda,,,,,,,,,,,,,,,,,,,,,,,
LOS ALTOS HIGH SCHOOL,2005,154.0,145.0,86.0,0.9415584415584416,0.593103448275862,Los Altos,Santa Clara,Mountain View-Los Altos Union High,43696094334116,High Schools (Public),False,,,,,,,,,,,,,,,,,,,
LOS ALTOS HIGH SCHOOL,2006,159.0,146.0,72.0,0.9182389937106918,0.4931506849315068,Los Altos,Santa Clara,Mountain View-Los Altos Union High,43696094334116,High Schools (Public),False,,,,,,,,,,,,,,,,,,,
LOS ALTOS HIGH SCHOOL,2007,176.0,163.0,81.0,0.9261363636363636,0.49693251533742333,Los Altos,Santa Clara,Mountain View-Los Altos Union High,43696094334116,High Schools (Public),False,,,,,,,,,,,,,,,,,,,
LOS ALTOS HIGH SCHOOL,2008,186.0,173.0,93.0,0.9301075268817204,0.5375722543352601,Los Altos,Santa Clara,Mountain View-Los Altos Union High,43696094334116,High Schools (Public),False,,,,,,,,,,,,,,,,,,,
LOS ALTOS HIGH SCHOOL,2009,169.0,153.0,75.0,0.9053254437869822,0.49019607843137253,Los Altos,Santa Clara,Mountain View-Los Altos Union High,43696094334116,High Schools (Public),False,,,,,,,,,,,,,,,,,,,
LOS ALTOS HIGH SCHOOL,2010,175.0,155.0,62.0,0.8857142857142857,0.4,Los Altos,Santa Clara,Mountain View-Los Altos Union High,43696094334116,High Schools (Public),False,,,,,,,,,,,,,,,,,,,
LOS ALTOS HIGH SCHOOL,2011,163.0,140.0,55.0,0.8588957055214724,0.39285714285714285,Los Altos,Santa Clara,Mountain View-Los Altos Union High,43696094334116,High Schools (Public),False,,,,,,,,,,,,,,,,,,,
LOS ALTOS HIGH SCHOOL,2012,213.0,161.0,64.0,0.755868544600939,0.39751552795031053,Los Altos,Santa Clara,Mountain View-Los Altos Union High,43696094334116,High Schools (Public),False,,,,,,,,,,,,,,,,,,,
LOS ALTOS HIGH SCHOOL,2013,203.0,144.0,55.0,0.7093596059113301,0.3819444444444444,Los Altos,Santa Clara,Mountain View-Los Altos Union High,43696094334116,High Schools (Public),False,,,,,,,,,,,,,,,,,,,
LOS ALTOS HIGH SCHOOL,2014,221.0,167.0,68.0,0.755656108597285,0.40718562874251496,Los Altos,Santa Clara,Mountain View-Los Altos Union High,43696094334116,High Schools (Public),False,,,,,,,,,,,,,1782.0,,,,,,
LOS ALTOS HIGH SCHOOL,2015,216.0,161.0,69.0,0.7453703703703703,0.42857142857142855,Los Altos,Santa Clara,Mountain View-Los Altos Union High,43696094334116,High Schools (Public),False,,,,,,393.0,59.5,52.0,44.0,24.0,28.0,86.0,1920.0,390.0,0.203125,,,,
LOS ALTOS HIGH SCHOOL,2016,225.0,169.0,69.0,0.7511111111111111,0.40828402366863903,Los Altos,Santa Clara,Mountain View-Los Altos Union High,43696094334116,High Schools (Public),False,,,,,,474.0,86.1,65.0,53.0,127.0,30.0,133.0,2044.0,311.0,0.1521526418786692,2680.8,2699.4,81.0,72.0
LOS ALTOS HIGH SCHOOL,2017,224.0,165.0,74.0,0.7366071428571429,0.4484848484848485,Los Altos,Santa Clara,Mountain View-Los Altos Union High,43696094334116,High Schools (Public),False,452.0,440.0,97.3,328.0,74.5,448.0,78.6,70.0,43.0,101.0,29.0,109.0,2090.0,329.0,0.1574162679425837,2641.3,2667.8,70.0,67.0
LOS ALTOS HIGH SCHOOL,2018,299.0,221.0,82.0,0.7391304347826086,0.37104072398190047,Los Altos,Santa Clara,Mountain View-Los Altos Union High,43696094334116,High Schools (Public),False,529.0,518.0,97.9,346.0,66.8,516.0,83.5,80.0,59.0,113.0,41.0,138.0,2234.0,460.0,0.2059086839749328,2688.4,2685.5,81.76,69.6
LOS ALTOS HIGH SCHOOL,2019,265.0,173.0,70.0,0.6528301886792452,0.4046242774566474,Los Altos,Santa Clara,Mountain View-Los Altos Union High,43696094334116,High Schools (Public),False,522.0,502.0,96.2,389.0,77.5,511.0,84.7,68.0,48.0,124.0,40.0,153.0,2227.0,371.0,0.1665918275707229,2678.6,2689.7,81.82,70.49
LOS ALTOS HIGH SCHOOL,2020,301.0,242.0,99.0,0.8039867109634552,0.4090909090909091,Los Altos,Santa Clara,Mountain View-Los Altos Union High,43696094334116,High Schools (Public),False,536.0,4.0,0.7,3.0,75.0,517.0,84.3,93.0,49.0,109.0,36.0,149.0,2253.0,362.0,0.1606746560142032,2687.7,2696.1,84.9,70.61
LOS ALTOS HIGH SCHOOL,2021,335.0,222.0,95.0,0.6626865671641791,0.42792792792792794,Los Altos,Santa Clara,Mountain View-Los Altos Union High,43696094334116,High Schools (Public),False,562.0,548.0,97.5,452.0,82.5,551.0,84.0,91.0,58.0,111.0,42.0,161.0,2209.0,278.0,0.1258488003621548,,,,
LOS ALTOS HIGH SCHOOL,2022,335.0,239.0,101.0,0.7134328358208956,0.4225941422594142,Los Altos,Santa Clara,Mountain View-Los Altos Union High,43696094334116,High Schools (Public),False,558.0,547.0,98.0,396.0,72.4,555.0,80.5,95.0,63.0,111.0,36.0,142.0,,,,2700.2,2719.8,83.33,74.02
LOS ALTOS HIGH SCHOOL,2023,338.0,268.0,106.0,0.7928994082840237,0.39552238805970147,Los Altos,Santa Clara,Mountain View-Los Altos Union High,43696094334116,High Schools (Public),False,553.0,529.0,95.7,427.0,80.7,531.0,88.1,104.0,55.0,111.0,33.0,165.0,2141.0,276.0,0.1289117234936945,2708.7,2705.6,84.84,69.68
LOS ALTOS HIGH SCHOOL,2024,324.0,259.0,89.0,0.7993827160493827,0.3436293436293436,Los Altos,Santa Clara,Mountain View-Los Altos Union High,43696094334116,High Schools (Public),False,520.0,490.0,94.2,397.0,81.0,,,,,,,,2114.0,326.0,0.1542100283822138,2698.7,2699.9,84.1,69.98
LOS ALTOS HIGH SCHOOL,2025,333.0,274.0,90.0,0.8228228228228228,0.3284671532846715,Los Altos,Santa Clara,Mountain View-Los Altos Union High,43696094334116,High Schools (Public),False,544.0,527.0,96.9,440.0,83.5,,,,,,,,2170.0,359.0,0.1654377880184331,2671.7,2683.5,76.29,66.53
LOS GATOS HIGH SCHOOL,2005,127.0,115.0,60.0,0.905511811023622,0.5217391304347826,Los Gatos,Santa Clara,Los Gatos-Saratoga Union High,43695344334371,High Schools (Public),False,,,,,,,,,,,,,,,,,,,
LOS GATOS HIGH SCHOOL,2006,149.0,130.0,65.0,0.87248322147651,0.5,Los Gatos,Santa Clara,Los Gatos-Saratoga Union High,43695344334371,High Schools (Public),False,,,,,,,,,,,,,,,,,,,
LOS GATOS HIGH SCHOOL,2007,182.0,167.0,68.0,0.9175824175824175,0.40718562874251496,Los Gatos,Santa Clara,Los Gatos-Saratoga Union High,43695344334371,High Schools (Public),False,,,,,,,,,,,,,,,,,,,
LOS GATOS HIGH SCHOOL,2008,186.0,167.0,73.0,0.8978494623655914,0.437125748502994,Los Gatos,Santa Clara,Los Gatos-Saratoga Union High,43695344334371,High Schools (Public),False,,,,,,,,,,,,,,,,,,,
LOS GATOS HIGH SCHOOL,2009,199.0,176.0,68.0,0.8844221105527639,0.38636363636363635,Los Gatos,Santa Clara,Los Gatos-Saratoga Union High,43695344334371,High Schools (Public),False,,,,,,,,,,,,,,,,,,,
LOS GATOS HIGH SCHOOL,2010,187.0,169.0,67.0,0.9037433155080213,0.39644970414201186,Los Gatos,Santa Clara,Los Gatos-Saratoga Union High,43695344334371,High Schools (Public),False,,,,,,,,,,,,,,,,,,,
LOS GATOS HIGH SCHOOL,2011,141.0,117.0,48.0,0.8297872340425532,0.41025641025641024,Los Gatos,Santa Clara,Los Gatos-Saratoga Union High,43695344334371,High Schools (Public),False,,,,,,,,,,,,,,,,,,,
LOS GATOS HIGH SCHOOL,2012,174.0,128.0,62.0,0.735632183908046,0.484375,Los Gatos,Santa Clara,Los Gatos-Saratoga Union High,43695344334371,High Schools (Public),False,,,,,,,,,,,,,,,,,,,
LOS GATOS HIGH SCHOOL,2013,183.0,116.0,44.0,0.6338797814207651,0.3793103448275862,Los Gatos,Santa Clara,Los Gatos-Saratoga Union High,43695344334371,High Schools (Public),False,,,,,,,,,,,,,,,,,,,
LOS GATOS HIGH SCHOOL,2014,174.0,125.0,56.0,0.7183908045977011,0.448,Los Gatos,Santa Clara,Los Gatos-Saratoga Union High,43695344334371,High Schools (Public),False,,,,,,,,,,,,,1828.0,,,,,,
LOS GATOS HIGH SCHOOL,2015,226.0,149.0,64.0,0.6592920353982301,0.42953020134228187,Los Gatos,Santa Clara,Los Gatos-Saratoga Union High,43695344334371,High Schools (Public),False,,,,,,468.0,74.6,52.0,68.0,62.0,32.0,135.0,1912.0,55.0,0.028765690376569,,,,
LOS GATOS HIGH SCHOOL,2016,213.0,156.0,67.0,0.7323943661971831,0.42948717948717946,Los Gatos,Santa Clara,Los Gatos-Saratoga Union High,43695344334371,High Schools (Public),False,,,,,,452.0,78.5,63.0,48.0,86.0,37.0,121.0,1977.0,52.0,0.0263024785027819,2645.7,2642.3,72.0,56.0
LOS GATOS HIGH SCHOOL,2017,232.0,157.0,69.0,0.6767241379310345,0.4394904458598726,Los Gatos,Santa Clara,Los Gatos-Saratoga Union High,43695344334371,High Schools (Public),False,478.0,465.0,97.3,360.0,77.4,470.0,84.5,66.0,60.0,102.0,38.0,131.0,1999.0,51.0,0.025512756378189,2683.1,2686.9,85.0,72.0
LOS GATOS HIGH SCHOOL,2018,232.0,123.0,55.0,0.5301724137931034,0.44715447154471544,Los Gatos,Santa Clara,Los Gatos-Saratoga Union High,43695344334371,High Schools (Public),False,471.0,456.0,96.8,357.0,78.3,457.0,89.1,56.0,55.0,114.0,45.0,137.0,2061.0,107.0,0.051916545366327,2661.0,2660.3,80.98,65.85
LOS GATOS HIGH SCHOOL,2019,269.0,156.0,70.0,0.5799256505576208,0.44871794871794873,Los Gatos,Santa Clara,Los Gatos-Saratoga Union High,43695344334371,High Schools (Public),False,554.0,538.0,97.1,410.0,76.2,547.0,87.4,69.0,85.0,137.0,42.0,145.0,2138.0,104.0,0.0486435921421889,2657.3,2671.6,79.09,65.54
LOS GATOS HIGH SCHOOL,2020,262.0,183.0,92.0,0.6984732824427481,0.5027322404371585,Los Gatos,Santa Clara,Los Gatos-Saratoga Union High,43695344334371,High Schools (Public),False,522.0,508.0,97.3,393.0,77.4,512.0,87.5,90.0,46.0,120.0,44.0,148.0,2166.0,102.0,0.0470914127423822,2665.7,2680.1,81.02,69.39
LOS GATOS HIGH SCHOOL,2021,273.0,172.0,76.0,0.63003663003663,0.4418604651162791,Los Gatos,Santa Clara,Los Gatos-Saratoga Union High,43695344334371,High Schools (Public),False,540.0,528.0,97.8,434.0,82.2,527.0,86.0,72.0,74.0,104.0,27.0,176.0,2168.0,116.0,0.0535055350553505,,,,
LOS GATOS HIGH SCHOOL,2022,312.0,168.0,71.0,0.5384615384615384,0.4226190476190476,Los Gatos,Santa Clara,Los Gatos-Saratoga Union High,43695344334371,High Schools (Public),False,561.0,545.0,97.1,447.0,82.0,554.0,87.0,62.0,52.0,131.0,53.0,184.0,,,,2679.1,2702.7,82.81,75.4
LOS GATOS HIGH SCHOOL,2023,279.0,178.0,73.0,0.6379928315412187,0.4101123595505618,Los Gatos,Santa Clara,Los Gatos-Saratoga Union High,43695344334371,High Schools (Public),False,547.0,530.0,96.9,441.0,83.2,534.0,89.0,70.0,64.0,137.0,31.0,173.0,2067.0,230.0,0.1112723754233188,2679.7,2673.5,85.63,66.07
LOS GATOS HIGH SCHOOL,2024,273.0,179.0,73.0,0.6556776556776557,0.40782122905027934,Los Gatos,Santa Clara,Los Gatos-Saratoga Union High,43695344334371,High Schools (Public),False,547.0,529.0,96.7,426.0,80.5,,,,,,,,1977.0,227.0,0.114820435002529,2651.6,2665.5,74.9,65.25
LOS GATOS HIGH SCHOOL,2025,292.0,223.0,88.0,0.7636986301369864,0.39461883408071746,Los Gatos,Santa Clara,Los Gatos-Saratoga Union High,43695344334371,High Schools (Public),False,520.0,506.0,97.3,424.0,83.8,,,,,,,,1914.0,131.0,0.0684430512016718,2668.5,2666.8,83.63,63.29
LOWELL HIGH SCHOOL,2005,516.0,475.0,337.0,0.9205426356589147,0.7094736842105264,San Francisco,San Francisco,San Francisco Unified,38684783833407,High Schools (Public),False,,,,,,,,,,,,,,,,,,,
LOWELL HIGH SCHOOL,2006,507.0,479.0,332.0,0.9447731755424064,0.6931106471816284,San Francisco,San Francisco,San Francisco Unified,38684783833407,High Schools (Public),False,,,,,,,,,,,,,,,,,,,
LOWELL HIGH SCHOOL,2007,501.0,467.0,317.0,0.9321357285429142,0.6788008565310493,San Francisco,San Francisco,San Francisco Unified,38684783833407,High Schools (Public),False,,,,,,,,,,,,,,,,,,,
LOWELL HIGH SCHOOL,2008,509.0,462.0,286.0,0.9076620825147348,0.6190476190476191,San Francisco,San Francisco,San Francisco Unified,38684783833407,High Schools (Public),False,,,,,,,,,,,,,,,,,,,
LOWELL HIGH SCHOOL,2009,496.0,442.0,291.0,0.8911290322580645,0.6583710407239819,San Francisco,San Francisco,San Francisco Unified,38684783833407,High Schools (Public),False,,,,,,,,,,,,,,,,,,,
LOWELL HIGH SCHOOL,2010,540.0,491.0,313.0,0.9092592592592592,0.6374745417515275,San Francisco,San Francisco,San Francisco Unified,38684783833407,High Schools (Public),False,,,,,,,,,,,,,,,,,,,
LOWELL HIGH SCHOOL,2011,531.0,447.0,309.0,0.8418079096045198,0.6912751677852349,San Francisco,San Francisco,San Francisco Unified,38684783833407,High Schools (Public),False,,,,,,,,,,,,,,,,,,,
LOWELL HIGH SCHOOL,2012,503.0,394.0,264.0,0.7833001988071571,0.6700507614213198,San Francisco,San Francisco,San Francisco Unified,38684783833407,High Schools (Public),False,,,,,,,,,,,,,,,,,,,
LOWELL HIGH SCHOOL,2013,498.0,378.0,243.0,0.7590361445783133,0.6428571428571429,San Francisco,San Francisco,San Francisco Unified,38684783833407,High Schools (Public),False,,,,,,,,,,,,,,,,,,,
LOWELL HIGH SCHOOL,2014,545.0,416.0,263.0,0.763302752293578,0.6322115384615384,San Francisco,San Francisco,San Francisco Unified,38684783833407,High Schools (Public),False,,,,,,,,,,,,,2696.0,,,,,,
LOWELL HIGH SCHOOL,2015,539.0,416.0,277.0,0.7717996289424861,0.6658653846153846,San Francisco,San Francisco,San Francisco Unified,38684783833407,High Schools (Public),False,,,,,,681.0,86.9,249.0,89.0,127.0,33.0,94.0,2718.0,1292.0,0.4753495217071376,,,,
LOWELL HIGH SCHOOL,2016,515.0,419.0,259.0,0.8135922330097087,0.6181384248210023,San Francisco,San Francisco,San Francisco Unified,38684783833407,High Schools (Public),False,,,,,,630.0,91.4,249.0,86.0,114.0,50.0,77.0,2685.0,1067.0,0.3973929236499069,2699.0,2712.7,92.0,85.0
LOWELL HIGH SCHOOL,2017,555.0,413.0,250.0,0.7441441441441441,0.6053268765133172,San Francisco,San Francisco,San Francisco Unified,38684783833407,High Schools (Public),False,681.0,664.0,97.5,624.0,94.0,666.0,88.1,226.0,113.0,123.0,39.0,86.0,2720.0,1046.0,0.3845588235294118,2707.3,2733.1,94.0,89.0
LOWELL HIGH SCHOOL,2018,562.0,407.0,242.0,0.7241992882562278,0.5945945945945946,San Francisco,San Francisco,San Francisco Unified,38684783833407,High Schools (Public),False,677.0,671.0,99.1,591.0,88.1,662.0,92.9,236.0,111.0,122.0,54.0,92.0,2731.0,963.0,0.3526180886122299,2713.9,2741.3,94.62,89.63
LOWELL HIGH SCHOOL,2019,515.0,376.0,215.0,0.7300970873786408,0.5718085106382979,San Francisco,San Francisco,San Francisco Unified,38684783833407,High Schools (Public),False,650.0,646.0,99.4,588.0,91.0,636.0,86.5,206.0,105.0,97.0,47.0,95.0,2774.0,982.0,0.354001441961067,2706.8,2729.4,93.27,86.71
LOWELL HIGH SCHOOL,2020,573.0,473.0,304.0,0.8254799301919721,0.642706131078224,San Francisco,San Francisco,San Francisco Unified,38684783833407,High Schools (Public),False,710.0,681.0,95.9,616.0,90.5,685.0,87.9,286.0,88.0,96.0,46.0,86.0,2871.0,941.0,0.3277603622431209,2706.7,2729.5,92.87,83.92
LOWELL HIGH SCHOOL,2021,598.0,445.0,278.0,0.7441471571906354,0.6247191011235955,San Francisco,San Francisco,San Francisco Unified,38684783833407,High Schools (Public),False,700.0,691.0,98.7,628.0,90.9,690.0,89.0,266.0,75.0,123.0,42.0,108.0,2786.0,936.0,0.3359655419956927,,,,
LOWELL HIGH SCHOOL,2022,603.0,446.0,292.0,0.7396351575456053,0.6547085201793722,San Francisco,San Francisco,San Francisco Unified,38684783833407,High Schools (Public),False,712.0,700.0,98.3,632.0,90.3,693.0,91.1,277.0,112.0,106.0,34.0,101.0,,,,,,,
LOWELL HIGH SCHOOL,2023,598.0,471.0,276.0,0.7876254180602007,0.5859872611464968,San Francisco,San Francisco,San Francisco Unified,38684783833407,High Schools (Public),False,678.0,667.0,98.4,610.0,91.5,654.0,92.5,260.0,111.0,97.0,30.0,107.0,2632.0,978.0,0.371580547112462,2731.2,2738.1,96.43,85.37
LOWELL HIGH SCHOOL,2024,537.0,442.0,263.0,0.8230912476722533,0.5950226244343891,San Francisco,San Francisco,San Francisco Unified,38684783833407,High Schools (Public),False,648.0,618.0,95.4,579.0,93.7,,,,,,,,2540.0,984.0,0.3874015748031496,2724.0,2736.2,93.43,83.16
LOWELL HIGH SCHOOL,2025,443.0,373.0,201.0,0.8419864559819413,0.5388739946380697,San Francisco,San Francisco,San Francisco Unified,38684783833407,High Schools (Public),False,624.0,587.0,94.1,488.0,83.1,,,,,,,,2571.0,1093.0,0.425126409957215,2681.1,2678.5,84.5,66.29
LPS OAKLAND R&D CAMPUS,2014,11.0,7.0,7.0,0.6363636363636364,1.0,Oakland,Alameda,Alameda County Office of Education,01100170126748,High Schools (Public),True,,,,,,,,,,,,,,,,,,,
LPS OAKLAND R&D CAMPUS,2015,15.0,8.0,6.0,0.5333333333333333,0.75,Oakland,Alameda,Alameda County Office of Education,01100170126748,High Schools (Public),True,,,,,,,,,,,,,,,,,,,
LPS OAKLAND R&D CAMPUS,2016,28.0,15.0,10.0,0.5357142857142857,0.6666666666666666,Oakland,Alameda,Alameda County Office of Education,01100170126748,High Schools (Public),True,,,,,,,,,,,,,,,,,,,
LPS OAKLAND R&D CAMPUS,2017,23.0,14.0,12.0,0.6086956521739131,0.8571428571428571,Oakland,Alameda,Alameda County Office of Education,01100170126748,High Schools (Public),True,,,,,,,,,,,,,,,,,,,
LPS OAKLAND R&D CAMPUS,2018,26.0,17.0,9.0,0.6538461538461539,0.5294117647058824,Oakland,Alameda,Alameda County Office of Education,01100170126748,High Schools (Public),True,,,,,,,,,,,,,,,,,,,
LPS OAKLAND R&D CAMPUS,2019,32.0,22.0,5.0,0.6875,0.22727272727272727,Oakland,Alameda,Alameda County Office of Education,01100170126748,High Schools (Public),True,,,,,,,,,,,,,,,,,,,
LPS OAKLAND R&D CAMPUS,2020,27.0,23.0,17.0,0.8518518518518519,0.7391304347826086,Oakland,Alameda,Alameda County Office of Education,01100170126748,High Schools (Public),True,,,,,,,,,,,,,,,,,,,
LPS OAKLAND R&D CAMPUS,2021,21.0,21.0,11.0,1.0,0.5238095238095238,Oakland,Alameda,Alameda County Office of Education,01100170126748,High Schools (Public),True,,,,,,,,,,,,,,,,,,,
LPS OAKLAND R&D CAMPUS,2022,28.0,24.0,8.0,0.8571428571428571,0.3333333333333333,Oakland,Alameda,Alameda County Office of Education,01100170126748,High Schools (Public),True,,,,,,,,,,,,,,,,,,,
LPS OAKLAND R&D CAMPUS,2023,18.0,10.0,4.0,0.5555555555555556,0.4,Oakland,Alameda,Alameda County Office of Education,01100170126748,High Schools (Public),True,,,,,,,,,,,,,,,,,,,
LPS OAKLAND R&D CAMPUS,2024,20.0,20.0,10.0,1.0,0.5,Oakland,Alameda,Alameda County Office of Education,01100170126748,High Schools (Public),True,,,,,,,,,,,,,,,,,,,
LPS OAKLAND R&D CAMPUS,2025,7.0,4,,0.5714285714285714,,Oakland,Alameda,Alameda County Office of Education,01100170126748,High Schools (Public),True,,,,,,,,,,,,,,,,,,,
LUIS VALDEZ LEADERSHIP ACADEMY,2018,42.0,21.0,8.0,0.5,0.38095238095238093,San Jose,Santa Clara,East Side Union High,43694270130856,High Schools (Public),True,99.0,89.0,89.9,62.0,69.7,90.0,86.7,10.0,27.0,28.0,8.0,5.0,380.0,279.0,0.7342105263157894,2538.2,2492.4,34.04,6.32
LUIS VALDEZ LEADERSHIP ACADEMY,2019,48.0,35.0,12.0,0.7291666666666666,0.34285714285714286,San Jose,Santa Clara,East Side Union High,43694270130856,High Schools (Public),True,98.0,95.0,96.9,70.0,73.7,97.0,68.0,12.0,31.0,21.0,0.0,2.0,363.0,276.0,0.7603305785123967,2538.8,2504.7,34.0,10.2
LUIS VALDEZ LEADERSHIP ACADEMY,2020,32.0,26.0,9.0,0.8125,0.34615384615384615,San Jose,Santa Clara,East Side Union High,43694270130856,High Schools (Public),True,70.0,67.0,95.7,44.0,65.7,68.0,69.1,9.0,16.0,21.0,0.0,1.0,346.0,253.0,0.7312138728323699,2551.6,2533.9,39.73,17.14
LUIS VALDEZ LEADERSHIP ACADEMY,2021,22.0,20.0,9.0,0.9090909090909091,0.45,San Jose,Santa Clara,East Side Union High,43694270130856,High Schools (Public),True,77.0,76.0,98.7,45.0,59.2,77.0,68.8,8.0,10.0,32.0,3.0,0.0,343.0,130.0,0.3790087463556851,,,,
LUIS VALDEZ LEADERSHIP ACADEMY,2022,17.0,11.0,7.0,0.6470588235294118,0.6363636363636364,San Jose,Santa Clara,East Side Union High,43694270130856,High Schools (Public),True,76.0,73.0,96.1,43.0,58.9,73.0,57.5,7.0,7.0,26.0,1.0,1.0,,,,,,,
LUIS VALDEZ LEADERSHIP ACADEMY,2023,20.0,15.0,5.0,0.75,0.3333333333333333,San Jose,Santa Clara,East Side Union High,43694270130856,High Schools (Public),True,85.0,81.0,95.3,45.0,55.6,81.0,67.9,4.0,11.0,34.0,5.0,1.0,270.0,205.0,0.7592592592592593,2528.7,2473.9,30.77,2.2
LUIS VALDEZ LEADERSHIP ACADEMY,2024,14.0,14.0,5.0,1.0,0.35714285714285715,San Jose,Santa Clara,East Side Union High,43694270130856,High Schools (Public),True,51.0,47.0,92.2,34.0,72.3,,,,,,,,234.0,174.0,0.7435897435897436,2547.9,2517.4,41.18,15.69
LUIS VALDEZ LEADERSHIP ACADEMY,2025,11.0,9.0,3.0,0.8181818181818182,0.3333333333333333,San Jose,Santa Clara,East Side Union High,43694270130856,High Schools (Public),True,58.0,55.0,94.8,30.0,54.5,,,,,,,,225.0,188.0,0.8355555555555556,2538.4,2492.4,36.67,6.67
LYNBROOK HIGH SCHOOL,2005,264.0,249.0,172.0,0.9431818181818182,0.6907630522088354,San Jose,Santa Clara,Fremont Union High,43694684334421,High Schools (Public),False,,,,,,,,,,,,,,,,,,,
LYNBROOK HIGH SCHOOL,2006,309.0,294.0,210.0,0.9514563106796117,0.7142857142857143,San Jose,Santa Clara,Fremont Union High,43694684334421,High Schools (Public),False,,,,,,,,,,,,,,,,,,,
LYNBROOK HIGH SCHOOL,2007,301.0,291.0,178.0,0.9667774086378738,0.6116838487972509,San Jose,Santa Clara,Fremont Union High,43694684334421,High Schools (Public),False,,,,,,,,,,,,,,,,,,,
LYNBROOK HIGH SCHOOL,2008,363.0,348.0,223.0,0.9586776859504132,0.6408045977011494,San Jose,Santa Clara,Fremont Union High,43694684334421,High Schools (Public),False,,,,,,,,,,,,,,,,,,,
LYNBROOK HIGH SCHOOL,2009,341.0,315.0,196.0,0.9237536656891495,0.6222222222222222,San Jose,Santa Clara,Fremont Union High,43694684334421,High Schools (Public),False,,,,,,,,,,,,,,,,,,,
LYNBROOK HIGH SCHOOL,2010,360.0,337.0,195.0,0.9361111111111111,0.5786350148367952,San Jose,Santa Clara,Fremont Union High,43694684334421,High Schools (Public),False,,,,,,,,,,,,,,,,,,,
LYNBROOK HIGH SCHOOL,2011,330.0,280.0,141.0,0.8484848484848485,0.5035714285714286,San Jose,Santa Clara,Fremont Union High,43694684334421,High Schools (Public),False,,,,,,,,,,,,,,,,,,,
LYNBROOK HIGH SCHOOL,2012,319.0,272.0,135.0,0.8526645768025078,0.4963235294117647,San Jose,Santa Clara,Fremont Union High,43694684334421,High Schools (Public),False,,,,,,,,,,,,,,,,,,,
LYNBROOK HIGH SCHOOL,2013,332.0,285.0,114.0,0.858433734939759,0.4,San Jose,Santa Clara,Fremont Union High,43694684334421,High Schools (Public),False,,,,,,,,,,,,,,,,,,,
LYNBROOK HIGH SCHOOL,2014,349.0,289.0,133.0,0.828080229226361,0.4602076124567474,San Jose,Santa Clara,Fremont Union High,43694684334421,High Schools (Public),False,,,,,,,,,,,,,1861.0,,,,,,
LYNBROOK HIGH SCHOOL,2015,371.0,309.0,133.0,0.8328840970350404,0.43042071197411,San Jose,Santa Clara,Fremont Union High,43694684334421,High Schools (Public),False,,,,,,461.0,78.1,90.0,36.0,51.0,46.0,137.0,1853.0,89.0,0.048030221262817,,,,
LYNBROOK HIGH SCHOOL,2016,356.0,315.0,164.0,0.8848314606741573,0.5206349206349207,San Jose,Santa Clara,Fremont Union High,43694684334421,High Schools (Public),False,,,,,,447.0,91.1,159.0,33.0,61.0,27.0,127.0,1788.0,87.0,0.0486577181208053,2714.5,2766.4,93.0,93.0
LYNBROOK HIGH SCHOOL,2017,358.0,303.0,124.0,0.8463687150837989,0.40924092409240925,San Jose,Santa Clara,Fremont Union High,43694684334421,High Schools (Public),False,459.0,439.0,95.6,403.0,91.8,445.0,87.0,113.0,35.0,67.0,30.0,142.0,1766.0,75.0,0.0424688561721404,2719.1,2774.0,91.0,91.0
LYNBROOK HIGH SCHOOL,2018,372.0,313.0,145.0,0.8413978494623656,0.46325878594249204,San Jose,Santa Clara,Fremont Union High,43694684334421,High Schools (Public),False,461.0,446.0,96.7,402.0,90.1,451.0,91.8,137.0,41.0,51.0,44.0,141.0,1848.0,129.0,0.0698051948051948,2730.6,2776.4,93.33,91.74
LYNBROOK HIGH SCHOOL,2019,305.0,242.0,122.0,0.7934426229508197,0.5041322314049587,San Jose,Santa Clara,Fremont Union High,43694684334421,High Schools (Public),False,395.0,378.0,95.7,347.0,91.8,381.0,91.3,117.0,31.0,59.0,29.0,112.0,1880.0,103.0,0.0547872340425531,2724.0,2767.3,93.14,90.24
LYNBROOK HIGH SCHOOL,2020,362.0,308.0,125.0,0.850828729281768,0.40584415584415584,San Jose,Santa Clara,Fremont Union High,43694684334421,High Schools (Public),False,443.0,430.0,97.1,395.0,91.9,433.0,91.5,118.0,37.0,49.0,41.0,151.0,1944.0,108.0,0.0555555555555555,2731.0,2784.6,94.63,93.01
LYNBROOK HIGH SCHOOL,2021,448.0,370.0,137.0,0.8258928571428571,0.37027027027027026,San Jose,Santa Clara,Fremont Union High,43694684334421,High Schools (Public),False,531.0,517.0,97.4,471.0,91.1,520.0,91.9,124.0,45.0,59.0,38.0,212.0,1942.0,94.0,0.0484037075180226,,,,
LYNBROOK HIGH SCHOOL,2022,389.0,311.0,153.0,0.7994858611825193,0.4919614147909968,San Jose,Santa Clara,Fremont Union High,43694684334421,High Schools (Public),False,462.0,458.0,99.1,414.0,90.4,462.0,89.8,141.0,34.0,59.0,33.0,148.0,,,,2764.1,2828.5,98.7,100.0
LYNBROOK HIGH SCHOOL,2023,398.0,323.0,103.0,0.8115577889447236,0.3188854489164087,San Jose,Santa Clara,Fremont Union High,43694684334421,High Schools (Public),False,451.0,441.0,97.8,412.0,93.4,445.0,90.3,92.0,35.0,56.0,17.0,202.0,1741.0,77.0,0.0442274554853532,2738.2,2805.4,95.82,95.31
LYNBROOK HIGH SCHOOL,2024,371.0,311.0,122.0,0.8382749326145552,0.39228295819935693,San Jose,Santa Clara,Fremont Union High,43694684334421,High Schools (Public),False,437.0,427.0,97.7,389.0,91.1,,,,,,,,1720.0,96.0,0.055813953488372,2731.9,2782.6,94.06,90.76
LYNBROOK HIGH SCHOOL,2025,342.0,300.0,97.0,0.8771929824561403,0.3233333333333333,San Jose,Santa Clara,Fremont Union High,43694684334421,High Schools (Public),False,407.0,397.0,97.5,370.0,93.2,,,,,,,,1702.0,111.0,0.0652173913043478,2731.2,2792.6,93.72,92.21
MACSA ACADEMIA CALMECAC,2005,21.0,6.0,4.0,0.2857142857142857,0.6666666666666666,San Jose,Santa Clara,,,,,,,,,,,,,,,,,,,,,,,
MACSA ACADEMIA CALMECAC,2006,23.0,7.0,4.0,0.30434782608695654,0.5714285714285714,San Jose,Santa Clara,,,,,,,,,,,,,,,,,,,,,,,
MACSA ACADEMIA CALMECAC,2007,12.0,8.0,3.0,0.6666666666666666,0.375,San Jose,Santa Clara,,,,,,,,,,,,,,,,,,,,,,,
MACSA ACADEMIA CALMECAC,2009,14.0,11,,0.7857142857142857,,San Jose,Santa Clara,,,,,,,,,,,,,,,,,,,,,,,
MADISON PARK ACADEMY,2017,22.0,14.0,8.0,0.6363636363636364,0.5714285714285714,Oakland,Alameda,Oakland Unified,01612596066450,K-12 Schools (Public),False,54.0,49.0,90.7,33.0,67.3,49.0,49.0,6.0,7.0,7.0,0.0,4.0,768.0,717.0,0.93359375,2530.1,2496.6,32.0,13.0
MADISON PARK ACADEMY,2018,27.0,15.0,12.0,0.5555555555555556,0.8,Oakland,Alameda,Oakland Unified,01612596066450,K-12 Schools (Public),False,70.0,64.0,91.4,45.0,70.3,64.0,68.8,11.0,14.0,13.0,5.0,1.0,772.0,724.0,0.9378238341968912,2552.4,2526.1,43.04,15.19
MADISON PARK ACADEMY,2019,14.0,7.0,4.0,0.5,0.5714285714285714,Oakland,Alameda,Oakland Unified,01612596066450,K-12 Schools (Public),False,90.0,82.0,91.1,57.0,69.5,82.0,46.3,5.0,14.0,16.0,1.0,2.0,774.0,732.0,0.9457364341085271,2480.3,2487.9,23.4,10.31
MADISON PARK ACADEMY,2020,16.0,11.0,6.0,0.6875,0.5454545454545454,Oakland,Alameda,Oakland Unified,01612596066450,K-12 Schools (Public),False,94.0,92.0,97.9,66.0,71.7,95.0,55.8,7.0,17.0,19.0,7.0,3.0,725.0,680.0,0.9379310344827586,2498.2,2464.5,24.47,3.33
MADISON PARK ACADEMY,2021,36.0,30.0,10.0,0.8333333333333334,0.3333333333333333,Oakland,Alameda,Oakland Unified,01612596066450,K-12 Schools (Public),False,84.0,79.0,94.0,58.0,73.4,80.0,50.0,10.0,20.0,10.0,0.0,0.0,754.0,694.0,0.920424403183024,,,,
MADISON PARK ACADEMY,2022,18.0,15,,0.8333333333333334,,Oakland,Alameda,Oakland Unified,01612596066450,K-12 Schools (Public),False,84.0,82.0,97.6,36.0,43.9,82.0,50.0,2.0,14.0,21.0,2.0,2.0,,,,,,,
MADISON PARK ACADEMY,2023,24.0,14.0,3.0,0.5833333333333334,0.21428571428571427,Oakland,Alameda,Oakland Unified,01612596066450,K-12 Schools (Public),False,94.0,82.0,87.2,26.0,31.7,81.0,53.1,3.0,25.0,11.0,3.0,1.0,674.0,656.0,0.973293768545994,2551.4,2473.2,46.67,9.09
MADISON PARK ACADEMY,2024,22.0,18.0,4.0,0.8181818181818182,0.2222222222222222,Oakland,Alameda,Oakland Unified,01612596066450,K-12 Schools (Public),False,87.0,77.0,88.5,54.0,70.1,,,,,,,,664.0,661.0,0.9954819277108434,2545.0,2481.3,41.18,11.49
MADISON PARK ACADEMY,2025,23.0,20.0,4.0,0.8695652173913043,0.2,Oakland,Alameda,Oakland Unified,01612596066450,K-12 Schools (Public),False,95.0,83.0,87.4,66.0,79.5,,,,,,,,676.0,665.0,0.9837278106508875,2509.9,2443.6,29.67,8.7
MAGNOLIA SCI ACDMY-SANTA CLARA,2016,8.0,3.0,3.0,0.375,1.0,San Jose,Santa Clara,,,,,,,,,,,,,,,,,,,,,,,
MAKING WAVES ACADEMY,2015,34.0,15.0,13.0,0.4411764705882353,0.8666666666666667,Richmond,Contra Costa,Contra Costa County Office of Education,07100740114470,K-12 Schools (Public),True,,,,,,70.0,84.3,10.0,19.0,21.0,3.0,6.0,760.0,631.0,0.8302631578947368,,,,
MAKING WAVES ACADEMY,2016,32.0,22.0,14.0,0.6875,0.6363636363636364,Richmond,Contra Costa,Contra Costa County Office of Education,07100740114470,K-12 Schools (Public),True,,,,,,71.0,91.5,13.0,21.0,24.0,5.0,2.0,759.0,613.0,0.8076416337285902,2640.3,2602.8,69.0,42.0
MAKING WAVES ACADEMY,2017,35.0,22.0,13.0,0.6285714285714286,0.5909090909090909,Richmond,Contra Costa,Contra Costa County Office of Education,07100740114470,K-12 Schools (Public),True,75.0,71.0,94.7,71.0,100.0,75.0,89.3,12.0,39.0,15.0,0.0,1.0,781.0,659.0,0.8437900128040973,2618.8,2615.2,68.0,46.0
MAKING WAVES ACADEMY,2018,39.0,14.0,10.0,0.358974358974359,0.7142857142857143,Richmond,Contra Costa,Contra Costa County Office of Education,07100740114470,K-12 Schools (Public),True,72.0,68.0,94.4,68.0,100.0,71.0,90.1,10.0,34.0,17.0,2.0,1.0,795.0,683.0,0.8591194968553459,2648.9,2605.2,79.41,44.12
MAKING WAVES ACADEMY,2019,58.0,32.0,18.0,0.5517241379310345,0.5625,Richmond,Contra Costa,Contra Costa County Office of Education,07100740114470,K-12 Schools (Public),True,78.0,77.0,98.7,77.0,100.0,81.0,84.0,18.0,41.0,5.0,1.0,3.0,940.0,781.0,0.8308510638297872,2629.4,2586.9,68.75,33.75
MAKING WAVES ACADEMY,2020,66.0,58.0,33.0,0.8787878787878788,0.5689655172413793,Richmond,Contra Costa,Contra Costa County Office of Education,07100740114470,K-12 Schools (Public),True,89.0,84.0,94.4,84.0,100.0,86.0,84.9,32.0,26.0,8.0,2.0,5.0,1021.0,792.0,0.7757100881488737,2651.0,2599.1,78.16,40.23
MAKING WAVES ACADEMY,2021,68.0,62.0,33.0,0.9117647058823529,0.532258064516129,Richmond,Contra Costa,Contra Costa County Office of Education,07100740114470,K-12 Schools (Public),True,104.0,92.0,88.5,92.0,100.0,93.0,79.6,32.0,18.0,15.0,4.0,5.0,1084.0,762.0,0.7029520295202952,,,,
MAKING WAVES ACADEMY,2022,54.0,54.0,18.0,1.0,0.3333333333333333,Richmond,Contra Costa,Contra Costa County Office of Education,07100740114470,K-12 Schools (Public),True,97.0,84.0,86.6,71.0,84.5,90.0,77.8,17.0,26.0,21.0,4.0,2.0,,,,2605.2,2537.8,58.89,14.61
MAKING WAVES ACADEMY,2023,64.0,60.0,31.0,0.9375,0.5166666666666667,Richmond,Contra Costa,Contra Costa County Office of Education,07100740114470,K-12 Schools (Public),True,95.0,86.0,90.5,86.0,100.0,90.0,83.3,30.0,22.0,15.0,4.0,4.0,1124.0,939.0,0.8354092526690391,2627.7,2536.0,72.45,25.25
MAKING WAVES ACADEMY,2024,39.0,36.0,24.0,0.9230769230769231,0.6666666666666666,Richmond,Contra Costa,Contra Costa County Office of Education,07100740114470,K-12 Schools (Public),True,93.0,80.0,86.0,80.0,100.0,,,,,,,,1103.0,863.0,0.7824116047144152,2584.1,2511.9,51.76,14.12
MAKING WAVES ACADEMY,2025,68.0,63.0,21.0,0.9264705882352942,0.3333333333333333,Richmond,Contra Costa,Contra Costa County Office of Education,07100740114470,K-12 Schools (Public),True,143.0,134.0,93.7,134.0,100.0,,,,,,,,1078.0,861.0,0.7987012987012987,2619.2,2538.2,67.57,21.62
MANDELA HIGH SCHOOL,2006,6.0,6.0,3.0,1.0,0.5,Oakland,Alameda,,,,,,,,,,,,,,,,,,,,,,,
MANDELA HIGH SCHOOL,2007,8.0,7.0,4.0,0.875,0.5714285714285714,Oakland,Alameda,,,,,,,,,,,,,,,,,,,,,,,
MANDELA HIGH SCHOOL,2008,5.0,3,,0.6,,Oakland,Alameda,,,,,,,,,,,,,,,,,,,,,,,
MANDELA HIGH SCHOOL,2009,12.0,10,,0.8333333333333334,,Oakland,Alameda,,,,,,,,,,,,,,,,,,,,,,,
MANDELA HIGH SCHOOL,2010,10.0,5,,0.5,,Oakland,Alameda,,,,,,,,,,,,,,,,,,,,,,,
MANDELA HIGH SCHOOL,2011,11.0,9.0,3.0,0.8181818181818182,0.3333333333333333,Oakland,Alameda,,,,,,,,,,,,,,,,,,,,,,,
MANDELA HIGH SCHOOL,2012,17.0,9.0,5.0,0.5294117647058824,0.5555555555555556,Oakland,Alameda,,,,,,,,,,,,,,,,,,,,,,,
MARE ISLAND TECHNOLOGY ACADEMY,2005,6.0,3,,0.5,,Vallejo,Solano,Vallejo City Unified,48705814830196,High Schools (Public),True,,,,,,,,,,,,,,,,,,,
MARE ISLAND TECHNOLOGY ACADEMY,2008,8.0,3,,0.375,,Vallejo,Solano,Vallejo City Unified,48705814830196,High Schools (Public),True,,,,,,,,,,,,,,,,,,,
MARE ISLAND TECHNOLOGY ACADEMY,2009,5.0,,,,,Vallejo,Solano,Vallejo City Unified,48705814830196,High Schools (Public),True,,,,,,,,,,,,,,,,,,,
MARE ISLAND TECHNOLOGY ACADEMY,2011,10.0,4.0,3.0,0.4,0.75,Vallejo,Solano,Vallejo City Unified,48705814830196,High Schools (Public),True,,,,,,,,,,,,,,,,,,,
MARE ISLAND TECHNOLOGY ACADEMY,2012,8.0,,,,,Vallejo,Solano,Vallejo City Unified,48705814830196,High Schools (Public),True,,,,,,,,,,,,,,,,,,,
MARE ISLAND TECHNOLOGY ACADEMY,2013,6.0,5.0,3.0,0.8333333333333334,0.6,Vallejo,Solano,Vallejo City Unified,48705814830196,High Schools (Public),True,,,,,,,,,,,,,,,,,,,
MARE ISLAND TECHNOLOGY ACADEMY,2014,7.0,4,,0.5714285714285714,,Vallejo,Solano,Vallejo City Unified,48705814830196,High Schools (Public),True,,,,,,,,,,,,,372.0,,,,,,
MARE ISLAND TECHNOLOGY ACADEMY,2015,29.0,16.0,9.0,0.5517241379310345,0.5625,Vallejo,Solano,Vallejo City Unified,48705814830196,High Schools (Public),True,,,,,,55.0,85.5,8.0,12.0,23.0,3.0,1.0,379.0,212.0,0.5593667546174143,,,,
MARE ISLAND TECHNOLOGY ACADEMY,2016,26.0,14.0,4.0,0.5384615384615384,0.2857142857142857,Vallejo,Solano,Vallejo City Unified,48705814830196,High Schools (Public),True,,,,,,61.0,68.9,3.0,10.0,23.0,3.0,3.0,414.0,249.0,0.6014492753623188,2607.3,2588.4,68.0,28.0
MARE ISLAND TECHNOLOGY ACADEMY,2017,38.0,28.0,18.0,0.7368421052631579,0.6428571428571429,Vallejo,Solano,Vallejo City Unified,48705814830196,High Schools (Public),True,90.0,80.0,88.9,80.0,100.0,82.0,76.8,15.0,19.0,26.0,3.0,0.0,470.0,243.0,0.5170212765957447,2602.7,2585.8,61.0,35.0
MARE ISLAND TECHNOLOGY ACADEMY,2018,30.0,21.0,8.0,0.7,0.38095238095238093,Vallejo,Solano,Vallejo City Unified,48705814830196,High Schools (Public),True,78.0,70.0,89.7,70.0,100.0,73.0,72.6,7.0,7.0,35.0,2.0,2.0,492.0,280.0,0.5691056910569106,2598.4,2566.5,61.8,33.33
MARE ISLAND TECHNOLOGY ACADEMY,2019,32.0,20.0,13.0,0.625,0.65,Vallejo,Solano,Vallejo City Unified,48705814830196,High Schools (Public),True,116.0,107.0,92.2,107.0,100.0,108.0,62.0,11.0,17.0,39.0,0.0,0.0,525.0,293.0,0.5580952380952381,2602.2,2570.9,62.81,27.64
MARE ISLAND TECHNOLOGY ACADEMY,2020,43.0,26.0,14.0,0.6046511627906976,0.5384615384615384,Vallejo,Solano,Vallejo City Unified,48705814830196,High Schools (Public),True,127.0,110.0,86.6,110.0,100.0,115.0,80.0,14.0,34.0,36.0,4.0,4.0,551.0,291.0,0.5281306715063521,2626.8,2585.0,66.41,35.38
MARE ISLAND TECHNOLOGY ACADEMY,2021,25.0,17.0,8.0,0.68,0.47058823529411764,Vallejo,Solano,Vallejo City Unified,48705814830196,High Schools (Public),True,116.0,93.0,80.2,78.0,83.9,97.0,58.8,7.0,12.0,36.0,0.0,2.0,513.0,239.0,0.46588693957115,,,,
MARE ISLAND TECHNOLOGY ACADEMY,2022,24.0,15.0,7.0,0.625,0.4666666666666667,Vallejo,Solano,Vallejo City Unified,48705814830196,High Schools (Public),True,105.0,97.0,92.4,70.0,72.2,106.0,71.7,7.0,17.0,43.0,8.0,1.0,,,,,,,
MARE ISLAND TECHNOLOGY ACADEMY,2023,22.0,12.0,7.0,0.5454545454545454,0.5833333333333334,Vallejo,Solano,Vallejo City Unified,48705814830196,High Schools (Public),True,102.0,93.0,91.2,71.0,76.3,91.0,64.8,7.0,20.0,31.0,0.0,1.0,433.0,216.0,0.4988452655889145,2582.3,2542.1,56.0,22.22
MARE ISLAND TECHNOLOGY ACADEMY,2024,17.0,8.0,3.0,0.47058823529411764,0.375,Vallejo,Solano,Vallejo City Unified,48705814830196,High Schools (Public),True,110.0,101.0,91.8,62.0,61.4,,,,,,,,479.0,309.0,0.6450939457202505,2568.4,2537.2,52.34,20.75
MARE ISLAND TECHNOLOGY ACADEMY,2025,20.0,15.0,10.0,0.75,0.6666666666666666,Vallejo,Solano,Vallejo City Unified,48705814830196,High Schools (Public),True,102.0,96.0,94.1,77.0,80.2,,,,,,,,473.0,299.0,0.6321353065539113,2575.4,2507.0,55.77,17.31
MARIA CARRILLO HIGH SCHOOL,2005,55.0,50.0,24.0,0.9090909090909091,0.48,Santa Rosa,Sonoma,Santa Rosa High,49709204930244,High Schools (Public),False,,,,,,,,,,,,,,,,,,,
MARIA CARRILLO HIGH SCHOOL,2006,83.0,79.0,40.0,0.9518072289156626,0.5063291139240507,Santa Rosa,Sonoma,Santa Rosa High,49709204930244,High Schools (Public),False,,,,,,,,,,,,,,,,,,,
MARIA CARRILLO HIGH SCHOOL,2007,88.0,79.0,34.0,0.8977272727272727,0.43037974683544306,Santa Rosa,Sonoma,Santa Rosa High,49709204930244,High Schools (Public),False,,,,,,,,,,,,,,,,,,,
MARIA CARRILLO HIGH SCHOOL,2008,83.0,76.0,44.0,0.9156626506024096,0.5789473684210527,Santa Rosa,Sonoma,Santa Rosa High,49709204930244,High Schools (Public),False,,,,,,,,,,,,,,,,,,,
MARIA CARRILLO HIGH SCHOOL,2009,84.0,74.0,36.0,0.8809523809523809,0.4864864864864865,Santa Rosa,Sonoma,Santa Rosa High,49709204930244,High Schools (Public),False,,,,,,,,,,,,,,,,,,,
MARIA CARRILLO HIGH SCHOOL,2010,76.0,70.0,29.0,0.9210526315789473,0.4142857142857143,Santa Rosa,Sonoma,Santa Rosa High,49709204930244,High Schools (Public),False,,,,,,,,,,,,,,,,,,,
MARIA CARRILLO HIGH SCHOOL,2011,61.0,49.0,25.0,0.8032786885245902,0.5102040816326531,Santa Rosa,Sonoma,Santa Rosa High,49709204930244,High Schools (Public),False,,,,,,,,,,,,,,,,,,,
MARIA CARRILLO HIGH SCHOOL,2012,80.0,54.0,26.0,0.675,0.48148148148148145,Santa Rosa,Sonoma,Santa Rosa High,49709204930244,High Schools (Public),False,,,,,,,,,,,,,,,,,,,
MARIA CARRILLO HIGH SCHOOL,2013,84.0,59.0,33.0,0.7023809523809523,0.559322033898305,Santa Rosa,Sonoma,Santa Rosa High,49709204930244,High Schools (Public),False,,,,,,,,,,,,,,,,,,,
MARIA CARRILLO HIGH SCHOOL,2014,91.0,62.0,30.0,0.6813186813186813,0.4838709677419355,Santa Rosa,Sonoma,Santa Rosa High,49709204930244,High Schools (Public),False,,,,,,,,,,,,,1598.0,,,,,,
MARIA CARRILLO HIGH SCHOOL,2015,85.0,47.0,21.0,0.5529411764705883,0.44680851063829785,Santa Rosa,Sonoma,Santa Rosa High,49709204930244,High Schools (Public),False,,,,,,334.0,81.1,17.0,37.0,158.0,11.0,48.0,1570.0,296.0,0.1885350318471337,,,,
MARIA CARRILLO HIGH SCHOOL,2016,107.0,67.0,34.0,0.6261682242990654,0.5074626865671642,Santa Rosa,Sonoma,Santa Rosa High,49709204930244,High Schools (Public),False,,,,,,390.0,79.5,32.0,42.0,177.0,19.0,40.0,1603.0,270.0,0.1684341859014348,2630.0,2625.8,69.0,52.0
MARIA CARRILLO HIGH SCHOOL,2017,80.0,51.0,29.0,0.6375,0.5686274509803921,Santa Rosa,Sonoma,Santa Rosa High,49709204930244,High Schools (Public),False,350.0,326.0,93.1,157.0,48.2,329.0,81.2,28.0,34.0,156.0,11.0,38.0,1578.0,254.0,0.1609632446134347,2634.0,2631.2,72.0,58.0
MARIA CARRILLO HIGH SCHOOL,2018,96.0,51.0,27.0,0.53125,0.5294117647058824,Santa Rosa,Sonoma,Santa Rosa High,49709204930244,High Schools (Public),False,377.0,351.0,93.1,151.0,43.0,354.0,81.1,27.0,35.0,163.0,13.0,49.0,1560.0,506.0,0.3243589743589744,2645.2,2630.5,75.57,56.23
MARIA CARRILLO HIGH SCHOOL,2019,94.0,55.0,28.0,0.5851063829787234,0.509090909090909,Santa Rosa,Sonoma,Santa Rosa High,49709204930244,High Schools (Public),False,359.0,330.0,91.9,177.0,53.6,337.0,79.5,28.0,30.0,148.0,15.0,47.0,1462.0,298.0,0.2038303693570451,,,,
MARIA CARRILLO HIGH SCHOOL,2020,94.0,65.0,41.0,0.6914893617021277,0.6307692307692307,Santa Rosa,Sonoma,Santa Rosa High,49709204930244,High Schools (Public),False,383.0,351.0,91.6,172.0,49.0,353.0,81.0,39.0,39.0,153.0,9.0,46.0,1480.0,279.0,0.1885135135135135,2652.1,2636.8,77.29,57.78
MARIA CARRILLO HIGH SCHOOL,2021,96.0,63.0,31.0,0.65625,0.49206349206349204,Santa Rosa,Sonoma,Santa Rosa High,49709204930244,High Schools (Public),False,330.0,302.0,91.5,115.0,38.1,303.0,71.6,29.0,17.0,120.0,4.0,47.0,1495.0,287.0,0.1919732441471572,,,,
MARIA CARRILLO HIGH SCHOOL,2022,91.0,58.0,29.0,0.6373626373626373,0.5,Santa Rosa,Sonoma,Santa Rosa High,49709204930244,High Schools (Public),False,344.0,317.0,92.2,129.0,40.7,323.0,74.9,25.0,30.0,129.0,11.0,47.0,,,,,,,
MARIA CARRILLO HIGH SCHOOL,2023,111.0,70.0,32.0,0.6306306306306306,0.45714285714285713,Santa Rosa,Sonoma,Santa Rosa High,49709204930244,High Schools (Public),False,384.0,341.0,88.8,201.0,58.9,343.0,80.8,31.0,46.0,141.0,12.0,47.0,1591.0,392.0,0.2463859208045254,2655.0,2635.7,74.32,54.11
MARIA CARRILLO HIGH SCHOOL,2024,112.0,64.0,29.0,0.5714285714285714,0.453125,Santa Rosa,Sonoma,Santa Rosa High,49709204930244,High Schools (Public),False,406.0,376.0,92.6,237.0,63.0,,,,,,,,1585.0,373.0,0.2353312302839116,2631.2,2608.9,71.83,44.91
MARIA CARRILLO HIGH SCHOOL,2025,101.0,70.0,30.0,0.693069306930693,0.42857142857142855,Santa Rosa,Sonoma,Santa Rosa High,49709204930244,High Schools (Public),False,376.0,357.0,94.9,211.0,59.1,,,,,,,,1584.0,555.0,0.3503787878787879,2639.9,2606.0,73.73,46.26
MARIN SCHOOL OF ARTS & TECH,2007,19.0,18.0,7.0,0.9473684210526315,0.3888888888888889,San Francisco,San Francisco,,,,,,,,,,,,,,,,,,,,,,,
MARIN SCHOOL OF ARTS & TECH,2008,6.0,6.0,6.0,1.0,1.0,San Francisco,San Francisco,,,,,,,,,,,,,,,,,,,,,,,
MCCLYMONDS HIGH SCHOOL,2005,18.0,7.0,7.0,0.3888888888888889,1.0,Oakland,Alameda,Oakland Unified,01612590110189,High Schools (Public),False,,,,,,,,,,,,,,,,,,,
MCCLYMONDS HIGH SCHOOL,2006,16.0,12.0,8.0,0.75,0.6666666666666666,Oakland,Alameda,Oakland Unified,01612590110189,High Schools (Public),False,,,,,,,,,,,,,,,,,,,
MCCLYMONDS HIGH SCHOOL,2011,5.0,,,,,Oakland,Alameda,Oakland Unified,01612590110189,High Schools (Public),False,,,,,,,,,,,,,,,,,,,
MCCLYMONDS HIGH SCHOOL,2013,10.0,,,,,Oakland,Alameda,Oakland Unified,01612590110189,High Schools (Public),False,,,,,,,,,,,,,,,,,,,
MCCLYMONDS HIGH SCHOOL,2015,9.0,,,,,Oakland,Alameda,Oakland Unified,01612590110189,High Schools (Public),False,,,,,,42.0,83.3,0.0,7.0,20.0,1.0,7.0,286.0,253.0,0.8846153846153846,,,,
MCCLYMONDS HIGH SCHOOL,2016,12.0,8.0,5.0,0.6666666666666666,0.625,Oakland,Alameda,Oakland Unified,01612590110189,High Schools (Public),False,,,,,,36.0,63.9,4.0,3.0,12.0,2.0,2.0,318.0,270.0,0.8490566037735849,2484.4,2460.1,12.0,4.0
MCCLYMONDS HIGH SCHOOL,2017,17.0,8.0,3.0,0.47058823529411764,0.375,Oakland,Alameda,Oakland Unified,01612590110189,High Schools (Public),False,68.0,52.0,76.5,25.0,48.1,56.0,78.6,4.0,10.0,25.0,1.0,4.0,372.0,330.0,0.8870967741935484,2536.4,2490.1,28.0,7.0
MCCLYMONDS HIGH SCHOOL,2018,26.0,9.0,4.0,0.34615384615384615,0.4444444444444444,Oakland,Alameda,Oakland Unified,01612590110189,High Schools (Public),False,77.0,61.0,79.2,35.0,57.4,59.0,76.3,5.0,12.0,21.0,2.0,5.0,401.0,354.0,0.8827930174563591,2525.6,2438.2,30.43,1.39
MCCLYMONDS HIGH SCHOOL,2019,29.0,6.0,5.0,0.20689655172413793,0.8333333333333334,Oakland,Alameda,Oakland Unified,01612590110189,High Schools (Public),False,70.0,62.0,88.6,30.0,48.4,63.0,71.4,4.0,8.0,22.0,2.0,9.0,383.0,328.0,0.856396866840731,2500.9,2445.6,21.43,5.56
MCCLYMONDS HIGH SCHOOL,2020,21.0,12.0,4.0,0.5714285714285714,0.3333333333333333,Oakland,Alameda,Oakland Unified,01612590110189,High Schools (Public),False,75.0,69.0,92.0,35.0,50.7,70.0,34.3,3.0,8.0,10.0,0.0,3.0,359.0,324.0,0.9025069637883008,2517.1,2447.8,26.74,2.38
MCCLYMONDS HIGH SCHOOL,2021,19.0,13.0,4.0,0.6842105263157895,0.3076923076923077,Oakland,Alameda,Oakland Unified,01612590110189,High Schools (Public),False,87.0,72.0,82.8,37.0,51.4,73.0,43.8,3.0,10.0,12.0,1.0,6.0,357.0,307.0,0.8599439775910365,,,,
MCCLYMONDS HIGH SCHOOL,2022,17.0,10.0,4.0,0.5882352941176471,0.4,Oakland,Alameda,Oakland Unified,01612590110189,High Schools (Public),False,51.0,45.0,88.2,27.0,60.0,45.0,60.0,2.0,8.0,12.0,1.0,4.0,,,,,,,
MCCLYMONDS HIGH SCHOOL,2023,26.0,17.0,8.0,0.6538461538461539,0.47058823529411764,Oakland,Alameda,Oakland Unified,01612590110189,High Schools (Public),False,73.0,63.0,86.3,38.0,60.3,63.0,68.3,8.0,10.0,19.0,1.0,5.0,281.0,254.0,0.9039145907473308,2543.2,2460.0,39.02,4.17
MCCLYMONDS HIGH SCHOOL,2024,25.0,18.0,5.0,0.72,0.2777777777777778,Oakland,Alameda,Oakland Unified,01612590110189,High Schools (Public),False,69.0,58.0,84.1,41.0,70.7,,,,,,,,265.0,251.0,0.9471698113207548,2498.1,2437.8,31.15,1.82
MCCLYMONDS HIGH SCHOOL,2025,17.0,9,,0.5294117647058824,,Oakland,Alameda,Oakland Unified,01612590110189,High Schools (Public),False,65.0,61.0,93.8,35.0,57.4,,,,,,,,273.0,262.0,0.9597069597069596,2475.5,2427.8,16.95,3.57
MEDIA ACADEMY HIGH SCHOOL,2006,7.0,6.0,4.0,0.8571428571428571,0.6666666666666666,Oakland,Alameda,,,,,,,,,,,,,,,,,,,,,,,
MEDIA ACADEMY HIGH SCHOOL,2007,6.0,3,,0.5,,Oakland,Alameda,,,,,,,,,,,,,,,,,,,,,,,
MEDIA ACADEMY HIGH SCHOOL,2008,9.0,8,,0.8888888888888888,,Oakland,Alameda,,,,,,,,,,,,,,,,,,,,,,,
MEDIA ACADEMY HIGH SCHOOL,2009,11.0,6.0,3.0,0.5454545454545454,0.5,Oakland,Alameda,,,,,,,,,,,,,,,,,,,,,,,
MEDIA ACADEMY HIGH SCHOOL,2010,5.0,,,,,Oakland,Alameda,,,,,,,,,,,,,,,,,,,,,,,
MEDIA ACADEMY HIGH SCHOOL,2011,8.0,6.0,4.0,0.75,0.6666666666666666,Oakland,Alameda,,,,,,,,,,,,,,,,,,,,,,,
MEDIA ACADEMY HIGH SCHOOL,2012,10.0,8.0,3.0,0.8,0.375,Oakland,Alameda,,,,,,,,,,,,,,,,,,,,,,,
MENLO ATHERTON HIGH SCHOOL,2005,167.0,155.0,76.0,0.9281437125748503,0.49032258064516127,Atherton,San Mateo,Sequoia Union High,41690624133716,High Schools (Public),False,,,,,,,,,,,,,,,,,,,
MENLO ATHERTON HIGH SCHOOL,2006,138.0,126.0,54.0,0.9130434782608695,0.42857142857142855,Atherton,San Mateo,Sequoia Union High,41690624133716,High Schools (Public),False,,,,,,,,,,,,,,,,,,,
MENLO ATHERTON HIGH SCHOOL,2007,162.0,149.0,67.0,0.9197530864197531,0.44966442953020136,Atherton,San Mateo,Sequoia Union High,41690624133716,High Schools (Public),False,,,,,,,,,,,,,,,,,,,
MENLO ATHERTON HIGH SCHOOL,2008,149.0,142.0,59.0,0.9530201342281879,0.4154929577464789,Atherton,San Mateo,Sequoia Union High,41690624133716,High Schools (Public),False,,,,,,,,,,,,,,,,,,,
MENLO ATHERTON HIGH SCHOOL,2009,152.0,133.0,49.0,0.875,0.3684210526315789,Atherton,San Mateo,Sequoia Union High,41690624133716,High Schools (Public),False,,,,,,,,,,,,,,,,,,,
MENLO ATHERTON HIGH SCHOOL,2010,159.0,138.0,44.0,0.8679245283018868,0.3188405797101449,Atherton,San Mateo,Sequoia Union High,41690624133716,High Schools (Public),False,,,,,,,,,,,,,,,,,,,
MENLO ATHERTON HIGH SCHOOL,2011,158.0,125.0,48.0,0.7911392405063291,0.384,Atherton,San Mateo,Sequoia Union High,41690624133716,High Schools (Public),False,,,,,,,,,,,,,,,,,,,
MENLO ATHERTON HIGH SCHOOL,2012,160.0,107.0,29.0,0.66875,0.27102803738317754,Atherton,San Mateo,Sequoia Union High,41690624133716,High Schools (Public),False,,,,,,,,,,,,,,,,,,,
MENLO ATHERTON HIGH SCHOOL,2013,179.0,133.0,41.0,0.7430167597765364,0.3082706766917293,Atherton,San Mateo,Sequoia Union High,41690624133716,High Schools (Public),False,,,,,,,,,,,,,,,,,,,
MENLO ATHERTON HIGH SCHOOL,2014,173.0,119.0,49.0,0.6878612716763006,0.4117647058823529,Atherton,San Mateo,Sequoia Union High,41690624133716,High Schools (Public),False,,,,,,,,,,,,,2073.0,,,,,,
MENLO ATHERTON HIGH SCHOOL,2015,175.0,121.0,42.0,0.6914285714285714,0.34710743801652894,Atherton,San Mateo,Sequoia Union High,41690624133716,High Schools (Public),False,,,,,,437.0,62.2,34.0,27.0,93.0,26.0,92.0,2158.0,670.0,0.3104726598702502,,,,
MENLO ATHERTON HIGH SCHOOL,2016,186.0,150.0,55.0,0.8064516129032258,0.36666666666666664,Atherton,San Mateo,Sequoia Union High,41690624133716,High Schools (Public),False,,,,,,448.0,75.0,52.0,39.0,117.0,34.0,94.0,2275.0,756.0,0.3323076923076923,2631.3,2626.4,67.0,48.0
MENLO ATHERTON HIGH SCHOOL,2017,216.0,132.0,46.0,0.6111111111111112,0.3484848484848485,Atherton,San Mateo,Sequoia Union High,41690624133716,High Schools (Public),False,553.0,507.0,91.7,339.0,66.9,515.0,74.4,44.0,52.0,128.0,46.0,113.0,2401.0,829.0,0.3452728029987505,2615.8,2615.5,61.0,49.0
MENLO ATHERTON HIGH SCHOOL,2018,211.0,132.0,45.0,0.6255924170616114,0.3409090909090909,Atherton,San Mateo,Sequoia Union High,41690624133716,High Schools (Public),False,540.0,487.0,90.2,308.0,63.2,497.0,77.3,43.0,39.0,125.0,41.0,136.0,2450.0,995.0,0.4061224489795918,2643.6,2625.7,71.21,52.69
MENLO ATHERTON HIGH SCHOOL,2019,221.0,129.0,42.0,0.583710407239819,0.32558139534883723,Atherton,San Mateo,Sequoia Union High,41690624133716,High Schools (Public),False,607.0,542.0,89.3,342.0,63.1,554.0,72.4,42.0,55.0,132.0,34.0,138.0,2498.0,967.0,0.3871096877502001,2596.0,2605.8,56.03,46.35
MENLO ATHERTON HIGH SCHOOL,2020,211.0,159.0,66.0,0.7535545023696683,0.41509433962264153,Atherton,San Mateo,Sequoia Union High,41690624133716,High Schools (Public),False,583.0,517.0,88.7,351.0,67.9,527.0,74.8,64.0,48.0,134.0,33.0,115.0,2433.0,926.0,0.3806000822030415,2650.1,2644.7,73.82,55.32
MENLO ATHERTON HIGH SCHOOL,2021,245.0,152.0,51.0,0.6204081632653061,0.3355263157894737,Atherton,San Mateo,Sequoia Union High,41690624133716,High Schools (Public),False,582.0,515.0,88.5,264.0,51.3,526.0,73.8,47.0,41.0,116.0,32.0,151.0,2368.0,723.0,0.3053209459459459,,,,
MENLO ATHERTON HIGH SCHOOL,2022,235.0,143.0,57.0,0.6085106382978723,0.3986013986013986,Atherton,San Mateo,Sequoia Union High,41690624133716,High Schools (Public),False,570.0,511.0,89.6,349.0,68.3,522.0,76.8,56.0,52.0,130.0,21.0,142.0,,,,,,,
MENLO ATHERTON HIGH SCHOOL,2023,215.0,157.0,60.0,0.7302325581395349,0.3821656050955414,Atherton,San Mateo,Sequoia Union High,41690624133716,High Schools (Public),False,519.0,475.0,91.5,316.0,66.5,482.0,79.5,58.0,46.0,127.0,26.0,126.0,2125.0,646.0,0.304,2647.9,2631.7,70.77,52.42
MENLO ATHERTON HIGH SCHOOL,2024,227.0,162.0,57.0,0.7136563876651982,0.35185185185185186,Atherton,San Mateo,Sequoia Union High,41690624133716,High Schools (Public),False,558.0,506.0,90.7,322.0,63.6,,,,,,,,2152.0,720.0,0.3345724907063197,2636.9,2613.3,67.15,48.52
MENLO ATHERTON HIGH SCHOOL,2025,233.0,167.0,67.0,0.7167381974248928,0.40119760479041916,Atherton,San Mateo,Sequoia Union High,41690624133716,High Schools (Public),False,537.0,487.0,90.7,319.0,65.5,,,,,,,,2158.0,712.0,0.329935125115848,2655.2,2641.8,72.01,54.27
MERRITT MIDDLE COLLEGE HS,2005,5.0,,,,,Oakland,Alameda,,,,,,,,,,,,,,,,,,,,,,,
METROPOLITAN ARTS & TECH HS,2008,9.0,8.0,4.0,0.8888888888888888,0.5,San Francisco,San Francisco,,,,,,,,,,,,,,,,,,,,,,,
METROPOLITAN ARTS & TECH HS,2009,14.0,8.0,4.0,0.5714285714285714,0.5,San Francisco,San Francisco,,,,,,,,,,,,,,,,,,,,,,,
METROPOLITAN ARTS & TECH HS,2010,9.0,8,,0.8888888888888888,,San Francisco,San Francisco,,,,,,,,,,,,,,,,,,,,,,,
METROPOLITAN ARTS & TECH HS,2013,7.0,5,,0.7142857142857143,,San Francisco,San Francisco,,,,,,,,,,,,,,,,,,,,,,,
METWEST HIGH SCHOOL,2006,15.0,5,,0.3333333333333333,,Oakland,Alameda,,01612590100701,,,,,,,,,,,,,,,,,,,,,
METWEST HIGH SCHOOL,2008,13.0,10.0,5.0,0.7692307692307693,0.5,Oakland,Alameda,,01612590100701,,,,,,,,,,,,,,,,,,,,,
METWEST HIGH SCHOOL,2009,9.0,5,,0.5555555555555556,,Oakland,Alameda,,01612590100701,,,,,,,,,,,,,,,,,,,,,
METWEST HIGH SCHOOL,2010,12.0,5.0,3.0,0.4166666666666667,0.6,Oakland,Alameda,,01612590100701,,,,,,,,,,,,,,,,,,,,,
METWEST HIGH SCHOOL,2011,9.0,5,,0.5555555555555556,,Oakland,Alameda,,01612590100701,,,,,,,,,,,,,,,,,,,,,
METWEST HIGH SCHOOL,2012,14.0,10,,0.7142857142857143,,Oakland,Alameda,,01612590100701,,,,,,,,,,,,,,,,,,,,,
METWEST HIGH SCHOOL,2013,15.0,5.0,3.0,0.3333333333333333,0.6,Oakland,Alameda,,01612590100701,,,,,,,,,,,,,,,,,,,,,
METWEST HIGH SCHOOL,2014,10.0,6.0,4.0,0.6,0.6666666666666666,Oakland,Alameda,,01612590100701,,,,,,,,,,,,,,,141.0,,,,,,
METWEST HIGH SCHOOL,2015,11.0,6.0,3.0,0.5454545454545454,0.5,Oakland,Alameda,,01612590100701,,,,,,,,37.0,67.6,2.0,8.0,15.0,0.0,0.0,161.0,128.0,0.7950310559006211,,,,
METWEST HIGH SCHOOL,2016,17.0,9.0,8.0,0.5294117647058824,0.8888888888888888,Oakland,Alameda,,01612590100701,,,,,,,,41.0,78.0,7.0,10.0,8.0,4.0,3.0,163.0,128.0,0.7852760736196319,2463.4,2392.3,0.0,0.0
METWEST HIGH SCHOOL,2017,17.0,10.0,3.0,0.5882352941176471,0.3,Oakland,Alameda,,01612590100701,,,41.0,39.0,95.1,29.0,74.4,39.0,61.5,3.0,9.0,7.0,3.0,2.0,171.0,131.0,0.7660818713450293,2510.1,2489.1,12.0,7.0
METWEST HIGH SCHOOL,2018,26.0,12.0,7.0,0.46153846153846156,0.5833333333333334,Oakland,Alameda,,01612590100701,,,41.0,40.0,97.6,36.0,90.0,42.0,78.6,7.0,8.0,8.0,9.0,1.0,174.0,132.0,0.7586206896551724,2540.8,2497.0,41.3,10.87
METWEST HIGH SCHOOL,2019,16.0,5.0,3.0,0.3125,0.6,Oakland,Alameda,,01612590100701,,,37.0,34.0,91.9,29.0,85.3,33.0,81.8,3.0,9.0,6.0,7.0,2.0,160.0,128.0,0.8,2545.4,2492.1,46.15,7.32
METWEST HIGH SCHOOL,2020,10.0,7,,0.7,,Oakland,Alameda,,01612590100701,,,42.0,38.0,90.5,35.0,92.1,39.0,51.3,1.0,8.0,7.0,2.0,2.0,205.0,162.0,0.7902439024390244,2530.0,2491.6,27.5,10.26
METWEST HIGH SCHOOL,2021,15.0,7.0,3.0,0.4666666666666667,0.42857142857142855,Oakland,Alameda,,01612590100701,,,41.0,40.0,97.6,25.0,62.5,40.0,50.0,2.0,9.0,5.0,2.0,2.0,247.0,202.0,0.8178137651821862,,,,
METWEST HIGH SCHOOL,2022,28.0,16.0,10.0,0.5714285714285714,0.625,Oakland,Alameda,,01612590100701,,,42.0,40.0,95.2,38.0,95.0,41.0,82.9,10.0,9.0,11.0,0.0,4.0,,,,,,,
METWEST HIGH SCHOOL,2023,33.0,27.0,13.0,0.8181818181818182,0.48148148148148145,Oakland,Alameda,,01612590100701,,,64.0,53.0,82.8,40.0,75.5,54.0,75.9,13.0,15.0,9.0,1.0,3.0,259.0,189.0,0.7297297297297297,2560.5,2497.2,50.98,16.67
METWEST HIGH SCHOOL,2024,27.0,24.0,13.0,0.8888888888888888,0.5416666666666666,Oakland,Alameda,,01612590100701,,,64.0,56.0,87.5,46.0,82.1,,,,,,,,237.0,222.0,0.9367088607594936,2514.7,2477.2,26.15,7.81
METWEST HIGH SCHOOL,2025,21.0,19.0,8.0,0.9047619047619048,0.42105263157894735,Oakland,Alameda,,01612590100701,,,,,,,,,,,,,,,,,,2499.1,2447.4,26.47,3.03
MIDDLE COLLEGE HIGH SCHOOL,2005,18.0,10.0,6.0,0.5555555555555556,0.6,San Pablo,Contra Costa,West Contra Costa Unified,07617960730291,High Schools (Public),False,,,,,,,,,,,,,,,,,,,
MIDDLE COLLEGE HIGH SCHOOL,2006,18.0,13.0,9.0,0.7222222222222222,0.6923076923076923,San Pablo,Contra Costa,West Contra Costa Unified,07617960730291,High Schools (Public),False,,,,,,,,,,,,,,,,,,,
MIDDLE COLLEGE HIGH SCHOOL,2007,13.0,12.0,6.0,0.9230769230769231,0.5,San Pablo,Contra Costa,West Contra Costa Unified,07617960730291,High Schools (Public),False,,,,,,,,,,,,,,,,,,,
MIDDLE COLLEGE HIGH SCHOOL,2008,10.0,9.0,5.0,0.9,0.5555555555555556,San Pablo,Contra Costa,West Contra Costa Unified,07617960730291,High Schools (Public),False,,,,,,,,,,,,,,,,,,,
MIDDLE COLLEGE HIGH SCHOOL,2009,28.0,25.0,8.0,0.8928571428571429,0.32,San Pablo,Contra Costa,West Contra Costa Unified,07617960730291,High Schools (Public),False,,,,,,,,,,,,,,,,,,,
MIDDLE COLLEGE HIGH SCHOOL,2010,21.0,14.0,10.0,0.6666666666666666,0.7142857142857143,San Pablo,Contra Costa,West Contra Costa Unified,07617960730291,High Schools (Public),False,,,,,,,,,,,,,,,,,,,
MIDDLE COLLEGE HIGH SCHOOL,2011,31.0,21.0,14.0,0.6774193548387096,0.6666666666666666,San Pablo,Contra Costa,West Contra Costa Unified,07617960730291,High Schools (Public),False,,,,,,,,,,,,,,,,,,,
MIDDLE COLLEGE HIGH SCHOOL,2012,33.0,21.0,13.0,0.6363636363636364,0.6190476190476191,San Pablo,Contra Costa,West Contra Costa Unified,07617960730291,High Schools (Public),False,,,,,,,,,,,,,,,,,,,
MIDDLE COLLEGE HIGH SCHOOL,2013,41.0,21.0,16.0,0.5121951219512195,0.7619047619047619,San Pablo,Contra Costa,West Contra Costa Unified,07617960730291,High Schools (Public),False,,,,,,,,,,,,,,,,,,,
MIDDLE COLLEGE HIGH SCHOOL,2014,51.0,33.0,25.0,0.6470588235294118,0.7575757575757576,San Pablo,Contra Costa,West Contra Costa Unified,07617960730291,High Schools (Public),False,,,,,,,,,,,,,275.0,,,,,,
MIDDLE COLLEGE HIGH SCHOOL,2015,45.0,27.0,22.0,0.6,0.8148148148148148,San Pablo,Contra Costa,West Contra Costa Unified,07617960730291,High Schools (Public),False,,,,,,62.0,62.9,14.0,9.0,11.0,2.0,3.0,267.0,140.0,0.5243445692883895,,,,
MIDDLE COLLEGE HIGH SCHOOL,2016,37.0,28.0,23.0,0.7567567567567568,0.8214285714285714,San Pablo,Contra Costa,West Contra Costa Unified,07617960730291,High Schools (Public),False,,,,,,63.0,87.3,23.0,8.0,20.0,0.0,4.0,278.0,129.0,0.4640287769784172,2675.5,2639.6,92.0,60.0
MIDDLE COLLEGE HIGH SCHOOL,2017,29.0,22.0,17.0,0.7586206896551724,0.7727272727272727,San Pablo,Contra Costa,West Contra Costa Unified,07617960730291,High Schools (Public),False,54.0,52.0,96.3,44.0,84.6,53.0,84.9,16.0,7.0,21.0,0.0,1.0,285.0,143.0,0.5017543859649123,2682.3,2630.3,96.0,55.0
MIDDLE COLLEGE HIGH SCHOOL,2018,47.0,27.0,19.0,0.574468085106383,0.7037037037037037,San Pablo,Contra Costa,West Contra Costa Unified,07617960730291,High Schools (Public),False,72.0,71.0,98.6,65.0,91.5,71.0,93.0,18.0,12.0,31.0,1.0,4.0,296.0,175.0,0.5912162162162162,2694.8,2646.4,95.89,61.64
MIDDLE COLLEGE HIGH SCHOOL,2019,34.0,26.0,15.0,0.7647058823529411,0.5769230769230769,San Pablo,Contra Costa,West Contra Costa Unified,07617960730291,High Schools (Public),False,72.0,72.0,100.0,71.0,98.6,73.0,89.0,16.0,12.0,32.0,2.0,3.0,288.0,156.0,0.5416666666666666,2660.7,2635.9,83.78,55.41
MIDDLE COLLEGE HIGH SCHOOL,2020,41.0,30.0,18.0,0.7317073170731707,0.6,San Pablo,Contra Costa,West Contra Costa Unified,07617960730291,High Schools (Public),False,67.0,65.0,97.0,63.0,96.9,65.0,90.8,18.0,27.0,8.0,4.0,2.0,279.0,155.0,0.5555555555555556,2646.6,2644.9,75.0,57.35
MIDDLE COLLEGE HIGH SCHOOL,2021,49.0,35.0,28.0,0.7142857142857143,0.8,San Pablo,Contra Costa,West Contra Costa Unified,07617960730291,High Schools (Public),False,69.0,69.0,100.0,67.0,97.1,69.0,91.3,27.0,12.0,18.0,4.0,2.0,297.0,168.0,0.5656565656565656,,,,
MIDDLE COLLEGE HIGH SCHOOL,2022,50.0,41.0,27.0,0.82,0.6585365853658537,San Pablo,Contra Costa,West Contra Costa Unified,07617960730291,High Schools (Public),False,65.0,65.0,100.0,59.0,90.8,65.0,90.8,27.0,19.0,12.0,0.0,1.0,,,,2675.9,2654.8,87.5,67.69
MIDDLE COLLEGE HIGH SCHOOL,2023,55.0,46.0,35.0,0.8363636363636363,0.7608695652173914,San Pablo,Contra Costa,West Contra Costa Unified,07617960730291,High Schools (Public),False,72.0,71.0,98.6,71.0,100.0,71.0,94.4,32.0,14.0,16.0,4.0,1.0,281.0,184.0,0.6548042704626335,2655.7,2656.2,83.78,63.51
MIDDLE COLLEGE HIGH SCHOOL,2024,49.0,39.0,26.0,0.7959183673469388,0.6666666666666666,San Pablo,Contra Costa,West Contra Costa Unified,07617960730291,High Schools (Public),False,60.0,60.0,100.0,60.0,100.0,,,,,,,,283.0,181.0,0.6395759717314488,2688.3,2643.9,91.67,58.33
MIDDLE COLLEGE HIGH SCHOOL,2025,63.0,51.0,29.0,0.8095238095238095,0.5686274509803921,San Pablo,Contra Costa,West Contra Costa Unified,07617960730291,High Schools (Public),False,72.0,72.0,100.0,72.0,100.0,,,,,,,,294.0,191.0,0.6496598639455783,2689.6,2638.0,91.67,52.78
MILLENNIUM HIGH SCHOOL,2006,7.0,5.0,4.0,0.7142857142857143,0.8,Piedmont,Alameda,Piedmont City Unified,01612750130286,Continuation High Schools,False,,,,,,,,,,,,,,,,,,,
MILLENNIUM HIGH SCHOOL,2009,9.0,8,,0.8888888888888888,,Piedmont,Alameda,Piedmont City Unified,01612750130286,Continuation High Schools,False,,,,,,,,,,,,,,,,,,,
MILLENNIUM HIGH SCHOOL,2013,7.0,5,,0.7142857142857143,,Piedmont,Alameda,Piedmont City Unified,01612750130286,Continuation High Schools,False,,,,,,,,,,,,,,,,,,,
MILLENNIUM HIGH SCHOOL,2017,5.0,3,,0.6,,Piedmont,Alameda,Piedmont City Unified,01612750130286,Continuation High Schools,False,29.0,26.0,89.7,23.0,88.5,26.0,69.2,1.0,2.0,10.0,0.0,5.0,68.0,2.0,0.0294117647058823,2631.0,2573.8,64.0,32.0
MILLENNIUM HIGH SCHOOL,2018,5.0,,,,,Piedmont,Alameda,Piedmont City Unified,01612750130286,Continuation High Schools,False,17.0,17.0,100.0,1.0,5.9,18.0,88.9,1.0,4.0,5.0,3.0,3.0,60.0,10.0,0.1666666666666666,2604.0,2546.3,75.0,33.33
MILLENNIUM HIGH SCHOOL,2021,9.0,4,,0.4444444444444444,,Piedmont,Alameda,Piedmont City Unified,01612750130286,Continuation High Schools,False,22.0,22.0,100.0,20.0,90.9,23.0,78.3,1.0,2.0,5.0,3.0,7.0,57.0,8.0,0.1403508771929824,,,,
MILLENNIUM HIGH SCHOOL,2024,5.0,4,,0.8,,Piedmont,Alameda,Piedmont City Unified,01612750130286,Continuation High Schools,False,18.0,18.0,100.0,14.0,77.8,,,,,,,,59.0,11.0,0.1864406779661017,2600.1,2576.5,66.67,37.5
MILLENNIUM HIGH SCHOOL,2025,6.0,5.0,3.0,0.8333333333333334,0.6,Piedmont,Alameda,Piedmont City Unified,01612750130286,Continuation High Schools,False,20.0,20.0,100.0,17.0,85.0,,,,,,,,61.0,11.0,0.180327868852459,2606.3,2537.2,73.33,26.67
MILLS HIGH SCHOOL,2005,125.0,108.0,72.0,0.864,0.6666666666666666,Millbrae,San Mateo,San Mateo Union High,41690474134557,High Schools (Public),False,,,,,,,,,,,,,,,,,,,
MILLS HIGH SCHOOL,2006,158.0,140.0,87.0,0.8860759493670886,0.6214285714285714,Millbrae,San Mateo,San Mateo Union High,41690474134557,High Schools (Public),False,,,,,,,,,,,,,,,,,,,
MILLS HIGH SCHOOL,2007,195.0,181.0,112.0,0.9282051282051282,0.6187845303867403,Millbrae,San Mateo,San Mateo Union High,41690474134557,High Schools (Public),False,,,,,,,,,,,,,,,,,,,
MILLS HIGH SCHOOL,2008,175.0,139.0,78.0,0.7942857142857143,0.5611510791366906,Millbrae,San Mateo,San Mateo Union High,41690474134557,High Schools (Public),False,,,,,,,,,,,,,,,,,,,
MILLS HIGH SCHOOL,2009,160.0,141.0,89.0,0.88125,0.6312056737588653,Millbrae,San Mateo,San Mateo Union High,41690474134557,High Schools (Public),False,,,,,,,,,,,,,,,,,,,
MILLS HIGH SCHOOL,2010,175.0,165.0,97.0,0.9428571428571428,0.5878787878787879,Millbrae,San Mateo,San Mateo Union High,41690474134557,High Schools (Public),False,,,,,,,,,,,,,,,,,,,
MILLS HIGH SCHOOL,2011,154.0,122.0,80.0,0.7922077922077922,0.6557377049180327,Millbrae,San Mateo,San Mateo Union High,41690474134557,High Schools (Public),False,,,,,,,,,,,,,,,,,,,
MILLS HIGH SCHOOL,2012,163.0,132.0,71.0,0.8098159509202454,0.5378787878787878,Millbrae,San Mateo,San Mateo Union High,41690474134557,High Schools (Public),False,,,,,,,,,,,,,,,,,,,
MILLS HIGH SCHOOL,2013,164.0,116.0,56.0,0.7073170731707317,0.4827586206896552,Millbrae,San Mateo,San Mateo Union High,41690474134557,High Schools (Public),False,,,,,,,,,,,,,,,,,,,
MILLS HIGH SCHOOL,2014,160.0,120.0,76.0,0.75,0.6333333333333333,Millbrae,San Mateo,San Mateo Union High,41690474134557,High Schools (Public),False,,,,,,,,,,,,,1232.0,,,,,,
MILLS HIGH SCHOOL,2015,151.0,105.0,61.0,0.695364238410596,0.580952380952381,Millbrae,San Mateo,San Mateo Union High,41690474134557,High Schools (Public),False,,,,,,302.0,82.8,53.0,40.0,108.0,22.0,27.0,1214.0,193.0,0.1589785831960461,,,,
MILLS HIGH SCHOOL,2016,156.0,132.0,86.0,0.8461538461538461,0.6515151515151515,Millbrae,San Mateo,San Mateo Union High,41690474134557,High Schools (Public),False,,,,,,269.0,88.5,84.0,31.0,77.0,18.0,28.0,1198.0,171.0,0.1427378964941569,2679.0,2685.1,85.0,72.0
MILLS HIGH SCHOOL,2017,146.0,109.0,73.0,0.7465753424657534,0.6697247706422018,Millbrae,San Mateo,San Mateo Union High,41690474134557,High Schools (Public),False,294.0,278.0,94.6,208.0,74.8,283.0,85.5,66.0,29.0,102.0,17.0,28.0,1240.0,187.0,0.1508064516129032,2683.8,2684.2,87.0,71.0
MILLS HIGH SCHOOL,2018,177.0,123.0,80.0,0.6949152542372882,0.6504065040650406,Millbrae,San Mateo,San Mateo Union High,41690474134557,High Schools (Public),False,330.0,313.0,94.8,237.0,75.7,313.0,88.8,78.0,55.0,90.0,24.0,31.0,1220.0,272.0,0.2229508196721311,2696.9,2702.9,90.55,74.84
MILLS HIGH SCHOOL,2019,163.0,122.0,80.0,0.7484662576687117,0.6557377049180327,Millbrae,San Mateo,San Mateo Union High,41690474134557,High Schools (Public),False,288.0,284.0,98.6,228.0,80.3,290.0,90.7,78.0,43.0,107.0,16.0,19.0,1182.0,244.0,0.2064297800338409,2669.7,2685.3,77.03,70.18
MILLS HIGH SCHOOL,2020,144.0,117.0,70.0,0.8125,0.5982905982905983,Millbrae,San Mateo,San Mateo Union High,41690474134557,High Schools (Public),False,319.0,300.0,94.0,200.0,66.7,299.0,86.0,68.0,36.0,122.0,15.0,16.0,1205.0,220.0,0.1825726141078838,2654.7,2662.9,75.26,66.32
MILLS HIGH SCHOOL,2021,123.0,84.0,46.0,0.6829268292682927,0.5476190476190477,Millbrae,San Mateo,San Mateo Union High,41690474134557,High Schools (Public),False,265.0,258.0,97.4,168.0,65.1,254.0,87.4,45.0,43.0,85.0,22.0,27.0,1180.0,244.0,0.2067796610169491,,,,
MILLS HIGH SCHOOL,2022,166.0,123.0,79.0,0.7409638554216867,0.6422764227642277,Millbrae,San Mateo,San Mateo Union High,41690474134557,High Schools (Public),False,283.0,277.0,97.9,226.0,81.6,280.0,90.0,80.0,31.0,98.0,16.0,27.0,,,,,,,
MILLS HIGH SCHOOL,2023,166.0,118.0,72.0,0.7108433734939759,0.6101694915254238,Millbrae,San Mateo,San Mateo Union High,41690474134557,High Schools (Public),False,294.0,277.0,94.2,189.0,68.2,279.0,92.5,70.0,47.0,104.0,20.0,17.0,1141.0,214.0,0.1875547765118317,2678.5,2698.4,83.45,71.07
MILLS HIGH SCHOOL,2024,167.0,116.0,61.0,0.6946107784431138,0.5258620689655172,Millbrae,San Mateo,San Mateo Union High,41690474134557,High Schools (Public),False,293.0,275.0,93.9,210.0,76.4,,,,,,,,1119.0,191.0,0.1706881143878462,2648.8,2645.7,72.83,56.54
MILLS HIGH SCHOOL,2025,157.0,136.0,73.0,0.8662420382165605,0.5367647058823529,Millbrae,San Mateo,San Mateo Union High,41690474134557,High Schools (Public),False,278.0,270.0,97.1,180.0,66.7,,,,,,,,1115.0,226.0,0.2026905829596412,2638.5,2633.4,75.29,56.49
MILPITAS HIGH SCHOOL,2005,151.0,132.0,85.0,0.8741721854304636,0.6439393939393939,Milpitas,Santa Clara,Milpitas Unified,43733874334470,High Schools (Public),False,,,,,,,,,,,,,,,,,,,
MILPITAS HIGH SCHOOL,2006,181.0,157.0,110.0,0.8674033149171271,0.7006369426751592,Milpitas,Santa Clara,Milpitas Unified,43733874334470,High Schools (Public),False,,,,,,,,,,,,,,,,,,,
MILPITAS HIGH SCHOOL,2007,157.0,139.0,91.0,0.8853503184713376,0.6546762589928058,Milpitas,Santa Clara,Milpitas Unified,43733874334470,High Schools (Public),False,,,,,,,,,,,,,,,,,,,
MILPITAS HIGH SCHOOL,2008,166.0,142.0,79.0,0.8554216867469879,0.5563380281690141,Milpitas,Santa Clara,Milpitas Unified,43733874334470,High Schools (Public),False,,,,,,,,,,,,,,,,,,,
MILPITAS HIGH SCHOOL,2009,168.0,147.0,66.0,0.875,0.4489795918367347,Milpitas,Santa Clara,Milpitas Unified,43733874334470,High Schools (Public),False,,,,,,,,,,,,,,,,,,,
MILPITAS HIGH SCHOOL,2010,155.0,133.0,75.0,0.8580645161290322,0.5639097744360902,Milpitas,Santa Clara,Milpitas Unified,43733874334470,High Schools (Public),False,,,,,,,,,,,,,,,,,,,
MILPITAS HIGH SCHOOL,2011,162.0,125.0,80.0,0.7716049382716049,0.64,Milpitas,Santa Clara,Milpitas Unified,43733874334470,High Schools (Public),False,,,,,,,,,,,,,,,,,,,
MILPITAS HIGH SCHOOL,2012,192.0,138.0,99.0,0.71875,0.717391304347826,Milpitas,Santa Clara,Milpitas Unified,43733874334470,High Schools (Public),False,,,,,,,,,,,,,,,,,,,
MILPITAS HIGH SCHOOL,2013,212.0,150.0,90.0,0.7075471698113207,0.6,Milpitas,Santa Clara,Milpitas Unified,43733874334470,High Schools (Public),False,,,,,,,,,,,,,,,,,,,
MILPITAS HIGH SCHOOL,2014,234.0,154.0,100.0,0.6581196581196581,0.6493506493506493,Milpitas,Santa Clara,Milpitas Unified,43733874334470,High Schools (Public),False,,,,,,,,,,,,,3018.0,,,,,,
MILPITAS HIGH SCHOOL,2015,234.0,132.0,80.0,0.5641025641025641,0.6060606060606061,Milpitas,Santa Clara,Milpitas Unified,43733874334470,High Schools (Public),False,,,,,,695.0,72.8,60.0,128.0,279.0,19.0,20.0,3105.0,960.0,0.3091787439613526,,,,
MILPITAS HIGH SCHOOL,2016,187.0,136.0,85.0,0.7272727272727273,0.625,Milpitas,Santa Clara,Milpitas Unified,43733874334470,High Schools (Public),False,,,,,,714.0,82.9,78.0,138.0,327.0,19.0,30.0,3134.0,989.0,0.3155711550733886,2644.4,2631.3,75.0,52.0
MILPITAS HIGH SCHOOL,2017,207.0,139.0,89.0,0.6714975845410628,0.6402877697841727,Milpitas,Santa Clara,Milpitas Unified,43733874334470,High Schools (Public),False,707.0,685.0,96.9,399.0,58.2,695.0,83.6,88.0,146.0,311.0,17.0,19.0,3163.0,968.0,0.3060385709769206,2660.3,2638.4,81.0,55.0
MILPITAS HIGH SCHOOL,2018,281.0,187.0,111.0,0.6654804270462633,0.5935828877005348,Milpitas,Santa Clara,Milpitas Unified,43733874334470,High Schools (Public),False,822.0,802.0,97.6,465.0,58.0,811.0,82.2,110.0,140.0,368.0,16.0,33.0,3249.0,1056.0,0.3250230840258541,2662.2,2645.1,80.37,56.09
MILPITAS HIGH SCHOOL,2019,261.0,157.0,94.0,0.6015325670498084,0.5987261146496815,Milpitas,Santa Clara,Milpitas Unified,43733874334470,High Schools (Public),False,737.0,703.0,95.4,426.0,60.6,721.0,81.6,89.0,141.0,308.0,19.0,31.0,3177.0,987.0,0.3106704438149197,2648.4,2648.3,75.43,57.78
MILPITAS HIGH SCHOOL,2020,271.0,212.0,124.0,0.7822878228782287,0.5849056603773585,Milpitas,Santa Clara,Milpitas Unified,43733874334470,High Schools (Public),False,762.0,20.0,2.6,15.0,75.0,100.0,75.0,17.0,10.0,44.0,2.0,2.0,3132.0,950.0,0.3033205619412516,2662.7,2662.8,78.95,62.84
MILPITAS HIGH SCHOOL,2021,322.0,212.0,127.0,0.6583850931677019,0.5990566037735849,Milpitas,Santa Clara,Milpitas Unified,43733874334470,High Schools (Public),False,780.0,743.0,95.3,479.0,64.5,754.0,84.9,121.0,146.0,315.0,33.0,25.0,3198.0,946.0,0.2958098811757348,,,,
MILPITAS HIGH SCHOOL,2022,317.0,215.0,122.0,0.6782334384858044,0.5674418604651162,Milpitas,Santa Clara,Milpitas Unified,43733874334470,High Schools (Public),False,753.0,707.0,93.9,443.0,62.7,724.0,83.1,116.0,114.0,322.0,21.0,29.0,,,,2661.2,2680.5,75.51,67.61
MILPITAS HIGH SCHOOL,2023,297.0,219.0,99.0,0.7373737373737373,0.4520547945205479,Milpitas,Santa Clara,Milpitas Unified,43733874334470,High Schools (Public),False,723.0,686.0,94.9,423.0,61.7,711.0,83.0,95.0,106.0,328.0,24.0,37.0,3026.0,845.0,0.2792465300727032,2657.3,2656.4,77.67,61.14
MILPITAS HIGH SCHOOL,2024,353.0,269.0,146.0,0.7620396600566572,0.5427509293680297,Milpitas,Santa Clara,Milpitas Unified,43733874334470,High Schools (Public),False,792.0,754.0,95.2,481.0,63.8,,,,,,,,3029.0,1384.0,0.456916474083856,2660.5,2649.4,78.32,57.78
MILPITAS HIGH SCHOOL,2025,284.0,238.0,104.0,0.8380281690140845,0.4369747899159664,Milpitas,Santa Clara,Milpitas Unified,43733874334470,High Schools (Public),False,686.0,650.0,94.8,385.0,59.2,,,,,,,,2926.0,1286.0,0.4395078605604921,2642.4,2635.4,72.98,55.29
MILPITAS MIDDLE COLLEGE HS,2023,7.0,4.0,3.0,0.5714285714285714,0.75,Milpitas,Santa Clara,Milpitas Unified,43733870140673,High Schools (Public),False,19.0,18.0,94.7,12.0,66.7,18.0,94.4,2.0,2.0,11.0,1.0,1.0,31.0,8.0,0.2580645161290322,2683.6,2624.0,92.86,42.86
MILPITAS MIDDLE COLLEGE HS,2024,18.0,11.0,4.0,0.6111111111111112,0.36363636363636365,Milpitas,Santa Clara,Milpitas Unified,43733870140673,High Schools (Public),False,27.0,26.0,96.3,21.0,80.8,,,,,,,,39.0,18.0,0.4615384615384615,2666.2,2630.4,80.0,52.63
MILPITAS MIDDLE COLLEGE HS,2025,12.0,9.0,3.0,0.75,0.3333333333333333,Milpitas,Santa Clara,Milpitas Unified,43733870140673,High Schools (Public),False,23.0,23.0,100.0,10.0,43.5,,,,,,,,55.0,23.0,0.4181818181818181,2627.1,2631.1,68.42,50.0
MIRAMONTE HIGH SCHOOL,2005,195.0,177.0,84.0,0.9076923076923077,0.4745762711864407,Orinda,Contra Costa,Acalanes Union High,07616300734244,High Schools (Public),False,,,,,,,,,,,,,,,,,,,
MIRAMONTE HIGH SCHOOL,2006,205.0,184.0,94.0,0.8975609756097561,0.5108695652173914,Orinda,Contra Costa,Acalanes Union High,07616300734244,High Schools (Public),False,,,,,,,,,,,,,,,,,,,
MIRAMONTE HIGH SCHOOL,2007,212.0,190.0,86.0,0.8962264150943396,0.45263157894736844,Orinda,Contra Costa,Acalanes Union High,07616300734244,High Schools (Public),False,,,,,,,,,,,,,,,,,,,
MIRAMONTE HIGH SCHOOL,2008,193.0,176.0,80.0,0.9119170984455959,0.45454545454545453,Orinda,Contra Costa,Acalanes Union High,07616300734244,High Schools (Public),False,,,,,,,,,,,,,,,,,,,
MIRAMONTE HIGH SCHOOL,2009,217.0,202.0,109.0,0.9308755760368663,0.5396039603960396,Orinda,Contra Costa,Acalanes Union High,07616300734244,High Schools (Public),False,,,,,,,,,,,,,,,,,,,
MIRAMONTE HIGH SCHOOL,2010,186.0,168.0,67.0,0.9032258064516129,0.39880952380952384,Orinda,Contra Costa,Acalanes Union High,07616300734244,High Schools (Public),False,,,,,,,,,,,,,,,,,,,
MIRAMONTE HIGH SCHOOL,2011,182.0,145.0,68.0,0.7967032967032966,0.4689655172413793,Orinda,Contra Costa,Acalanes Union High,07616300734244,High Schools (Public),False,,,,,,,,,,,,,,,,,,,
MIRAMONTE HIGH SCHOOL,2012,164.0,132.0,65.0,0.8048780487804879,0.49242424242424243,Orinda,Contra Costa,Acalanes Union High,07616300734244,High Schools (Public),False,,,,,,,,,,,,,,,,,,,
MIRAMONTE HIGH SCHOOL,2013,164.0,115.0,52.0,0.7012195121951219,0.45217391304347826,Orinda,Contra Costa,Acalanes Union High,07616300734244,High Schools (Public),False,,,,,,,,,,,,,,,,,,,
MIRAMONTE HIGH SCHOOL,2014,181.0,133.0,52.0,0.7348066298342542,0.39097744360902253,Orinda,Contra Costa,Acalanes Union High,07616300734244,High Schools (Public),False,,,,,,,,,,,,,1125.0,,,,,,
MIRAMONTE HIGH SCHOOL,2015,150.0,99.0,42.0,0.66,0.42424242424242425,Orinda,Contra Costa,Acalanes Union High,07616300734244,High Schools (Public),False,,,,,,246.0,78.5,23.0,20.0,21.0,27.0,102.0,1155.0,17.0,0.0147186147186147,,,,
MIRAMONTE HIGH SCHOOL,2016,148.0,109.0,58.0,0.7364864864864865,0.5321100917431193,Orinda,Contra Costa,Acalanes Union High,07616300734244,High Schools (Public),False,,,,,,267.0,91.0,57.0,34.0,41.0,17.0,94.0,1232.0,14.0,0.0113636363636363,2682.1,2697.5,88.0,75.0
MIRAMONTE HIGH SCHOOL,2017,157.0,110.0,45.0,0.7006369426751592,0.4090909090909091,Orinda,Contra Costa,Acalanes Union High,07616300734244,High Schools (Public),False,279.0,274.0,98.2,246.0,89.8,275.0,88.7,41.0,33.0,33.0,20.0,117.0,1277.0,19.0,0.0148786217697729,2684.4,2699.7,88.0,79.0
MIRAMONTE HIGH SCHOOL,2018,209.0,129.0,64.0,0.6172248803827751,0.49612403100775193,Orinda,Contra Costa,Acalanes Union High,07616300734244,High Schools (Public),False,328.0,320.0,97.6,278.0,86.9,321.0,90.0,59.0,30.0,41.0,40.0,119.0,1316.0,56.0,0.0425531914893617,2690.2,2694.9,88.09,79.0
MIRAMONTE HIGH SCHOOL,2019,181.0,125.0,47.0,0.6906077348066298,0.376,Orinda,Contra Costa,Acalanes Union High,07616300734244,High Schools (Public),False,319.0,314.0,98.4,273.0,86.9,314.0,89.2,47.0,37.0,42.0,24.0,130.0,1286.0,52.0,0.0404354587869362,2637.9,2663.2,73.11,64.14
MIRAMONTE HIGH SCHOOL,2020,172.0,127.0,59.0,0.7383720930232558,0.4645669291338583,Orinda,Contra Costa,Acalanes Union High,07616300734244,High Schools (Public),False,317.0,313.0,98.7,278.0,88.8,314.0,90.4,56.0,31.0,44.0,32.0,121.0,1236.0,42.0,0.0339805825242718,2707.4,2701.2,92.56,76.62
MIRAMONTE HIGH SCHOOL,2021,189.0,112.0,46.0,0.5925925925925926,0.4107142857142857,Orinda,Contra Costa,Acalanes Union High,07616300734244,High Schools (Public),False,296.0,292.0,98.6,264.0,90.4,292.0,93.2,46.0,40.0,41.0,24.0,121.0,1174.0,52.0,0.0442930153321976,,,,
MIRAMONTE HIGH SCHOOL,2022,199.0,125.0,52.0,0.628140703517588,0.416,Orinda,Contra Costa,Acalanes Union High,07616300734244,High Schools (Public),False,314.0,308.0,98.1,250.0,81.2,311.0,91.0,47.0,41.0,44.0,29.0,122.0,,,,2698.7,2720.6,85.1,79.71
MIRAMONTE HIGH SCHOOL,2023,170.0,109.0,35.0,0.6411764705882353,0.3211009174311927,Orinda,Contra Costa,Acalanes Union High,07616300734244,High Schools (Public),False,280.0,274.0,97.9,243.0,88.7,274.0,91.6,35.0,28.0,26.0,33.0,129.0,1169.0,58.0,0.0496150556030795,2676.1,2691.5,80.46,72.52
MIRAMONTE HIGH SCHOOL,2024,179.0,108.0,44.0,0.6033519553072626,0.4074074074074074,Orinda,Contra Costa,Acalanes Union High,07616300734244,High Schools (Public),False,291.0,287.0,98.6,250.0,87.1,,,,,,,,1188.0,50.0,0.042087542087542,2689.9,2696.3,84.7,69.86
MIRAMONTE HIGH SCHOOL,2025,194.0,155.0,54.0,0.7989690721649485,0.34838709677419355,Orinda,Contra Costa,Acalanes Union High,07616300734244,High Schools (Public),False,305.0,298.0,97.7,268.0,89.9,,,,,,,,1167.0,54.0,0.0462724935732647,2700.1,2695.8,87.68,72.73
MISSION EARLY COLLEGE HIGH SCH,2018,11.0,5.0,3.0,0.45454545454545453,0.6,Santa Clara,Santa Clara,Santa Clara Unified,43696740135970,Alternative Schools of Choice,False,23.0,20.0,87.0,4.0,20.0,21.0,85.7,3.0,4.0,5.0,3.0,3.0,102.0,51.0,0.5,,,,
MISSION EARLY COLLEGE HIGH SCH,2019,9.0,4.0,3.0,0.4444444444444444,0.75,Santa Clara,Santa Clara,Santa Clara Unified,43696740135970,Alternative Schools of Choice,False,31.0,30.0,96.8,22.0,73.3,31.0,90.3,3.0,2.0,20.0,1.0,2.0,101.0,44.0,0.4356435643564356,2626.5,2606.3,77.5,33.33
MISSION EARLY COLLEGE HIGH SCH,2020,17.0,13.0,8.0,0.7647058823529411,0.6153846153846154,Santa Clara,Santa Clara,Santa Clara Unified,43696740135970,Alternative Schools of Choice,False,36.0,32.0,88.9,23.0,71.9,33.0,87.9,7.0,2.0,16.0,2.0,2.0,101.0,35.0,0.3465346534653465,2643.6,2619.5,71.79,48.72
MISSION EARLY COLLEGE HIGH SCH,2021,21.0,16.0,5.0,0.7619047619047619,0.3125,Santa Clara,Santa Clara,Santa Clara Unified,43696740135970,Alternative Schools of Choice,False,40.0,39.0,97.5,33.0,84.6,40.0,80.0,4.0,10.0,17.0,0.0,1.0,116.0,38.0,0.3275862068965517,,,,
MISSION EARLY COLLEGE HIGH SCH,2022,21.0,17.0,6.0,0.8095238095238095,0.35294117647058826,Santa Clara,Santa Clara,Santa Clara Unified,43696740135970,Alternative Schools of Choice,False,41.0,41.0,100.0,37.0,90.2,41.0,70.7,3.0,4.0,13.0,1.0,8.0,,,,2677.9,2644.6,88.24,47.06
MISSION EARLY COLLEGE HIGH SCH,2023,19.0,14.0,7.0,0.7368421052631579,0.5,Santa Clara,Santa Clara,Santa Clara Unified,43696740135970,Alternative Schools of Choice,False,28.0,28.0,100.0,27.0,96.4,28.0,89.3,6.0,9.0,8.0,1.0,1.0,159.0,53.0,0.3333333333333333,2691.2,2619.1,90.0,50.0
MISSION EARLY COLLEGE HIGH SCH,2024,25.0,21.0,8.0,0.84,0.38095238095238093,Santa Clara,Santa Clara,Santa Clara Unified,43696740135970,Alternative Schools of Choice,False,39.0,39.0,100.0,37.0,94.9,,,,,,,,189.0,49.0,0.2592592592592592,2647.9,2589.0,73.68,42.11
MISSION EARLY COLLEGE HIGH SCH,2025,35.0,28.0,17.0,0.8,0.6071428571428571,Santa Clara,Santa Clara,Santa Clara Unified,43696740135970,Alternative Schools of Choice,False,58.0,58.0,100.0,56.0,96.6,,,,,,,,183.0,57.0,0.3114754098360656,2713.1,2669.7,93.22,59.32
MISSION SAN JOSE HIGH SCHOOL,2005,298.0,283.0,199.0,0.9496644295302014,0.7031802120141343,Fremont,Alameda,Fremont Unified,01611760135244,High Schools (Public),False,,,,,,,,,,,,,,,,,,,
MISSION SAN JOSE HIGH SCHOOL,2006,356.0,339.0,243.0,0.952247191011236,0.7168141592920354,Fremont,Alameda,Fremont Unified,01611760135244,High Schools (Public),False,,,,,,,,,,,,,,,,,,,
MISSION SAN JOSE HIGH SCHOOL,2007,394.0,365.0,252.0,0.9263959390862944,0.6904109589041096,Fremont,Alameda,Fremont Unified,01611760135244,High Schools (Public),False,,,,,,,,,,,,,,,,,,,
MISSION SAN JOSE HIGH SCHOOL,2008,349.0,327.0,194.0,0.9369627507163324,0.5932721712538226,Fremont,Alameda,Fremont Unified,01611760135244,High Schools (Public),False,,,,,,,,,,,,,,,,,,,
MISSION SAN JOSE HIGH SCHOOL,2009,403.0,377.0,234.0,0.9354838709677419,0.6206896551724138,Fremont,Alameda,Fremont Unified,01611760135244,High Schools (Public),False,,,,,,,,,,,,,,,,,,,
MISSION SAN JOSE HIGH SCHOOL,2010,409.0,376.0,224.0,0.9193154034229829,0.5957446808510638,Fremont,Alameda,Fremont Unified,01611760135244,High Schools (Public),False,,,,,,,,,,,,,,,,,,,
MISSION SAN JOSE HIGH SCHOOL,2011,403.0,351.0,207.0,0.8709677419354839,0.5897435897435898,Fremont,Alameda,Fremont Unified,01611760135244,High Schools (Public),False,,,,,,,,,,,,,,,,,,,
MISSION SAN JOSE HIGH SCHOOL,2012,422.0,354.0,190.0,0.8388625592417062,0.536723163841808,Fremont,Alameda,Fremont Unified,01611760135244,High Schools (Public),False,,,,,,,,,,,,,,,,,,,
MISSION SAN JOSE HIGH SCHOOL,2013,462.0,395.0,199.0,0.854978354978355,0.5037974683544304,Fremont,Alameda,Fremont Unified,01611760135244,High Schools (Public),False,,,,,,,,,,,,,,,,,,,
MISSION SAN JOSE HIGH SCHOOL,2014,434.0,368.0,179.0,0.847926267281106,0.48641304347826086,Fremont,Alameda,Fremont Unified,01611760135244,High Schools (Public),False,,,,,,,,,,,,,2167.0,,,,,,
MISSION SAN JOSE HIGH SCHOOL,2015,426.0,352.0,180.0,0.8262910798122066,0.5113636363636364,Fremont,Alameda,Fremont Unified,01611760135244,High Schools (Public),False,,,,,,517.0,79.9,122.0,47.0,73.0,38.0,133.0,2129.0,72.0,0.0338186942226397,,,,
MISSION SAN JOSE HIGH SCHOOL,2016,456.0,395.0,218.0,0.8662280701754386,0.5518987341772152,Fremont,Alameda,Fremont Unified,01611760135244,High Schools (Public),False,,,,,,540.0,92.0,206.0,33.0,82.0,39.0,137.0,2069.0,84.0,0.0405993233446109,2711.6,2763.2,92.0,90.0
MISSION SAN JOSE HIGH SCHOOL,2017,399.0,354.0,187.0,0.8872180451127819,0.5282485875706214,Fremont,Alameda,Fremont Unified,01611760135244,High Schools (Public),False,483.0,460.0,95.2,422.0,91.7,466.0,92.3,177.0,50.0,68.0,30.0,105.0,2003.0,73.0,0.036445332001997,2726.7,2768.1,95.0,91.0
MISSION SAN JOSE HIGH SCHOOL,2018,447.0,375.0,167.0,0.8389261744966443,0.44533333333333336,Fremont,Alameda,Fremont Unified,01611760135244,High Schools (Public),False,525.0,507.0,96.6,460.0,90.7,510.0,94.9,162.0,52.0,58.0,51.0,161.0,2014.0,118.0,0.0585898709036742,2728.4,2772.6,94.27,91.3
MISSION SAN JOSE HIGH SCHOOL,2019,422.0,366.0,183.0,0.8672985781990521,0.5,Fremont,Alameda,Fremont Unified,01611760135244,High Schools (Public),False,493.0,482.0,97.8,301.0,62.4,485.0,92.4,176.0,38.0,57.0,42.0,135.0,2046.0,138.0,0.0674486803519061,2732.9,2782.1,94.09,94.12
MISSION SAN JOSE HIGH SCHOOL,2020,410.0,368.0,181.0,0.8975609756097561,0.49184782608695654,Fremont,Alameda,Fremont Unified,01611760135244,High Schools (Public),False,489.0,470.0,96.1,426.0,90.6,468.0,92.7,178.0,39.0,51.0,31.0,135.0,2048.0,151.0,0.07373046875,2733.9,2780.2,94.78,93.22
MISSION SAN JOSE HIGH SCHOOL,2021,418.0,333.0,146.0,0.7966507177033493,0.43843843843843844,Fremont,Alameda,Fremont Unified,01611760135244,High Schools (Public),False,485.0,468.0,96.5,318.0,67.9,475.0,92.6,137.0,46.0,64.0,41.0,152.0,2063.0,153.0,0.0741638390693165,,,,
MISSION SAN JOSE HIGH SCHOOL,2022,481.0,398.0,186.0,0.8274428274428275,0.46733668341708545,Fremont,Alameda,Fremont Unified,01611760135244,High Schools (Public),False,554.0,528.0,95.3,489.0,92.6,533.0,91.2,175.0,40.0,65.0,36.0,170.0,,,,2750.3,2794.6,93.65,93.73
MISSION SAN JOSE HIGH SCHOOL,2023,420.0,379.0,171.0,0.9023809523809524,0.45118733509234826,Fremont,Alameda,Fremont Unified,01611760135244,High Schools (Public),False,495.0,471.0,95.2,424.0,90.0,478.0,88.1,157.0,24.0,52.0,37.0,151.0,1878.0,191.0,0.1017039403620873,2733.5,2770.5,94.46,90.22
MISSION SAN JOSE HIGH SCHOOL,2024,419.0,362.0,150.0,0.863961813842482,0.4143646408839779,Fremont,Alameda,Fremont Unified,01611760135244,High Schools (Public),False,482.0,456.0,94.6,432.0,94.7,,,,,,,,1822.0,206.0,0.1130625686059275,2727.6,2773.9,95.3,93.32
MISSION SAN JOSE HIGH SCHOOL,2025,357.0,317.0,101.0,0.8879551820728291,0.3186119873817035,Fremont,Alameda,Fremont Unified,01611760135244,High Schools (Public),False,434.0,417.0,96.1,382.0,91.6,,,,,,,,1794.0,323.0,0.1800445930880713,2716.1,2759.3,91.0,85.37
MISSION SENIOR HIGH SCHOOL,2005,33.0,24.0,13.0,0.7272727272727273,0.5416666666666666,San Francisco,San Francisco,San Francisco Unified,38684783834082,High Schools (Public),False,,,,,,,,,,,,,,,,,,,
MISSION SENIOR HIGH SCHOOL,2006,35.0,34.0,27.0,0.9714285714285714,0.7941176470588235,San Francisco,San Francisco,San Francisco Unified,38684783834082,High Schools (Public),False,,,,,,,,,,,,,,,,,,,
MISSION SENIOR HIGH SCHOOL,2007,42.0,34.0,22.0,0.8095238095238095,0.6470588235294118,San Francisco,San Francisco,San Francisco Unified,38684783834082,High Schools (Public),False,,,,,,,,,,,,,,,,,,,
MISSION SENIOR HIGH SCHOOL,2008,43.0,37.0,29.0,0.8604651162790697,0.7837837837837838,San Francisco,San Francisco,San Francisco Unified,38684783834082,High Schools (Public),False,,,,,,,,,,,,,,,,,,,
MISSION SENIOR HIGH SCHOOL,2009,32.0,28.0,11.0,0.875,0.39285714285714285,San Francisco,San Francisco,San Francisco Unified,38684783834082,High Schools (Public),False,,,,,,,,,,,,,,,,,,,
MISSION SENIOR HIGH SCHOOL,2010,48.0,39.0,26.0,0.8125,0.6666666666666666,San Francisco,San Francisco,San Francisco Unified,38684783834082,High Schools (Public),False,,,,,,,,,,,,,,,,,,,
MISSION SENIOR HIGH SCHOOL,2011,58.0,42.0,20.0,0.7241379310344828,0.47619047619047616,San Francisco,San Francisco,San Francisco Unified,38684783834082,High Schools (Public),False,,,,,,,,,,,,,,,,,,,
MISSION SENIOR HIGH SCHOOL,2012,69.0,56.0,35.0,0.8115942028985508,0.625,San Francisco,San Francisco,San Francisco Unified,38684783834082,High Schools (Public),False,,,,,,,,,,,,,,,,,,,
MISSION SENIOR HIGH SCHOOL,2013,90.0,62.0,46.0,0.6888888888888889,0.7419354838709677,San Francisco,San Francisco,San Francisco Unified,38684783834082,High Schools (Public),False,,,,,,,,,,,,,,,,,,,
MISSION SENIOR HIGH SCHOOL,2014,83.0,58.0,39.0,0.6987951807228916,0.6724137931034483,San Francisco,San Francisco,San Francisco Unified,38684783834082,High Schools (Public),False,,,,,,,,,,,,,950.0,,,,,,
MISSION SENIOR HIGH SCHOOL,2015,107.0,55.0,38.0,0.514018691588785,0.6909090909090909,San Francisco,San Francisco,San Francisco Unified,38684783834082,High Schools (Public),False,,,,,,208.0,74.5,25.0,51.0,65.0,1.0,13.0,995.0,764.0,0.7678391959798995,,,,
MISSION SENIOR HIGH SCHOOL,2016,97.0,70.0,50.0,0.7216494845360825,0.7142857142857143,San Francisco,San Francisco,San Francisco Unified,38684783834082,High Schools (Public),False,,,,,,221.0,71.5,41.0,49.0,53.0,3.0,12.0,1058.0,720.0,0.6805293005671077,2521.1,2518.8,32.0,23.0
MISSION SENIOR HIGH SCHOOL,2017,77.0,40.0,27.0,0.5194805194805194,0.675,San Francisco,San Francisco,San Francisco Unified,38684783834082,High Schools (Public),False,289.0,206.0,71.3,114.0,55.3,222.0,69.4,22.0,41.0,72.0,5.0,14.0,1076.0,612.0,0.5687732342007435,2506.9,2486.7,29.0,10.0
MISSION SENIOR HIGH SCHOOL,2018,113.0,76.0,51.0,0.672566371681416,0.6710526315789473,San Francisco,San Francisco,San Francisco Unified,38684783834082,High Schools (Public),False,304.0,231.0,76.0,119.0,51.5,250.0,66.8,41.0,54.0,55.0,2.0,15.0,1117.0,662.0,0.5926589077887198,2543.0,2511.1,37.02,16.48
MISSION SENIOR HIGH SCHOOL,2019,112.0,69.0,44.0,0.6160714285714286,0.6376811594202898,San Francisco,San Francisco,San Francisco Unified,38684783834082,High Schools (Public),False,304.0,241.0,79.3,144.0,59.8,251.0,55.4,36.0,48.0,44.0,3.0,8.0,1099.0,649.0,0.5905368516833485,2507.9,2488.4,28.23,14.46
MISSION SENIOR HIGH SCHOOL,2020,94.0,68.0,40.0,0.723404255319149,0.5882352941176471,San Francisco,San Francisco,San Francisco Unified,38684783834082,High Schools (Public),False,284.0,228.0,80.3,115.0,50.4,245.0,58.8,35.0,57.0,38.0,2.0,12.0,1117.0,594.0,0.5317815577439571,2511.1,2469.0,30.66,7.37
MISSION SENIOR HIGH SCHOOL,2021,83.0,75.0,32.0,0.9036144578313253,0.4266666666666667,San Francisco,San Francisco,San Francisco Unified,38684783834082,High Schools (Public),False,260.0,199.0,76.5,137.0,68.8,206.0,59.2,29.0,65.0,17.0,3.0,8.0,1048.0,588.0,0.5610687022900763,,,,
MISSION SENIOR HIGH SCHOOL,2022,104.0,95.0,53.0,0.9134615384615384,0.5578947368421052,San Francisco,San Francisco,San Francisco Unified,38684783834082,High Schools (Public),False,281.0,226.0,80.4,132.0,58.4,242.0,65.7,52.0,65.0,22.0,2.0,18.0,,,,,,,
MISSION SENIOR HIGH SCHOOL,2023,114.0,105.0,60.0,0.9210526315789473,0.5714285714285714,San Francisco,San Francisco,San Francisco Unified,38684783834082,High Schools (Public),False,271.0,219.0,80.8,149.0,68.0,231.0,66.7,58.0,51.0,36.0,4.0,5.0,1041.0,601.0,0.5773294908741594,2543.0,2502.0,40.36,16.55
MISSION SENIOR HIGH SCHOOL,2024,106.0,101.0,41.0,0.9528301886792453,0.40594059405940597,San Francisco,San Francisco,San Francisco Unified,38684783834082,High Schools (Public),False,251.0,198.0,78.9,119.0,60.1,,,,,,,,1084.0,638.0,0.5885608856088561,2490.7,2458.0,26.06,11.11
MISSION SENIOR HIGH SCHOOL,2025,100.0,97.0,48.0,0.97,0.4948453608247423,San Francisco,San Francisco,San Francisco Unified,38684783834082,High Schools (Public),False,268.0,208.0,77.6,130.0,62.5,,,,,,,,993.0,621.0,0.6253776435045317,2438.8,2434.8,15.92,4.46
MONTA VISTA HIGH SCHOOL,2005,336.0,320.0,198.0,0.9523809523809523,0.61875,Cupertino,Santa Clara,Fremont Union High,43694684334462,High Schools (Public),False,,,,,,,,,,,,,,,,,,,
MONTA VISTA HIGH SCHOOL,2006,372.0,356.0,241.0,0.956989247311828,0.6769662921348315,Cupertino,Santa Clara,Fremont Union High,43694684334462,High Schools (Public),False,,,,,,,,,,,,,,,,,,,
MONTA VISTA HIGH SCHOOL,2007,435.0,403.0,256.0,0.9264367816091954,0.6352357320099256,Cupertino,Santa Clara,Fremont Union High,43694684334462,High Schools (Public),False,,,,,,,,,,,,,,,,,,,
MONTA VISTA HIGH SCHOOL,2008,439.0,409.0,257.0,0.9316628701594533,0.628361858190709,Cupertino,Santa Clara,Fremont Union High,43694684334462,High Schools (Public),False,,,,,,,,,,,,,,,,,,,
MONTA VISTA HIGH SCHOOL,2009,419.0,396.0,240.0,0.9451073985680191,0.6060606060606061,Cupertino,Santa Clara,Fremont Union High,43694684334462,High Schools (Public),False,,,,,,,,,,,,,,,,,,,
MONTA VISTA HIGH SCHOOL,2010,416.0,390.0,199.0,0.9375,0.5102564102564102,Cupertino,Santa Clara,Fremont Union High,43694684334462,High Schools (Public),False,,,,,,,,,,,,,,,,,,,
MONTA VISTA HIGH SCHOOL,2011,396.0,346.0,176.0,0.8737373737373737,0.5086705202312138,Cupertino,Santa Clara,Fremont Union High,43694684334462,High Schools (Public),False,,,,,,,,,,,,,,,,,,,
MONTA VISTA HIGH SCHOOL,2012,478.0,400.0,199.0,0.8368200836820083,0.4975,Cupertino,Santa Clara,Fremont Union High,43694684334462,High Schools (Public),False,,,,,,,,,,,,,,,,,,,
MONTA VISTA HIGH SCHOOL,2013,456.0,368.0,160.0,0.8070175438596491,0.43478260869565216,Cupertino,Santa Clara,Fremont Union High,43694684334462,High Schools (Public),False,,,,,,,,,,,,,,,,,,,
MONTA VISTA HIGH SCHOOL,2014,457.0,365.0,180.0,0.7986870897155361,0.4931506849315068,Cupertino,Santa Clara,Fremont Union High,43694684334462,High Schools (Public),False,,,,,,,,,,,,,2351.0,,,,,,
MONTA VISTA HIGH SCHOOL,2015,455.0,358.0,146.0,0.7868131868131868,0.40782122905027934,Cupertino,Santa Clara,Fremont Union High,43694684334462,High Schools (Public),False,,,,,,599.0,83.1,106.0,58.0,103.0,56.0,175.0,2357.0,53.0,0.0224862112855324,,,,
MONTA VISTA HIGH SCHOOL,2016,453.0,396.0,192.0,0.8741721854304636,0.48484848484848486,Cupertino,Santa Clara,Fremont Union High,43694684334462,High Schools (Public),False,,,,,,571.0,89.0,183.0,46.0,71.0,47.0,161.0,2326.0,58.0,0.0249355116079105,2729.8,2780.5,96.0,93.0
MONTA VISTA HIGH SCHOOL,2017,430.0,359.0,180.0,0.8348837209302326,0.5013927576601671,Cupertino,Santa Clara,Fremont Union High,43694684334462,High Schools (Public),False,541.0,534.0,98.7,491.0,91.9,534.0,88.8,169.0,44.0,64.0,38.0,159.0,2334.0,39.0,0.0167095115681233,2730.0,2782.1,95.0,94.0
MONTA VISTA HIGH SCHOOL,2018,487.0,385.0,181.0,0.7905544147843943,0.4701298701298701,Cupertino,Santa Clara,Fremont Union High,43694684334462,High Schools (Public),False,601.0,593.0,98.7,541.0,91.2,599.0,93.3,175.0,42.0,93.0,40.0,209.0,2370.0,107.0,0.0451476793248945,2719.7,2758.7,94.32,90.14
MONTA VISTA HIGH SCHOOL,2019,449.0,335.0,163.0,0.7461024498886414,0.48656716417910445,Cupertino,Santa Clara,Fremont Union High,43694684334462,High Schools (Public),False,576.0,566.0,98.3,515.0,91.0,574.0,87.8,147.0,48.0,105.0,47.0,157.0,2274.0,104.0,0.0457343887423043,2703.9,2754.4,88.97,90.05
MONTA VISTA HIGH SCHOOL,2020,439.0,379.0,155.0,0.8633257403189066,0.40897097625329815,Cupertino,Santa Clara,Fremont Union High,43694684334462,High Schools (Public),False,570.0,555.0,97.4,505.0,91.0,562.0,92.0,152.0,31.0,106.0,45.0,183.0,2193.0,89.0,0.0405836753305973,2692.0,2759.3,85.95,89.11
MONTA VISTA HIGH SCHOOL,2021,484.0,378.0,144.0,0.78099173553719,0.38095238095238093,Cupertino,Santa Clara,Fremont Union High,43694684334462,High Schools (Public),False,572.0,557.0,97.4,523.0,93.9,565.0,91.5,137.0,44.0,85.0,39.0,212.0,2032.0,88.0,0.0433070866141732,,,,
MONTA VISTA HIGH SCHOOL,2022,404.0,345.0,148.0,0.8539603960396039,0.4289855072463768,Cupertino,Santa Clara,Fremont Union High,43694684334462,High Schools (Public),False,511.0,504.0,98.6,464.0,92.1,503.0,91.8,138.0,38.0,95.0,33.0,158.0,,,,2732.7,2792.2,90.38,90.0
MONTA VISTA HIGH SCHOOL,2023,417.0,352.0,150.0,0.8441247002398081,0.42613636363636365,Cupertino,Santa Clara,Fremont Union High,43694684334462,High Schools (Public),False,487.0,480.0,98.6,447.0,93.1,482.0,90.9,145.0,40.0,62.0,25.0,166.0,1751.0,93.0,0.0531125071387778,2709.3,2764.1,88.29,88.02
MONTA VISTA HIGH SCHOOL,2024,343.0,290.0,124.0,0.8454810495626822,0.42758620689655175,Cupertino,Santa Clara,Fremont Union High,43694684334462,High Schools (Public),False,410.0,401.0,97.8,365.0,91.0,,,,,,,,1636.0,87.0,0.0531784841075794,2716.9,2760.7,91.8,85.67
MONTA VISTA HIGH SCHOOL,2025,370.0,337.0,138.0,0.9108108108108108,0.4094955489614243,Cupertino,Santa Clara,Fremont Union High,43694684334462,High Schools (Public),False,445.0,434.0,97.5,401.0,92.4,,,,,,,,1630.0,97.0,0.0595092024539877,2703.6,2767.6,87.82,89.62
MONTE VISTA HIGH SCHOOL,2005,193.0,184.0,90.0,0.9533678756476683,0.4891304347826087,Danville,Contra Costa,San Ramon Valley Unified,07618040734368,High Schools (Public),False,,,,,,,,,,,,,,,,,,,
MONTE VISTA HIGH SCHOOL,2006,256.0,235.0,125.0,0.91796875,0.5319148936170213,Danville,Contra Costa,San Ramon Valley Unified,07618040734368,High Schools (Public),False,,,,,,,,,,,,,,,,,,,
MONTE VISTA HIGH SCHOOL,2007,208.0,194.0,99.0,0.9326923076923077,0.5103092783505154,Danville,Contra Costa,San Ramon Valley Unified,07618040734368,High Schools (Public),False,,,,,,,,,,,,,,,,,,,
MONTE VISTA HIGH SCHOOL,2008,284.0,268.0,146.0,0.9436619718309859,0.5447761194029851,Danville,Contra Costa,San Ramon Valley Unified,07618040734368,High Schools (Public),False,,,,,,,,,,,,,,,,,,,
MONTE VISTA HIGH SCHOOL,2009,293.0,270.0,133.0,0.9215017064846417,0.4925925925925926,Danville,Contra Costa,San Ramon Valley Unified,07618040734368,High Schools (Public),False,,,,,,,,,,,,,,,,,,,
MONTE VISTA HIGH SCHOOL,2010,260.0,233.0,114.0,0.8961538461538462,0.4892703862660944,Danville,Contra Costa,San Ramon Valley Unified,07618040734368,High Schools (Public),False,,,,,,,,,,,,,,,,,,,
MONTE VISTA HIGH SCHOOL,2011,239.0,178.0,84.0,0.7447698744769874,0.47191011235955055,Danville,Contra Costa,San Ramon Valley Unified,07618040734368,High Schools (Public),False,,,,,,,,,,,,,,,,,,,
MONTE VISTA HIGH SCHOOL,2012,213.0,146.0,71.0,0.6854460093896714,0.4863013698630137,Danville,Contra Costa,San Ramon Valley Unified,07618040734368,High Schools (Public),False,,,,,,,,,,,,,,,,,,,
MONTE VISTA HIGH SCHOOL,2013,253.0,171.0,81.0,0.6758893280632411,0.47368421052631576,Danville,Contra Costa,San Ramon Valley Unified,07618040734368,High Schools (Public),False,,,,,,,,,,,,,,,,,,,
MONTE VISTA HIGH SCHOOL,2014,217.0,141.0,72.0,0.6497695852534562,0.5106382978723404,Danville,Contra Costa,San Ramon Valley Unified,07618040734368,High Schools (Public),False,,,,,,,,,,,,,2210.0,,,,,,
MONTE VISTA HIGH SCHOOL,2015,212.0,136.0,69.0,0.6415094339622641,0.5073529411764706,Danville,Contra Costa,San Ramon Valley Unified,07618040734368,High Schools (Public),False,,,,,,509.0,86.1,59.0,78.0,88.0,42.0,171.0,2255.0,34.0,0.0150776053215077,,,,
MONTE VISTA HIGH SCHOOL,2016,264.0,191.0,100.0,0.7234848484848485,0.5235602094240838,Danville,Contra Costa,San Ramon Valley Unified,07618040734368,High Schools (Public),False,,,,,,588.0,87.9,97.0,88.0,92.0,36.0,204.0,2348.0,53.0,0.022572402044293,2655.3,2664.7,80.0,66.0
MONTE VISTA HIGH SCHOOL,2017,217.0,145.0,71.0,0.6682027649769585,0.4896551724137931,Danville,Contra Costa,San Ramon Valley Unified,07618040734368,High Schools (Public),False,570.0,562.0,98.6,441.0,78.5,566.0,89.0,66.0,73.0,125.0,43.0,197.0,2368.0,57.0,0.0240709459459459,2693.6,2684.3,91.0,76.0
MONTE VISTA HIGH SCHOOL,2018,271.0,172.0,86.0,0.6346863468634686,0.5,Danville,Contra Costa,San Ramon Valley Unified,07618040734368,High Schools (Public),False,561.0,554.0,98.8,448.0,80.9,558.0,91.9,86.0,83.0,115.0,50.0,179.0,2428.0,103.0,0.0424217462932454,2700.7,2686.2,91.97,73.48
MONTE VISTA HIGH SCHOOL,2019,251.0,146.0,82.0,0.5816733067729084,0.5616438356164384,Danville,Contra Costa,San Ramon Valley Unified,07618040734368,High Schools (Public),False,602.0,591.0,98.2,462.0,78.2,594.0,89.6,82.0,72.0,126.0,47.0,205.0,2448.0,96.0,0.0392156862745098,2690.8,2677.1,90.69,69.71
MONTE VISTA HIGH SCHOOL,2020,263.0,181.0,82.0,0.688212927756654,0.4530386740331492,Danville,Contra Costa,San Ramon Valley Unified,07618040734368,High Schools (Public),False,603.0,596.0,98.8,460.0,77.2,597.0,89.3,80.0,83.0,127.0,52.0,191.0,2467.0,90.0,0.0364815565464126,2685.1,2669.9,85.59,68.26
MONTE VISTA HIGH SCHOOL,2021,309.0,188.0,90.0,0.6084142394822006,0.4787234042553192,Danville,Contra Costa,San Ramon Valley Unified,07618040734368,High Schools (Public),False,602.0,589.0,97.8,448.0,76.1,594.0,90.9,87.0,67.0,128.0,51.0,207.0,2441.0,92.0,0.0376894715280622,,,,
MONTE VISTA HIGH SCHOOL,2022,335.0,210.0,101.0,0.6268656716417911,0.48095238095238096,Danville,Contra Costa,San Ramon Valley Unified,07618040734368,High Schools (Public),False,601.0,592.0,98.5,429.0,72.5,593.0,91.6,100.0,84.0,118.0,39.0,202.0,,,,2681.7,2690.9,80.0,66.67
MONTE VISTA HIGH SCHOOL,2023,313.0,197.0,109.0,0.6293929712460063,0.5532994923857868,Danville,Contra Costa,San Ramon Valley Unified,07618040734368,High Schools (Public),False,593.0,581.0,98.0,368.0,63.3,585.0,86.7,98.0,61.0,114.0,48.0,186.0,2243.0,98.0,0.043691484618814,2687.8,2666.0,85.85,63.28
MONTE VISTA HIGH SCHOOL,2024,329.0,222.0,107.0,0.6747720364741642,0.481981981981982,Danville,Contra Costa,San Ramon Valley Unified,07618040734368,High Schools (Public),False,573.0,568.0,99.1,345.0,60.7,,,,,,,,2168.0,91.0,0.0419741697416974,2692.2,2664.7,88.91,66.54
MONTE VISTA HIGH SCHOOL,2025,295.0,232.0,104.0,0.7864406779661017,0.4482758620689655,Danville,Contra Costa,San Ramon Valley Unified,07618040734368,High Schools (Public),False,519.0,512.0,98.7,350.0,68.4,,,,,,,,2042.0,110.0,0.0538687561214495,2668.0,2664.5,82.38,60.9
MONTGOMERY HIGH SCHOOL,2005,106.0,102.0,50.0,0.9622641509433962,0.49019607843137253,Santa Rosa,Sonoma,Santa Rosa High,49709204934154,High Schools (Public),False,,,,,,,,,,,,,,,,,,,
MONTGOMERY HIGH SCHOOL,2006,85.0,73.0,41.0,0.8588235294117647,0.5616438356164384,Santa Rosa,Sonoma,Santa Rosa High,49709204934154,High Schools (Public),False,,,,,,,,,,,,,,,,,,,
MONTGOMERY HIGH SCHOOL,2007,97.0,89.0,44.0,0.9175257731958762,0.4943820224719101,Santa Rosa,Sonoma,Santa Rosa High,49709204934154,High Schools (Public),False,,,,,,,,,,,,,,,,,,,
MONTGOMERY HIGH SCHOOL,2008,84.0,79.0,40.0,0.9404761904761905,0.5063291139240507,Santa Rosa,Sonoma,Santa Rosa High,49709204934154,High Schools (Public),False,,,,,,,,,,,,,,,,,,,
MONTGOMERY HIGH SCHOOL,2009,66.0,59.0,23.0,0.8939393939393939,0.3898305084745763,Santa Rosa,Sonoma,Santa Rosa High,49709204934154,High Schools (Public),False,,,,,,,,,,,,,,,,,,,
MONTGOMERY HIGH SCHOOL,2010,74.0,67.0,26.0,0.9054054054054054,0.3880597014925373,Santa Rosa,Sonoma,Santa Rosa High,49709204934154,High Schools (Public),False,,,,,,,,,,,,,,,,,,,
MONTGOMERY HIGH SCHOOL,2011,64.0,47.0,26.0,0.734375,0.5531914893617021,Santa Rosa,Sonoma,Santa Rosa High,49709204934154,High Schools (Public),False,,,,,,,,,,,,,,,,,,,
MONTGOMERY HIGH SCHOOL,2012,56.0,41.0,22.0,0.7321428571428571,0.5365853658536586,Santa Rosa,Sonoma,Santa Rosa High,49709204934154,High Schools (Public),False,,,,,,,,,,,,,,,,,,,
MONTGOMERY HIGH SCHOOL,2013,71.0,42.0,20.0,0.5915492957746479,0.47619047619047616,Santa Rosa,Sonoma,Santa Rosa High,49709204934154,High Schools (Public),False,,,,,,,,,,,,,,,,,,,
MONTGOMERY HIGH SCHOOL,2014,65.0,37.0,17.0,0.5692307692307692,0.4594594594594595,Santa Rosa,Sonoma,Santa Rosa High,49709204934154,High Schools (Public),False,,,,,,,,,,,,,1755.0,,,,,,
MONTGOMERY HIGH SCHOOL,2015,59.0,37.0,21.0,0.6271186440677966,0.5675675675675675,Santa Rosa,Sonoma,Santa Rosa High,49709204934154,High Schools (Public),False,,,,,,373.0,72.1,14.0,27.0,203.0,6.0,19.0,1698.0,688.0,0.4051825677267373,,,,
MONTGOMERY HIGH SCHOOL,2016,45.0,34.0,15.0,0.7555555555555555,0.4411764705882353,Santa Rosa,Sonoma,Santa Rosa High,49709204934154,High Schools (Public),False,,,,,,346.0,74.6,14.0,27.0,172.0,13.0,32.0,1624.0,519.0,0.3195812807881773,2608.0,2560.7,64.0,29.0
MONTGOMERY HIGH SCHOOL,2017,68.0,43.0,24.0,0.6323529411764706,0.5581395348837209,Santa Rosa,Sonoma,Santa Rosa High,49709204934154,High Schools (Public),False,377.0,328.0,87.0,129.0,39.3,328.0,74.4,22.0,31.0,165.0,7.0,19.0,1620.0,505.0,0.3117283950617284,2625.9,2598.1,68.0,41.0
MONTGOMERY HIGH SCHOOL,2018,54.0,21.0,10.0,0.3888888888888889,0.47619047619047616,Santa Rosa,Sonoma,Santa Rosa High,49709204934154,High Schools (Public),False,372.0,326.0,87.6,131.0,40.2,333.0,71.8,11.0,25.0,161.0,5.0,37.0,1647.0,613.0,0.3721918639951427,2588.9,2579.3,56.76,35.78
MONTGOMERY HIGH SCHOOL,2019,44.0,22.0,8.0,0.5,0.36363636363636365,Santa Rosa,Sonoma,Santa Rosa High,49709204934154,High Schools (Public),False,364.0,306.0,84.1,90.0,29.4,315.0,72.7,8.0,29.0,166.0,4.0,22.0,1642.0,590.0,0.3593179049939098,,,,
MONTGOMERY HIGH SCHOOL,2020,39.0,27.0,15.0,0.6923076923076923,0.5555555555555556,Santa Rosa,Sonoma,Santa Rosa High,49709204934154,High Schools (Public),False,376.0,305.0,81.1,96.0,31.5,315.0,65.4,14.0,28.0,139.0,4.0,21.0,1656.0,563.0,0.339975845410628,2580.7,2555.0,54.57,27.41
MONTGOMERY HIGH SCHOOL,2021,60.0,37.0,19.0,0.6166666666666667,0.5135135135135135,Santa Rosa,Sonoma,Santa Rosa High,49709204934154,High Schools (Public),False,396.0,333.0,84.1,72.0,21.6,325.0,69.2,20.0,35.0,138.0,2.0,30.0,1624.0,648.0,0.3990147783251231,,,,
MONTGOMERY HIGH SCHOOL,2022,55.0,33.0,17.0,0.6,0.5151515151515151,Santa Rosa,Sonoma,Santa Rosa High,49709204934154,High Schools (Public),False,379.0,313.0,82.6,125.0,39.9,322.0,66.5,16.0,24.0,152.0,4.0,18.0,,,,,,,
MONTGOMERY HIGH SCHOOL,2023,49.0,30.0,16.0,0.6122448979591837,0.5333333333333333,Santa Rosa,Sonoma,Santa Rosa High,49709204934154,High Schools (Public),False,389.0,330.0,84.8,128.0,38.8,335.0,69.6,16.0,39.0,161.0,3.0,14.0,1572.0,623.0,0.3963104325699745,2553.2,2508.4,42.25,15.82
MONTGOMERY HIGH SCHOOL,2024,60.0,29.0,10.0,0.48333333333333334,0.3448275862068966,Santa Rosa,Sonoma,Santa Rosa High,49709204934154,High Schools (Public),False,337.0,277.0,82.2,117.0,42.2,,,,,,,,1433.0,625.0,0.4361479413817167,2551.2,2521.3,44.32,21.26
MONTGOMERY HIGH SCHOOL,2025,53.0,37.0,13.0,0.6981132075471698,0.35135135135135137,Santa Rosa,Sonoma,Santa Rosa High,49709204934154,High Schools (Public),False,323.0,292.0,90.4,142.0,48.6,,,,,,,,1253.0,622.0,0.4964086193136472,2548.4,2534.5,43.16,25.0
MOUNT DIABLO HIGH SCHOOL,2005,11.0,10.0,8.0,0.9090909090909091,0.8,Concord,Contra Costa,Mt. Diablo Unified,07617540734566,High Schools (Public),False,,,,,,,,,,,,,,,,,,,
MOUNT DIABLO HIGH SCHOOL,2006,24.0,18.0,15.0,0.75,0.8333333333333334,Concord,Contra Costa,Mt. Diablo Unified,07617540734566,High Schools (Public),False,,,,,,,,,,,,,,,,,,,
MOUNT DIABLO HIGH SCHOOL,2007,16.0,13.0,10.0,0.8125,0.7692307692307693,Concord,Contra Costa,Mt. Diablo Unified,07617540734566,High Schools (Public),False,,,,,,,,,,,,,,,,,,,
MOUNT DIABLO HIGH SCHOOL,2008,17.0,13.0,4.0,0.7647058823529411,0.3076923076923077,Concord,Contra Costa,Mt. Diablo Unified,07617540734566,High Schools (Public),False,,,,,,,,,,,,,,,,,,,
MOUNT DIABLO HIGH SCHOOL,2009,33.0,30.0,23.0,0.9090909090909091,0.7666666666666667,Concord,Contra Costa,Mt. Diablo Unified,07617540734566,High Schools (Public),False,,,,,,,,,,,,,,,,,,,
MOUNT DIABLO HIGH SCHOOL,2010,21.0,18.0,8.0,0.8571428571428571,0.4444444444444444,Concord,Contra Costa,Mt. Diablo Unified,07617540734566,High Schools (Public),False,,,,,,,,,,,,,,,,,,,
MOUNT DIABLO HIGH SCHOOL,2011,27.0,18.0,8.0,0.6666666666666666,0.4444444444444444,Concord,Contra Costa,Mt. Diablo Unified,07617540734566,High Schools (Public),False,,,,,,,,,,,,,,,,,,,
MOUNT DIABLO HIGH SCHOOL,2012,37.0,26.0,13.0,0.7027027027027027,0.5,Concord,Contra Costa,Mt. Diablo Unified,07617540734566,High Schools (Public),False,,,,,,,,,,,,,,,,,,,
MOUNT DIABLO HIGH SCHOOL,2013,42.0,29.0,13.0,0.6904761904761905,0.4482758620689655,Concord,Contra Costa,Mt. Diablo Unified,07617540734566,High Schools (Public),False,,,,,,,,,,,,,,,,,,,
MOUNT DIABLO HIGH SCHOOL,2014,40.0,20.0,15.0,0.5,0.75,Concord,Contra Costa,Mt. Diablo Unified,07617540734566,High Schools (Public),False,,,,,,,,,,,,,1309.0,,,,,,
MOUNT DIABLO HIGH SCHOOL,2015,41.0,20.0,11.0,0.4878048780487805,0.55,Concord,Contra Costa,Mt. Diablo Unified,07617540734566,High Schools (Public),False,,,,,,278.0,58.6,9.0,34.0,113.0,4.0,3.0,1352.0,1047.0,0.7744082840236687,,,,
MOUNT DIABLO HIGH SCHOOL,2016,37.0,18.0,9.0,0.4864864864864865,0.5,Concord,Contra Costa,Mt. Diablo Unified,07617540734566,High Schools (Public),False,,,,,,245.0,51.0,9.0,21.0,85.0,4.0,6.0,1307.0,983.0,0.7521040550879877,2543.6,2510.2,34.0,13.0
MOUNT DIABLO HIGH SCHOOL,2017,17.0,8.0,6.0,0.47058823529411764,0.75,Concord,Contra Costa,Mt. Diablo Unified,07617540734566,High Schools (Public),False,303.0,261.0,86.1,89.0,34.1,266.0,59.0,6.0,24.0,118.0,4.0,5.0,1344.0,997.0,0.7418154761904762,2552.1,2504.7,36.0,14.0
MOUNT DIABLO HIGH SCHOOL,2018,49.0,27.0,15.0,0.5510204081632653,0.5555555555555556,Concord,Contra Costa,Mt. Diablo Unified,07617540734566,High Schools (Public),False,284.0,236.0,83.1,80.0,33.9,248.0,59.3,13.0,25.0,103.0,4.0,2.0,1392.0,1058.0,0.7600574712643678,2564.8,2509.7,45.64,17.15
MOUNT DIABLO HIGH SCHOOL,2019,40.0,30.0,16.0,0.75,0.5333333333333333,Concord,Contra Costa,Mt. Diablo Unified,07617540734566,High Schools (Public),False,243.0,204.0,84.0,75.0,36.8,212.0,48.6,12.0,18.0,66.0,2.0,5.0,1448.0,1157.0,0.7990331491712708,2574.6,2523.8,50.22,20.34
MOUNT DIABLO HIGH SCHOOL,2020,39.0,25.0,7.0,0.6410256410256411,0.28,Concord,Contra Costa,Mt. Diablo Unified,07617540734566,High Schools (Public),False,314.0,253.0,80.6,94.0,37.2,266.0,49.2,8.0,26.0,87.0,5.0,5.0,1540.0,1091.0,0.7084415584415584,2539.3,2492.9,36.46,14.58
MOUNT DIABLO HIGH SCHOOL,2021,42.0,29.0,16.0,0.6904761904761905,0.5517241379310345,Concord,Contra Costa,Mt. Diablo Unified,07617540734566,High Schools (Public),False,301.0,255.0,84.7,77.0,30.2,258.0,49.6,13.0,22.0,86.0,4.0,3.0,1567.0,1030.0,0.6573069559668155,,,,
MOUNT DIABLO HIGH SCHOOL,2022,62.0,40.0,15.0,0.6451612903225806,0.375,Concord,Contra Costa,Mt. Diablo Unified,07617540734566,High Schools (Public),False,318.0,266.0,83.6,90.0,33.8,271.0,55.0,15.0,27.0,96.0,8.0,3.0,,,,2573.2,2548.7,48.23,23.57
MOUNT DIABLO HIGH SCHOOL,2023,43.0,27.0,8.0,0.627906976744186,0.2962962962962963,Concord,Contra Costa,Mt. Diablo Unified,07617540734566,High Schools (Public),False,349.0,271.0,77.7,71.0,26.2,275.0,56.7,8.0,20.0,118.0,7.0,3.0,1498.0,911.0,0.6081441922563418,2507.3,2473.0,27.34,9.49
MOUNT DIABLO HIGH SCHOOL,2024,43.0,29.0,18.0,0.6744186046511628,0.6206896551724138,Concord,Contra Costa,Mt. Diablo Unified,07617540734566,High Schools (Public),False,428.0,354.0,82.7,94.0,26.6,,,,,,,,1477.0,915.0,0.6194989844278944,2535.7,2473.3,37.75,12.77
MOUNT DIABLO HIGH SCHOOL,2025,36.0,26.0,8.0,0.7222222222222222,0.3076923076923077,Concord,Contra Costa,Mt. Diablo Unified,07617540734566,High Schools (Public),False,318.0,282.0,88.7,69.0,24.5,,,,,,,,1397.0,1118.0,0.800286327845383,2523.0,2471.5,32.18,10.14
MOUNT EDEN HIGH SCHOOL,2005,73.0,55.0,31.0,0.7534246575342466,0.5636363636363636,Hayward,Alameda,Hayward Unified,01611920135319,High Schools (Public),False,,,,,,,,,,,,,,,,,,,
MOUNT EDEN HIGH SCHOOL,2006,71.0,63.0,41.0,0.8873239436619719,0.6507936507936508,Hayward,Alameda,Hayward Unified,01611920135319,High Schools (Public),False,,,,,,,,,,,,,,,,,,,
MOUNT EDEN HIGH SCHOOL,2007,80.0,69.0,42.0,0.8625,0.6086956521739131,Hayward,Alameda,Hayward Unified,01611920135319,High Schools (Public),False,,,,,,,,,,,,,,,,,,,
MOUNT EDEN HIGH SCHOOL,2008,77.0,67.0,40.0,0.8701298701298701,0.5970149253731343,Hayward,Alameda,Hayward Unified,01611920135319,High Schools (Public),False,,,,,,,,,,,,,,,,,,,
MOUNT EDEN HIGH SCHOOL,2009,59.0,39.0,25.0,0.6610169491525424,0.6410256410256411,Hayward,Alameda,Hayward Unified,01611920135319,High Schools (Public),False,,,,,,,,,,,,,,,,,,,
MOUNT EDEN HIGH SCHOOL,2010,66.0,56.0,27.0,0.8484848484848485,0.48214285714285715,Hayward,Alameda,Hayward Unified,01611920135319,High Schools (Public),False,,,,,,,,,,,,,,,,,,,
MOUNT EDEN HIGH SCHOOL,2011,64.0,45.0,19.0,0.703125,0.4222222222222222,Hayward,Alameda,Hayward Unified,01611920135319,High Schools (Public),False,,,,,,,,,,,,,,,,,,,
MOUNT EDEN HIGH SCHOOL,2012,88.0,49.0,31.0,0.5568181818181818,0.6326530612244898,Hayward,Alameda,Hayward Unified,01611920135319,High Schools (Public),False,,,,,,,,,,,,,,,,,,,
MOUNT EDEN HIGH SCHOOL,2013,79.0,39.0,24.0,0.4936708860759494,0.6153846153846154,Hayward,Alameda,Hayward Unified,01611920135319,High Schools (Public),False,,,,,,,,,,,,,,,,,,,
MOUNT EDEN HIGH SCHOOL,2014,96.0,55.0,37.0,0.5729166666666666,0.6727272727272727,Hayward,Alameda,Hayward Unified,01611920135319,High Schools (Public),False,,,,,,,,,,,,,1865.0,,,,,,
MOUNT EDEN HIGH SCHOOL,2015,102.0,56.0,41.0,0.5490196078431373,0.7321428571428571,Hayward,Alameda,Hayward Unified,01611920135319,High Schools (Public),False,,,,,,395.0,71.4,33.0,68.0,172.0,6.0,3.0,1935.0,1337.0,0.6909560723514212,,,,
MOUNT EDEN HIGH SCHOOL,2016,88.0,50.0,36.0,0.5681818181818182,0.72,Hayward,Alameda,Hayward Unified,01611920135319,High Schools (Public),False,,,,,,387.0,72.4,33.0,79.0,157.0,7.0,4.0,2009.0,1391.0,0.6923842707814833,2603.2,2557.0,64.0,23.0
MOUNT EDEN HIGH SCHOOL,2017,110.0,76.0,43.0,0.6909090909090909,0.5657894736842105,Hayward,Alameda,Hayward Unified,01611920135319,High Schools (Public),False,461.0,423.0,91.8,211.0,49.9,427.0,67.0,37.0,68.0,163.0,14.0,4.0,2007.0,1227.0,0.6113602391629297,2588.0,2544.3,55.0,27.0
MOUNT EDEN HIGH SCHOOL,2018,121.0,57.0,30.0,0.47107438016528924,0.5263157894736842,Hayward,Alameda,Hayward Unified,01611920135319,High Schools (Public),False,459.0,427.0,93.0,199.0,46.6,427.0,66.3,30.0,71.0,169.0,6.0,7.0,1978.0,1294.0,0.654196157735086,2593.4,2546.8,57.05,24.57
MOUNT EDEN HIGH SCHOOL,2019,108.0,77.0,48.0,0.7129629629629629,0.6233766233766234,Hayward,Alameda,Hayward Unified,01611920135319,High Schools (Public),False,445.0,411.0,92.4,215.0,52.3,413.0,67.3,45.0,80.0,143.0,2.0,8.0,1979.0,1294.0,0.6538655886811521,2596.4,2565.9,58.39,33.66
MOUNT EDEN HIGH SCHOOL,2020,86.0,60.0,31.0,0.6976744186046512,0.5166666666666667,Hayward,Alameda,Hayward Unified,01611920135319,High Schools (Public),False,460.0,436.0,94.8,192.0,44.0,439.0,63.8,31.0,80.0,152.0,4.0,13.0,1999.0,1333.0,0.6668334167083542,2598.1,2535.3,58.09,25.86
MOUNT EDEN HIGH SCHOOL,2021,84.0,64.0,35.0,0.7619047619047619,0.546875,Hayward,Alameda,Hayward Unified,01611920135319,High Schools (Public),False,411.0,359.0,87.3,182.0,50.7,361.0,65.1,32.0,64.0,115.0,11.0,13.0,1967.0,1074.0,0.5460091509913574,,,,
MOUNT EDEN HIGH SCHOOL,2022,96.0,69.0,32.0,0.71875,0.463768115942029,Hayward,Alameda,Hayward Unified,01611920135319,High Schools (Public),False,455.0,408.0,89.7,166.0,40.7,411.0,58.9,32.0,57.0,142.0,2.0,9.0,,,,,,,
MOUNT EDEN HIGH SCHOOL,2023,110.0,81.0,32.0,0.7363636363636363,0.3950617283950617,Hayward,Alameda,Hayward Unified,01611920135319,High Schools (Public),False,472.0,398.0,84.3,206.0,51.8,403.0,70.2,32.0,78.0,155.0,8.0,10.0,1947.0,1339.0,0.6877247046738573,2592.9,2533.9,55.12,22.96
MOUNT EDEN HIGH SCHOOL,2024,95.0,67.0,33.0,0.7052631578947368,0.4925373134328358,Hayward,Alameda,Hayward Unified,01611920135319,High Schools (Public),False,434.0,366.0,84.3,167.0,45.6,,,,,,,,1892.0,1512.0,0.7991543340380549,2581.8,2520.2,56.05,19.61
MOUNT EDEN HIGH SCHOOL,2025,97.0,82.0,28.0,0.845360824742268,0.34146341463414637,Hayward,Alameda,Hayward Unified,01611920135319,High Schools (Public),False,417.0,365.0,87.5,160.0,43.8,,,,,,,,1865.0,1399.0,0.7501340482573726,2575.9,2521.6,49.46,21.59
MOUNT PLEASANT HIGH SCHOOL,2005,63.0,55.0,32.0,0.873015873015873,0.5818181818181818,San Jose,Santa Clara,East Side Union High,43694274334900,High Schools (Public),False,,,,,,,,,,,,,,,,,,,
MOUNT PLEASANT HIGH SCHOOL,2006,37.0,34.0,20.0,0.918918918918919,0.5882352941176471,San Jose,Santa Clara,East Side Union High,43694274334900,High Schools (Public),False,,,,,,,,,,,,,,,,,,,
MOUNT PLEASANT HIGH SCHOOL,2007,48.0,39.0,25.0,0.8125,0.6410256410256411,San Jose,Santa Clara,East Side Union High,43694274334900,High Schools (Public),False,,,,,,,,,,,,,,,,,,,
MOUNT PLEASANT HIGH SCHOOL,2008,75.0,65.0,42.0,0.8666666666666667,0.6461538461538462,San Jose,Santa Clara,East Side Union High,43694274334900,High Schools (Public),False,,,,,,,,,,,,,,,,,,,
MOUNT PLEASANT HIGH SCHOOL,2009,52.0,46.0,23.0,0.8846153846153846,0.5,San Jose,Santa Clara,East Side Union High,43694274334900,High Schools (Public),False,,,,,,,,,,,,,,,,,,,
MOUNT PLEASANT HIGH SCHOOL,2010,60.0,52.0,31.0,0.8666666666666667,0.5961538461538461,San Jose,Santa Clara,East Side Union High,43694274334900,High Schools (Public),False,,,,,,,,,,,,,,,,,,,
MOUNT PLEASANT HIGH SCHOOL,2011,54.0,39.0,22.0,0.7222222222222222,0.5641025641025641,San Jose,Santa Clara,East Side Union High,43694274334900,High Schools (Public),False,,,,,,,,,,,,,,,,,,,
MOUNT PLEASANT HIGH SCHOOL,2012,55.0,43.0,31.0,0.7818181818181819,0.7209302325581395,San Jose,Santa Clara,East Side Union High,43694274334900,High Schools (Public),False,,,,,,,,,,,,,,,,,,,
MOUNT PLEASANT HIGH SCHOOL,2013,48.0,32.0,23.0,0.6666666666666666,0.71875,San Jose,Santa Clara,East Side Union High,43694274334900,High Schools (Public),False,,,,,,,,,,,,,,,,,,,
MOUNT PLEASANT HIGH SCHOOL,2014,57.0,40.0,24.0,0.7017543859649122,0.6,San Jose,Santa Clara,East Side Union High,43694274334900,High Schools (Public),False,,,,,,,,,,,,,1512.0,,,,,,
MOUNT PLEASANT HIGH SCHOOL,2015,54.0,25.0,15.0,0.46296296296296297,0.6,San Jose,Santa Clara,East Side Union High,43694274334900,High Schools (Public),False,,,,,,324.0,70.1,10.0,44.0,161.0,6.0,6.0,1452.0,877.0,0.6039944903581267,,,,
MOUNT PLEASANT HIGH SCHOOL,2016,47.0,27.0,20.0,0.574468085106383,0.7407407407407407,San Jose,Santa Clara,East Side Union High,43694274334900,High Schools (Public),False,,,,,,294.0,75.9,19.0,46.0,151.0,4.0,3.0,1380.0,876.0,0.6347826086956522,2592.8,2543.5,58.0,22.0
MOUNT PLEASANT HIGH SCHOOL,2017,44.0,25.0,13.0,0.5681818181818182,0.52,San Jose,Santa Clara,East Side Union High,43694274334900,High Schools (Public),False,347.0,292.0,84.1,120.0,41.1,300.0,72.3,12.0,69.0,130.0,4.0,2.0,1401.0,941.0,0.6716630977872948,2598.1,2554.9,59.0,26.0
MOUNT PLEASANT HIGH SCHOOL,2018,51.0,27.0,15.0,0.5294117647058824,0.5555555555555556,San Jose,Santa Clara,East Side Union High,43694274334900,High Schools (Public),False,333.0,285.0,85.6,116.0,40.7,291.0,78.0,16.0,50.0,154.0,6.0,1.0,1292.0,914.0,0.7074303405572755,2585.5,2540.0,58.04,21.85
MOUNT PLEASANT HIGH SCHOOL,2019,62.0,39.0,18.0,0.6290322580645161,0.46153846153846156,San Jose,Santa Clara,East Side Union High,43694274334900,High Schools (Public),False,294.0,268.0,91.2,131.0,48.9,277.0,68.2,17.0,55.0,107.0,7.0,3.0,1271.0,811.0,0.6380802517702596,2589.7,2555.9,55.36,29.51
MOUNT PLEASANT HIGH SCHOOL,2020,57.0,46.0,24.0,0.8070175438596491,0.5217391304347826,San Jose,Santa Clara,East Side Union High,43694274334900,High Schools (Public),False,313.0,265.0,84.7,118.0,44.5,275.0,73.8,21.0,31.0,140.0,2.0,9.0,1265.0,844.0,0.6671936758893281,2595.7,2554.0,57.62,26.09
MOUNT PLEASANT HIGH SCHOOL,2021,49.0,35.0,12.0,0.7142857142857143,0.34285714285714286,San Jose,Santa Clara,East Side Union High,43694274334900,High Schools (Public),False,299.0,234.0,78.3,112.0,47.9,244.0,71.7,12.0,40.0,113.0,4.0,6.0,1325.0,789.0,0.5954716981132075,,,,
MOUNT PLEASANT HIGH SCHOOL,2022,48.0,37.0,17.0,0.7708333333333334,0.4594594594594595,San Jose,Santa Clara,East Side Union High,43694274334900,High Schools (Public),False,324.0,297.0,91.7,126.0,42.4,315.0,64.4,18.0,47.0,127.0,7.0,4.0,,,,2600.9,2566.9,61.43,29.28
MOUNT PLEASANT HIGH SCHOOL,2023,50.0,33.0,12.0,0.66,0.36363636363636365,San Jose,Santa Clara,East Side Union High,43694274334900,High Schools (Public),False,293.0,251.0,85.7,92.0,36.7,259.0,66.8,11.0,28.0,128.0,4.0,2.0,1209.0,534.0,0.4416873449131513,2588.6,2514.8,52.59,21.43
MOUNT PLEASANT HIGH SCHOOL,2024,29.0,25.0,11.0,0.8620689655172413,0.44,San Jose,Santa Clara,East Side Union High,43694274334900,High Schools (Public),False,296.0,253.0,85.5,98.0,38.7,,,,,,,,1109.0,605.0,0.545536519386835,2586.9,2505.3,56.2,14.29
MOUNT PLEASANT HIGH SCHOOL,2025,39.0,35.0,14.0,0.8974358974358975,0.4,San Jose,Santa Clara,East Side Union High,43694274334900,High Schools (Public),False,278.0,243.0,87.4,89.0,36.6,,,,,,,,998.0,624.0,0.625250501002004,2572.8,2506.8,46.49,17.62
MOUNTAIN VIEW HIGH SCHOOL,2005,141.0,136.0,63.0,0.9645390070921985,0.4632352941176471,Mountain View,Santa Clara,Mountain View-Los Altos Union High,43696094334728,High Schools (Public),False,,,,,,,,,,,,,,,,,,,
MOUNTAIN VIEW HIGH SCHOOL,2006,180.0,167.0,89.0,0.9277777777777778,0.5329341317365269,Mountain View,Santa Clara,Mountain View-Los Altos Union High,43696094334728,High Schools (Public),False,,,,,,,,,,,,,,,,,,,
MOUNTAIN VIEW HIGH SCHOOL,2007,218.0,208.0,104.0,0.9541284403669725,0.5,Mountain View,Santa Clara,Mountain View-Los Altos Union High,43696094334728,High Schools (Public),False,,,,,,,,,,,,,,,,,,,
MOUNTAIN VIEW HIGH SCHOOL,2008,156.0,149.0,76.0,0.9551282051282052,0.5100671140939598,Mountain View,Santa Clara,Mountain View-Los Altos Union High,43696094334728,High Schools (Public),False,,,,,,,,,,,,,,,,,,,
MOUNTAIN VIEW HIGH SCHOOL,2009,192.0,175.0,71.0,0.9114583333333334,0.4057142857142857,Mountain View,Santa Clara,Mountain View-Los Altos Union High,43696094334728,High Schools (Public),False,,,,,,,,,,,,,,,,,,,
MOUNTAIN VIEW HIGH SCHOOL,2010,200.0,182.0,80.0,0.91,0.43956043956043955,Mountain View,Santa Clara,Mountain View-Los Altos Union High,43696094334728,High Schools (Public),False,,,,,,,,,,,,,,,,,,,
MOUNTAIN VIEW HIGH SCHOOL,2011,212.0,177.0,92.0,0.8349056603773585,0.519774011299435,Mountain View,Santa Clara,Mountain View-Los Altos Union High,43696094334728,High Schools (Public),False,,,,,,,,,,,,,,,,,,,
MOUNTAIN VIEW HIGH SCHOOL,2012,220.0,164.0,67.0,0.7454545454545455,0.40853658536585363,Mountain View,Santa Clara,Mountain View-Los Altos Union High,43696094334728,High Schools (Public),False,,,,,,,,,,,,,,,,,,,
MOUNTAIN VIEW HIGH SCHOOL,2013,214.0,148.0,59.0,0.6915887850467289,0.39864864864864863,Mountain View,Santa Clara,Mountain View-Los Altos Union High,43696094334728,High Schools (Public),False,,,,,,,,,,,,,,,,,,,
MOUNTAIN VIEW HIGH SCHOOL,2014,215.0,148.0,60.0,0.6883720930232559,0.40540540540540543,Mountain View,Santa Clara,Mountain View-Los Altos Union High,43696094334728,High Schools (Public),False,,,,,,,,,,,,,1838.0,,,,,,
MOUNTAIN VIEW HIGH SCHOOL,2015,198.0,131.0,54.0,0.6616161616161617,0.4122137404580153,Mountain View,Santa Clara,Mountain View-Los Altos Union High,43696094334728,High Schools (Public),False,,,,,,437.0,68.6,46.0,69.0,57.0,25.0,103.0,1836.0,315.0,0.1715686274509804,,,,
MOUNTAIN VIEW HIGH SCHOOL,2016,217.0,184.0,93.0,0.847926267281106,0.5054347826086957,Mountain View,Santa Clara,Mountain View-Los Altos Union High,43696094334728,High Schools (Public),False,,,,,,436.0,82.1,94.0,47.0,96.0,33.0,88.0,1871.0,271.0,0.1448423303046499,2662.7,2671.5,75.0,65.0
MOUNTAIN VIEW HIGH SCHOOL,2017,204.0,144.0,68.0,0.7058823529411765,0.4722222222222222,Mountain View,Santa Clara,Mountain View-Los Altos Union High,43696094334728,High Schools (Public),False,440.0,420.0,95.5,312.0,74.3,430.0,82.6,66.0,53.0,108.0,32.0,96.0,1912.0,270.0,0.1412133891213389,2642.2,2663.2,72.0,63.0
MOUNTAIN VIEW HIGH SCHOOL,2018,228.0,155.0,69.0,0.6798245614035088,0.44516129032258067,Mountain View,Santa Clara,Mountain View-Los Altos Union High,43696094334728,High Schools (Public),False,459.0,434.0,94.6,276.0,63.6,439.0,83.1,67.0,65.0,94.0,36.0,103.0,1969.0,338.0,0.1716607414931437,2683.9,2675.3,85.14,68.5
MOUNTAIN VIEW HIGH SCHOOL,2019,252.0,156.0,62.0,0.6190476190476191,0.3974358974358974,Mountain View,Santa Clara,Mountain View-Los Altos Union High,43696094334728,High Schools (Public),False,460.0,423.0,92.0,344.0,81.3,437.0,80.5,58.0,65.0,75.0,36.0,118.0,2062.0,318.0,0.1542192046556741,2674.7,2680.4,79.41,71.46
MOUNTAIN VIEW HIGH SCHOOL,2020,234.0,178.0,78.0,0.7606837606837606,0.43820224719101125,Mountain View,Santa Clara,Mountain View-Los Altos Union High,43696094334728,High Schools (Public),False,498.0,447.0,89.8,344.0,77.0,465.0,80.9,74.0,61.0,91.0,30.0,120.0,2183.0,317.0,0.1452130096197892,2685.9,2698.7,82.94,71.39
MOUNTAIN VIEW HIGH SCHOOL,2021,261.0,170.0,68.0,0.6513409961685823,0.4,Mountain View,Santa Clara,Mountain View-Los Altos Union High,43696094334728,High Schools (Public),False,500.0,457.0,91.4,394.0,86.2,469.0,80.4,66.0,51.0,91.0,36.0,133.0,2257.0,224.0,0.0992467877713779,,,,
MOUNTAIN VIEW HIGH SCHOOL,2022,309.0,204.0,84.0,0.6601941747572816,0.4117647058823529,Mountain View,Santa Clara,Mountain View-Los Altos Union High,43696094334728,High Schools (Public),False,586.0,552.0,94.2,414.0,75.0,564.0,81.4,83.0,63.0,113.0,39.0,161.0,,,,2723.8,2744.1,88.97,82.67
MOUNTAIN VIEW HIGH SCHOOL,2023,330.0,239.0,89.0,0.7242424242424242,0.3723849372384937,Mountain View,Santa Clara,Mountain View-Los Altos Union High,43696094334728,High Schools (Public),False,595.0,555.0,93.3,453.0,81.6,563.0,82.9,84.0,69.0,103.0,44.0,167.0,2220.0,281.0,0.1265765765765766,2688.1,2695.0,84.11,72.75
MOUNTAIN VIEW HIGH SCHOOL,2024,334.0,248.0,109.0,0.7425149700598802,0.43951612903225806,Mountain View,Santa Clara,Mountain View-Los Altos Union High,43696094334728,High Schools (Public),False,569.0,547.0,96.1,429.0,78.4,,,,,,,,2202.0,288.0,0.1307901907356948,2690.4,2692.2,85.25,69.42
MOUNTAIN VIEW HIGH SCHOOL,2025,341.0,254.0,99.0,0.7448680351906158,0.38976377952755903,Mountain View,Santa Clara,Mountain View-Los Altos Union High,43696094334728,High Schools (Public),False,584.0,554.0,94.9,461.0,83.2,,,,,,,,2187.0,277.0,0.1266575217192501,2686.9,2693.4,82.07,69.2
NAPA HIGH SCHOOL,2005,68.0,67.0,35.0,0.9852941176470589,0.5223880597014925,Napa,Napa,Napa Valley Unified,28662662835601,High Schools (Public),False,,,,,,,,,,,,,,,,,,,
NAPA HIGH SCHOOL,2006,68.0,62.0,37.0,0.9117647058823529,0.5967741935483871,Napa,Napa,Napa Valley Unified,28662662835601,High Schools (Public),False,,,,,,,,,,,,,,,,,,,
NAPA HIGH SCHOOL,2007,69.0,67.0,40.0,0.9710144927536232,0.5970149253731343,Napa,Napa,Napa Valley Unified,28662662835601,High Schools (Public),False,,,,,,,,,,,,,,,,,,,
NAPA HIGH SCHOOL,2008,60.0,59.0,28.0,0.9833333333333333,0.4745762711864407,Napa,Napa,Napa Valley Unified,28662662835601,High Schools (Public),False,,,,,,,,,,,,,,,,,,,
NAPA HIGH SCHOOL,2009,83.0,72.0,30.0,0.8674698795180723,0.4166666666666667,Napa,Napa,Napa Valley Unified,28662662835601,High Schools (Public),False,,,,,,,,,,,,,,,,,,,
NAPA HIGH SCHOOL,2010,99.0,94.0,36.0,0.9494949494949495,0.3829787234042553,Napa,Napa,Napa Valley Unified,28662662835601,High Schools (Public),False,,,,,,,,,,,,,,,,,,,
NAPA HIGH SCHOOL,2011,96.0,72.0,35.0,0.75,0.4861111111111111,Napa,Napa,Napa Valley Unified,28662662835601,High Schools (Public),False,,,,,,,,,,,,,,,,,,,
NAPA HIGH SCHOOL,2012,96.0,53.0,25.0,0.5520833333333334,0.4716981132075472,Napa,Napa,Napa Valley Unified,28662662835601,High Schools (Public),False,,,,,,,,,,,,,,,,,,,
NAPA HIGH SCHOOL,2013,97.0,55.0,27.0,0.5670103092783505,0.4909090909090909,Napa,Napa,Napa Valley Unified,28662662835601,High Schools (Public),False,,,,,,,,,,,,,,,,,,,
NAPA HIGH SCHOOL,2014,69.0,43.0,22.0,0.6231884057971014,0.5116279069767442,Napa,Napa,Napa Valley Unified,28662662835601,High Schools (Public),False,,,,,,,,,,,,,1890.0,,,,,,
NAPA HIGH SCHOOL,2015,88.0,48.0,27.0,0.5454545454545454,0.5625,Napa,Napa,Napa Valley Unified,28662662835601,High Schools (Public),False,,,,,,381.0,68.8,22.0,47.0,157.0,6.0,30.0,1916.0,838.0,0.4373695198329854,,,,
NAPA HIGH SCHOOL,2016,97.0,56.0,33.0,0.5773195876288659,0.5892857142857143,Napa,Napa,Napa Valley Unified,28662662835601,High Schools (Public),False,,,,,,411.0,75.9,30.0,49.0,191.0,9.0,33.0,1884.0,896.0,0.4755838641188959,2571.1,2557.1,47.0,28.0
NAPA HIGH SCHOOL,2017,109.0,60.0,41.0,0.5504587155963303,0.6833333333333333,Napa,Napa,Napa Valley Unified,28662662835601,High Schools (Public),False,403.0,373.0,92.6,189.0,50.7,387.0,74.7,38.0,46.0,174.0,8.0,23.0,1847.0,872.0,0.4721169463995668,2602.4,2579.7,62.0,34.0
NAPA HIGH SCHOOL,2018,92.0,53.0,27.0,0.5760869565217391,0.5094339622641509,Napa,Napa,Napa Valley Unified,28662662835601,High Schools (Public),False,386.0,349.0,90.4,184.0,52.7,360.0,74.4,27.0,43.0,157.0,13.0,28.0,1906.0,1021.0,0.5356768100734522,2599.7,2575.6,61.78,34.91
NAPA HIGH SCHOOL,2019,64.0,44.0,31.0,0.6875,0.7045454545454546,Napa,Napa,Napa Valley Unified,28662662835601,High Schools (Public),False,389.0,360.0,92.5,204.0,56.7,368.0,74.7,30.0,42.0,171.0,4.0,28.0,1892.0,987.0,0.5216701902748414,2599.4,2569.1,60.64,32.42
NAPA HIGH SCHOOL,2020,84.0,54.0,22.0,0.6428571428571429,0.4074074074074074,Napa,Napa,Napa Valley Unified,28662662835601,High Schools (Public),False,449.0,420.0,93.5,209.0,49.8,418.0,73.4,22.0,42.0,195.0,9.0,39.0,1901.0,940.0,0.4944765912677538,2598.6,2549.6,58.82,25.0
NAPA HIGH SCHOOL,2021,90.0,56.0,30.0,0.6222222222222222,0.5357142857142857,Napa,Napa,Napa Valley Unified,28662662835601,High Schools (Public),False,457.0,423.0,92.6,194.0,45.9,423.0,72.1,28.0,40.0,211.0,5.0,21.0,1914.0,1080.0,0.5642633228840125,,,,
NAPA HIGH SCHOOL,2022,92.0,55.0,32.0,0.5978260869565217,0.5818181818181818,Napa,Napa,Napa Valley Unified,28662662835601,High Schools (Public),False,395.0,375.0,94.9,184.0,49.1,374.0,72.5,28.0,41.0,173.0,6.0,23.0,,,,,,,
NAPA HIGH SCHOOL,2023,65.0,41.0,24.0,0.6307692307692307,0.5853658536585366,Napa,Napa,Napa Valley Unified,28662662835601,High Schools (Public),False,389.0,366.0,94.1,150.0,41.0,364.0,72.5,23.0,37.0,184.0,5.0,15.0,1762.0,1280.0,0.7264472190692395,2549.0,2504.0,42.45,15.45
NAPA HIGH SCHOOL,2024,74.0,52.0,25.0,0.7027027027027027,0.4807692307692308,Napa,Napa,Napa Valley Unified,28662662835601,High Schools (Public),False,448.0,426.0,95.1,166.0,39.0,,,,,,,,1757.0,1295.0,0.7370517928286853,2580.4,2507.8,51.36,18.16
NAPA HIGH SCHOOL,2025,54.0,38.0,14.0,0.7037037037037037,0.3684210526315789,Napa,Napa,Napa Valley Unified,28662662835601,High Schools (Public),False,389.0,357.0,91.8,122.0,34.2,,,,,,,,1642.0,1222.0,0.7442143727161997,2535.8,2495.0,38.38,12.07
NEA COMMUNITY LEARNING CENTER,2014,14.0,10.0,5.0,0.7142857142857143,0.5,Alameda,Alameda,Alameda Unified,01611190119222,K-12 Schools (Public),True,,,,,,,,,,,,,510.0,,,,,,
NEA COMMUNITY LEARNING CENTER,2016,10.0,7.0,5.0,0.7,0.7142857142857143,Alameda,Alameda,Alameda Unified,01611190119222,K-12 Schools (Public),True,,,,,,24.0,83.3,5.0,5.0,10.0,0.0,0.0,528.0,116.0,0.2196969696969697,2618.5,2564.2,63.0,29.0
NEA COMMUNITY LEARNING CENTER,2017,7.0,5.0,5.0,0.7142857142857143,1.0,Alameda,Alameda,Alameda Unified,01611190119222,K-12 Schools (Public),True,20.0,16.0,80.0,16.0,100.0,16.0,93.8,4.0,3.0,6.0,0.0,2.0,528.0,166.0,0.3143939393939394,2588.3,2539.3,52.0,29.0
NEA COMMUNITY LEARNING CENTER,2018,11.0,6.0,5.0,0.5454545454545454,0.8333333333333334,Alameda,Alameda,Alameda Unified,01611190119222,K-12 Schools (Public),True,30.0,26.0,86.7,19.0,73.1,26.0,65.4,5.0,2.0,8.0,1.0,1.0,553.0,167.0,0.3019891500904159,2598.0,2532.8,61.54,24.0
NEA COMMUNITY LEARNING CENTER,2019,8.0,,,,,Alameda,Alameda,Alameda Unified,01611190119222,K-12 Schools (Public),True,21.0,18.0,85.7,16.0,88.9,20.0,65.0,1.0,6.0,6.0,0.0,0.0,579.0,203.0,0.3506044905008635,2525.2,2496.5,30.0,5.0
NEA COMMUNITY LEARNING CENTER,2020,8.0,6.0,3.0,0.75,0.5,Alameda,Alameda,Alameda Unified,01611190119222,K-12 Schools (Public),True,34.0,33.0,97.1,30.0,90.9,34.0,55.9,3.0,5.0,7.0,1.0,3.0,610.0,238.0,0.3901639344262295,2595.3,2538.0,50.0,17.65
NEA COMMUNITY LEARNING CENTER,2021,25.0,17.0,5.0,0.68,0.29411764705882354,Alameda,Alameda,Alameda Unified,01611190119222,K-12 Schools (Public),True,47.0,47.0,100.0,44.0,93.6,46.0,60.9,5.0,10.0,8.0,3.0,2.0,589.0,195.0,0.3310696095076401,,,,
NEA COMMUNITY LEARNING CENTER,2022,16.0,11.0,9.0,0.6875,0.8181818181818182,Alameda,Alameda,Alameda Unified,01611190119222,K-12 Schools (Public),True,49.0,45.0,91.8,28.0,62.2,45.0,71.1,9.0,6.0,15.0,0.0,2.0,,,,,,,
NEA COMMUNITY LEARNING CENTER,2023,9.0,8.0,5.0,0.8888888888888888,0.625,Alameda,Alameda,Alameda Unified,01611190119222,K-12 Schools (Public),True,30.0,28.0,93.3,25.0,89.3,30.0,56.7,5.0,1.0,7.0,1.0,3.0,524.0,212.0,0.4045801526717557,2534.4,2472.3,33.33,6.25
NEA COMMUNITY LEARNING CENTER,2024,9.0,7.0,3.0,0.7777777777777778,0.42857142857142855,Alameda,Alameda,Alameda Unified,01611190119222,K-12 Schools (Public),True,25.0,24.0,96.0,22.0,91.7,,,,,,,,487.0,161.0,0.3305954825462012,2474.9,2454.5,17.86,14.29
NEA COMMUNITY LEARNING CENTER,2025,7.0,,,,,Alameda,Alameda,Alameda Unified,01611190119222,K-12 Schools (Public),True,33.0,32.0,97.0,29.0,90.6,,,,,,,,479.0,154.0,0.3215031315240083,2484.5,2444.6,24.24,3.03
NEW TECHNOLOGY HIGH SCHOOL,2005,15.0,13.0,9.0,0.8666666666666667,0.6923076923076923,Napa,Napa,Napa Valley Unified,28662662830115,Alternative Schools of Choice,False,,,,,,,,,,,,,,,,,,,
NEW TECHNOLOGY HIGH SCHOOL,2006,13.0,11.0,8.0,0.8461538461538461,0.7272727272727273,Napa,Napa,Napa Valley Unified,28662662830115,Alternative Schools of Choice,False,,,,,,,,,,,,,,,,,,,
NEW TECHNOLOGY HIGH SCHOOL,2007,12.0,10.0,5.0,0.8333333333333334,0.5,Napa,Napa,Napa Valley Unified,28662662830115,Alternative Schools of Choice,False,,,,,,,,,,,,,,,,,,,
NEW TECHNOLOGY HIGH SCHOOL,2008,14.0,13.0,7.0,0.9285714285714286,0.5384615384615384,Napa,Napa,Napa Valley Unified,28662662830115,Alternative Schools of Choice,False,,,,,,,,,,,,,,,,,,,
NEW TECHNOLOGY HIGH SCHOOL,2009,13.0,9,,0.6923076923076923,,Napa,Napa,Napa Valley Unified,28662662830115,Alternative Schools of Choice,False,,,,,,,,,,,,,,,,,,,
NEW TECHNOLOGY HIGH SCHOOL,2010,10.0,7.0,3.0,0.7,0.42857142857142855,Napa,Napa,Napa Valley Unified,28662662830115,Alternative Schools of Choice,False,,,,,,,,,,,,,,,,,,,
NEW TECHNOLOGY HIGH SCHOOL,2011,13.0,10.0,9.0,0.7692307692307693,0.9,Napa,Napa,Napa Valley Unified,28662662830115,Alternative Schools of Choice,False,,,,,,,,,,,,,,,,,,,
NEW TECHNOLOGY HIGH SCHOOL,2012,18.0,12.0,4.0,0.6666666666666666,0.3333333333333333,Napa,Napa,Napa Valley Unified,28662662830115,Alternative Schools of Choice,False,,,,,,,,,,,,,,,,,,,
NEW TECHNOLOGY HIGH SCHOOL,2013,20.0,11.0,6.0,0.55,0.5454545454545454,Napa,Napa,Napa Valley Unified,28662662830115,Alternative Schools of Choice,False,,,,,,,,,,,,,,,,,,,
NEW TECHNOLOGY HIGH SCHOOL,2014,21.0,10.0,5.0,0.47619047619047616,0.5,Napa,Napa,Napa Valley Unified,28662662830115,Alternative Schools of Choice,False,,,,,,,,,,,,,408.0,,,,,,
NEW TECHNOLOGY HIGH SCHOOL,2015,10.0,9.0,3.0,0.9,0.3333333333333333,Napa,Napa,Napa Valley Unified,28662662830115,Alternative Schools of Choice,False,,,,,,76.0,76.3,3.0,4.0,40.0,1.0,10.0,401.0,133.0,0.3316708229426434,,,,
NEW TECHNOLOGY HIGH SCHOOL,2016,24.0,13.0,6.0,0.5416666666666666,0.46153846153846156,Napa,Napa,Napa Valley Unified,28662662830115,Alternative Schools of Choice,False,,,,,,91.0,80.2,5.0,6.0,48.0,2.0,12.0,403.0,139.0,0.3449131513647642,2629.6,2577.1,70.0,32.0
NEW TECHNOLOGY HIGH SCHOOL,2017,20.0,8.0,4.0,0.4,0.5,Napa,Napa,Napa Valley Unified,28662662830115,Alternative Schools of Choice,False,96.0,87.0,90.6,49.0,56.3,90.0,70.0,4.0,5.0,43.0,1.0,10.0,404.0,141.0,0.349009900990099,2640.3,2578.1,72.0,33.0
NEW TECHNOLOGY HIGH SCHOOL,2018,18.0,12.0,8.0,0.6666666666666666,0.6666666666666666,Napa,Napa,Napa Valley Unified,28662662830115,Alternative Schools of Choice,False,85.0,77.0,90.6,45.0,58.4,83.0,78.3,6.0,5.0,43.0,5.0,6.0,393.0,150.0,0.3816793893129771,2624.0,2529.4,66.3,17.39
NEW TECHNOLOGY HIGH SCHOOL,2019,17.0,15.0,9.0,0.8823529411764706,0.6,Napa,Napa,Napa Valley Unified,28662662830115,Alternative Schools of Choice,False,97.0,92.0,94.8,54.0,58.7,95.0,74.7,9.0,7.0,43.0,2.0,10.0,417.0,150.0,0.3597122302158273,2607.1,2557.9,60.4,29.7
NEW TECHNOLOGY HIGH SCHOOL,2020,22.0,10.0,7.0,0.45454545454545453,0.7,Napa,Napa,Napa Valley Unified,28662662830115,Alternative Schools of Choice,False,97.0,93.0,95.9,61.0,65.6,97.0,82.5,7.0,3.0,61.0,1.0,8.0,396.0,153.0,0.3863636363636363,2608.5,2556.7,70.59,25.74
NEW TECHNOLOGY HIGH SCHOOL,2021,16.0,11.0,5.0,0.6875,0.45454545454545453,Napa,Napa,Napa Valley Unified,28662662830115,Alternative Schools of Choice,False,96.0,92.0,95.8,52.0,56.5,89.0,77.5,4.0,5.0,50.0,0.0,10.0,389.0,187.0,0.480719794344473,,,,
NEW TECHNOLOGY HIGH SCHOOL,2022,22.0,14.0,8.0,0.6363636363636364,0.5714285714285714,Napa,Napa,Napa Valley Unified,28662662830115,Alternative Schools of Choice,False,95.0,92.0,96.8,57.0,62.0,94.0,73.4,8.0,9.0,47.0,3.0,2.0,,,,,,,
NEW TECHNOLOGY HIGH SCHOOL,2023,18.0,11.0,6.0,0.6111111111111112,0.5454545454545454,Napa,Napa,Napa Valley Unified,28662662830115,Alternative Schools of Choice,False,81.0,79.0,97.5,39.0,49.4,80.0,73.8,6.0,6.0,42.0,2.0,3.0,356.0,247.0,0.6938202247191011,2567.8,2496.0,50.62,15.0
NEW TECHNOLOGY HIGH SCHOOL,2024,20.0,14.0,8.0,0.7,0.5714285714285714,Napa,Napa,Napa Valley Unified,28662662830115,Alternative Schools of Choice,False,101.0,99.0,98.0,47.0,47.5,,,,,,,,364.0,246.0,0.6758241758241759,2577.9,2512.1,51.52,15.15
NEW TECHNOLOGY HIGH SCHOOL,2025,16.0,12.0,6.0,0.75,0.5,Napa,Napa,Napa Valley Unified,28662662830115,Alternative Schools of Choice,False,76.0,75.0,98.7,31.0,41.3,,,,,,,,365.0,235.0,0.6438356164383562,2583.0,2519.0,54.43,12.66
NEWARK MEMORIAL HIGH SCHOOL,2005,43.0,35.0,18.0,0.813953488372093,0.5142857142857142,Newark,Alameda,Newark Unified,01612340130054,High Schools (Public),False,,,,,,,,,,,,,,,,,,,
NEWARK MEMORIAL HIGH SCHOOL,2006,64.0,59.0,32.0,0.921875,0.5423728813559322,Newark,Alameda,Newark Unified,01612340130054,High Schools (Public),False,,,,,,,,,,,,,,,,,,,
NEWARK MEMORIAL HIGH SCHOOL,2007,63.0,57.0,27.0,0.9047619047619048,0.47368421052631576,Newark,Alameda,Newark Unified,01612340130054,High Schools (Public),False,,,,,,,,,,,,,,,,,,,
NEWARK MEMORIAL HIGH SCHOOL,2008,73.0,66.0,33.0,0.9041095890410958,0.5,Newark,Alameda,Newark Unified,01612340130054,High Schools (Public),False,,,,,,,,,,,,,,,,,,,
NEWARK MEMORIAL HIGH SCHOOL,2009,85.0,77.0,44.0,0.9058823529411765,0.5714285714285714,Newark,Alameda,Newark Unified,01612340130054,High Schools (Public),False,,,,,,,,,,,,,,,,,,,
NEWARK MEMORIAL HIGH SCHOOL,2010,82.0,66.0,34.0,0.8048780487804879,0.5151515151515151,Newark,Alameda,Newark Unified,01612340130054,High Schools (Public),False,,,,,,,,,,,,,,,,,,,
NEWARK MEMORIAL HIGH SCHOOL,2011,76.0,56.0,36.0,0.7368421052631579,0.6428571428571429,Newark,Alameda,Newark Unified,01612340130054,High Schools (Public),False,,,,,,,,,,,,,,,,,,,
NEWARK MEMORIAL HIGH SCHOOL,2012,98.0,65.0,40.0,0.6632653061224489,0.6153846153846154,Newark,Alameda,Newark Unified,01612340130054,High Schools (Public),False,,,,,,,,,,,,,,,,,,,
NEWARK MEMORIAL HIGH SCHOOL,2013,82.0,45.0,28.0,0.5487804878048781,0.6222222222222222,Newark,Alameda,Newark Unified,01612340130054,High Schools (Public),False,,,,,,,,,,,,,,,,,,,
NEWARK MEMORIAL HIGH SCHOOL,2014,77.0,45.0,28.0,0.5844155844155844,0.6222222222222222,Newark,Alameda,Newark Unified,01612340130054,High Schools (Public),False,,,,,,,,,,,,,1849.0,,,,,,
NEWARK MEMORIAL HIGH SCHOOL,2015,95.0,59.0,37.0,0.6210526315789474,0.6271186440677966,Newark,Alameda,Newark Unified,01612340130054,High Schools (Public),False,,,,,,413.0,78.2,36.0,53.0,207.0,14.0,13.0,1850.0,838.0,0.4529729729729729,,,,
NEWARK MEMORIAL HIGH SCHOOL,2016,71.0,46.0,30.0,0.647887323943662,0.6521739130434783,Newark,Alameda,Newark Unified,01612340130054,High Schools (Public),False,,,,,,413.0,80.1,29.0,65.0,214.0,11.0,12.0,1767.0,744.0,0.4210526315789473,2605.7,2561.3,62.0,26.0
NEWARK MEMORIAL HIGH SCHOOL,2017,61.0,32.0,11.0,0.5245901639344263,0.34375,Newark,Alameda,Newark Unified,01612340130054,High Schools (Public),False,346.0,313.0,90.5,111.0,35.5,315.0,74.6,10.0,59.0,149.0,5.0,12.0,1703.0,759.0,0.4456840869054609,2608.3,2563.2,63.0,30.0
NEWARK MEMORIAL HIGH SCHOOL,2018,87.0,47.0,22.0,0.5402298850574713,0.46808510638297873,Newark,Alameda,Newark Unified,01612340130054,High Schools (Public),False,402.0,373.0,92.8,139.0,37.3,376.0,73.9,22.0,64.0,177.0,6.0,9.0,1789.0,802.0,0.4482951369480156,2614.7,2549.7,62.5,25.0
NEWARK MEMORIAL HIGH SCHOOL,2019,62.0,30.0,18.0,0.4838709677419355,0.6,Newark,Alameda,Newark Unified,01612340130054,High Schools (Public),False,398.0,371.0,93.2,136.0,36.7,366.0,73.5,17.0,44.0,186.0,8.0,14.0,1711.0,778.0,0.4547048509643483,2576.2,2533.8,52.38,21.86
NEWARK MEMORIAL HIGH SCHOOL,2020,82.0,64.0,38.0,0.7804878048780488,0.59375,Newark,Alameda,Newark Unified,01612340130054,High Schools (Public),False,404.0,378.0,93.6,145.0,38.4,381.0,70.1,37.0,56.0,141.0,15.0,18.0,1668.0,726.0,0.4352517985611511,2598.8,2552.7,60.66,27.48
NEWARK MEMORIAL HIGH SCHOOL,2021,96.0,59.0,35.0,0.6145833333333334,0.5932203389830508,Newark,Alameda,Newark Unified,01612340130054,High Schools (Public),False,414.0,373.0,90.1,175.0,46.9,371.0,69.8,33.0,59.0,138.0,11.0,18.0,1713.0,867.0,0.5061295971978984,,,,
NEWARK MEMORIAL HIGH SCHOOL,2022,87.0,58.0,34.0,0.6666666666666666,0.5862068965517241,Newark,Alameda,Newark Unified,01612340130054,High Schools (Public),False,385.0,352.0,91.4,156.0,44.3,357.0,65.3,34.0,62.0,115.0,13.0,9.0,,,,,,,
NEWARK MEMORIAL HIGH SCHOOL,2023,95.0,62.0,35.0,0.6526315789473685,0.5645161290322581,Newark,Alameda,Newark Unified,01612340130054,High Schools (Public),False,363.0,325.0,89.5,181.0,55.7,327.0,74.6,34.0,53.0,133.0,13.0,11.0,1510.0,613.0,0.4059602649006622,2587.3,2544.9,55.43,24.51
NEWARK MEMORIAL HIGH SCHOOL,2024,104.0,76.0,42.0,0.7307692307692307,0.5526315789473685,Newark,Alameda,Newark Unified,01612340130054,High Schools (Public),False,363.0,338.0,93.1,134.0,39.6,,,,,,,,1407.0,626.0,0.4449182658137882,2574.7,2529.6,53.89,24.21
NEWARK MEMORIAL HIGH SCHOOL,2025,88.0,68.0,35.0,0.7727272727272727,0.5147058823529411,Newark,Alameda,Newark Unified,01612340130054,High Schools (Public),False,354.0,332.0,93.8,134.0,40.4,,,,,,,,1367.0,532.0,0.3891733723482077,2591.1,2543.2,56.94,25.14
NORTHGATE HIGH SCHOOL,2005,151.0,137.0,78.0,0.9072847682119205,0.5693430656934306,Walnut Creek,Contra Costa,Mt. Diablo Unified,07617540730044,High Schools (Public),False,,,,,,,,,,,,,,,,,,,
NORTHGATE HIGH SCHOOL,2006,157.0,149.0,89.0,0.9490445859872612,0.5973154362416108,Walnut Creek,Contra Costa,Mt. Diablo Unified,07617540730044,High Schools (Public),False,,,,,,,,,,,,,,,,,,,
NORTHGATE HIGH SCHOOL,2007,151.0,139.0,83.0,0.9205298013245033,0.5971223021582733,Walnut Creek,Contra Costa,Mt. Diablo Unified,07617540730044,High Schools (Public),False,,,,,,,,,,,,,,,,,,,
NORTHGATE HIGH SCHOOL,2008,143.0,135.0,66.0,0.9440559440559441,0.4888888888888889,Walnut Creek,Contra Costa,Mt. Diablo Unified,07617540730044,High Schools (Public),False,,,,,,,,,,,,,,,,,,,
NORTHGATE HIGH SCHOOL,2009,136.0,118.0,56.0,0.8676470588235294,0.4745762711864407,Walnut Creek,Contra Costa,Mt. Diablo Unified,07617540730044,High Schools (Public),False,,,,,,,,,,,,,,,,,,,
NORTHGATE HIGH SCHOOL,2010,143.0,130.0,67.0,0.9090909090909091,0.5153846153846153,Walnut Creek,Contra Costa,Mt. Diablo Unified,07617540730044,High Schools (Public),False,,,,,,,,,,,,,,,,,,,
NORTHGATE HIGH SCHOOL,2011,113.0,83.0,44.0,0.7345132743362832,0.5301204819277109,Walnut Creek,Contra Costa,Mt. Diablo Unified,07617540730044,High Schools (Public),False,,,,,,,,,,,,,,,,,,,
NORTHGATE HIGH SCHOOL,2012,131.0,85.0,51.0,0.648854961832061,0.6,Walnut Creek,Contra Costa,Mt. Diablo Unified,07617540730044,High Schools (Public),False,,,,,,,,,,,,,,,,,,,
NORTHGATE HIGH SCHOOL,2013,126.0,96.0,45.0,0.7619047619047619,0.46875,Walnut Creek,Contra Costa,Mt. Diablo Unified,07617540730044,High Schools (Public),False,,,,,,,,,,,,,,,,,,,
NORTHGATE HIGH SCHOOL,2014,131.0,84.0,48.0,0.6412213740458015,0.5714285714285714,Walnut Creek,Contra Costa,Mt. Diablo Unified,07617540730044,High Schools (Public),False,,,,,,,,,,,,,1643.0,,,,,,
NORTHGATE HIGH SCHOOL,2015,154.0,103.0,55.0,0.6688311688311688,0.5339805825242718,Walnut Creek,Contra Costa,Mt. Diablo Unified,07617540730044,High Schools (Public),False,,,,,,415.0,79.8,41.0,61.0,115.0,30.0,84.0,1671.0,154.0,0.0921603830041891,,,,
NORTHGATE HIGH SCHOOL,2016,163.0,114.0,60.0,0.6993865030674846,0.5263157894736842,Walnut Creek,Contra Costa,Mt. Diablo Unified,07617540730044,High Schools (Public),False,,,,,,381.0,84.8,58.0,61.0,93.0,22.0,89.0,1599.0,147.0,0.0919324577861163,2669.1,2642.6,83.0,60.0
NORTHGATE HIGH SCHOOL,2017,142.0,95.0,53.0,0.6690140845070423,0.5578947368421052,Walnut Creek,Contra Costa,Mt. Diablo Unified,07617540730044,High Schools (Public),False,359.0,348.0,96.9,265.0,76.1,354.0,85.9,49.0,65.0,89.0,16.0,85.0,1558.0,130.0,0.0834403080872914,2637.4,2646.0,75.0,61.0
NORTHGATE HIGH SCHOOL,2018,179.0,104.0,57.0,0.5810055865921788,0.5480769230769231,Walnut Creek,Contra Costa,Mt. Diablo Unified,07617540730044,High Schools (Public),False,418.0,406.0,97.1,264.0,65.0,411.0,84.7,56.0,73.0,128.0,26.0,65.0,1523.0,175.0,0.1149047931713723,2662.5,2644.9,80.87,61.65
NORTHGATE HIGH SCHOOL,2019,166.0,113.0,61.0,0.6807228915662651,0.5398230088495575,Walnut Creek,Contra Costa,Mt. Diablo Unified,07617540730044,High Schools (Public),False,369.0,357.0,96.7,247.0,69.2,359.0,82.5,58.0,57.0,82.0,24.0,75.0,1490.0,185.0,0.1241610738255033,2656.7,2646.4,76.42,60.12
NORTHGATE HIGH SCHOOL,2020,147.0,102.0,59.0,0.6938775510204082,0.5784313725490197,Walnut Creek,Contra Costa,Mt. Diablo Unified,07617540730044,High Schools (Public),False,356.0,351.0,98.6,248.0,70.7,352.0,87.2,62.0,60.0,87.0,24.0,74.0,1487.0,155.0,0.1042367182246133,2660.3,2658.5,79.29,63.41
NORTHGATE HIGH SCHOOL,2021,175.0,114.0,63.0,0.6514285714285715,0.5526315789473685,Walnut Creek,Contra Costa,Mt. Diablo Unified,07617540730044,High Schools (Public),False,353.0,345.0,97.7,223.0,64.6,345.0,84.6,61.0,44.0,108.0,15.0,64.0,1492.0,164.0,0.1099195710455764,,,,
NORTHGATE HIGH SCHOOL,2022,179.0,105.0,63.0,0.5865921787709497,0.6,Walnut Creek,Contra Costa,Mt. Diablo Unified,07617540730044,High Schools (Public),False,365.0,361.0,98.9,246.0,68.1,364.0,83.8,59.0,53.0,108.0,16.0,69.0,,,,2677.9,2676.6,84.91,64.84
NORTHGATE HIGH SCHOOL,2023,202.0,129.0,70.0,0.6386138613861386,0.5426356589147286,Walnut Creek,Contra Costa,Mt. Diablo Unified,07617540730044,High Schools (Public),False,374.0,363.0,97.1,272.0,74.9,364.0,88.5,64.0,62.0,115.0,18.0,63.0,1507.0,148.0,0.0982083609820836,2680.6,2656.1,86.45,59.17
NORTHGATE HIGH SCHOOL,2024,187.0,125.0,59.0,0.6684491978609626,0.472,Walnut Creek,Contra Costa,Mt. Diablo Unified,07617540730044,High Schools (Public),False,373.0,362.0,97.1,270.0,74.6,,,,,,,,1535.0,154.0,0.1003257328990228,2675.6,2641.6,80.66,53.59
NORTHGATE HIGH SCHOOL,2025,178.0,143.0,75.0,0.8033707865168539,0.5244755244755245,Walnut Creek,Contra Costa,Mt. Diablo Unified,07617540730044,High Schools (Public),False,382.0,377.0,98.7,251.0,66.6,,,,,,,,1546.0,346.0,0.2238033635187581,2647.6,2645.3,76.65,56.91
NOVA INDEPENDENT STUDY,2025,6.0,3,,0.5,,Novato,Marin,Novato Unified,21654172130045,Alternative Schools of Choice,False,33.0,32.0,97.0,14.0,43.8,,,,,,,,73.0,24.0,0.3287671232876712,2607.6,2522.9,69.57,16.67
NOVATO HIGH SCHOOL,2005,60.0,58.0,27.0,0.9666666666666667,0.46551724137931033,Novato,Marin,Novato Unified,21654172132272,High Schools (Public),False,,,,,,,,,,,,,,,,,,,
NOVATO HIGH SCHOOL,2006,71.0,60.0,32.0,0.8450704225352113,0.5333333333333333,Novato,Marin,Novato Unified,21654172132272,High Schools (Public),False,,,,,,,,,,,,,,,,,,,
NOVATO HIGH SCHOOL,2007,61.0,54.0,28.0,0.8852459016393442,0.5185185185185185,Novato,Marin,Novato Unified,21654172132272,High Schools (Public),False,,,,,,,,,,,,,,,,,,,
NOVATO HIGH SCHOOL,2008,59.0,51.0,25.0,0.864406779661017,0.49019607843137253,Novato,Marin,Novato Unified,21654172132272,High Schools (Public),False,,,,,,,,,,,,,,,,,,,
NOVATO HIGH SCHOOL,2009,71.0,65.0,30.0,0.9154929577464789,0.46153846153846156,Novato,Marin,Novato Unified,21654172132272,High Schools (Public),False,,,,,,,,,,,,,,,,,,,
NOVATO HIGH SCHOOL,2010,71.0,59.0,22.0,0.8309859154929577,0.3728813559322034,Novato,Marin,Novato Unified,21654172132272,High Schools (Public),False,,,,,,,,,,,,,,,,,,,
NOVATO HIGH SCHOOL,2011,57.0,38.0,22.0,0.6666666666666666,0.5789473684210527,Novato,Marin,Novato Unified,21654172132272,High Schools (Public),False,,,,,,,,,,,,,,,,,,,
NOVATO HIGH SCHOOL,2012,85.0,61.0,30.0,0.7176470588235294,0.4918032786885246,Novato,Marin,Novato Unified,21654172132272,High Schools (Public),False,,,,,,,,,,,,,,,,,,,
NOVATO HIGH SCHOOL,2013,90.0,62.0,36.0,0.6888888888888889,0.5806451612903226,Novato,Marin,Novato Unified,21654172132272,High Schools (Public),False,,,,,,,,,,,,,,,,,,,
NOVATO HIGH SCHOOL,2014,98.0,54.0,27.0,0.5510204081632653,0.5,Novato,Marin,Novato Unified,21654172132272,High Schools (Public),False,,,,,,,,,,,,,1358.0,,,,,,
NOVATO HIGH SCHOOL,2015,94.0,57.0,25.0,0.6063829787234043,0.43859649122807015,Novato,Marin,Novato Unified,21654172132272,High Schools (Public),False,,,,,,297.0,80.5,22.0,53.0,100.0,12.0,52.0,1322.0,438.0,0.3313161875945537,,,,
NOVATO HIGH SCHOOL,2016,93.0,62.0,34.0,0.6666666666666666,0.5483870967741935,Novato,Marin,Novato Unified,21654172132272,High Schools (Public),False,,,,,,264.0,82.2,33.0,39.0,87.0,19.0,39.0,1296.0,417.0,0.3217592592592592,2643.9,2628.1,75.0,52.0
NOVATO HIGH SCHOOL,2017,91.0,48.0,22.0,0.5274725274725275,0.4583333333333333,Novato,Marin,Novato Unified,21654172132272,High Schools (Public),False,290.0,273.0,94.1,163.0,59.7,274.0,79.6,20.0,32.0,105.0,18.0,43.0,1378.0,434.0,0.3149492017416546,2657.4,2632.7,83.0,52.0
NOVATO HIGH SCHOOL,2018,93.0,48.0,22.0,0.5161290322580645,0.4583333333333333,Novato,Marin,Novato Unified,21654172132272,High Schools (Public),False,316.0,288.0,91.1,138.0,47.9,301.0,82.1,21.0,49.0,102.0,17.0,58.0,1442.0,539.0,0.3737864077669903,2638.2,2598.2,77.24,43.06
NOVATO HIGH SCHOOL,2019,87.0,44.0,20.0,0.5057471264367817,0.45454545454545453,Novato,Marin,Novato Unified,21654172132272,High Schools (Public),False,315.0,293.0,93.0,182.0,62.1,302.0,80.8,20.0,47.0,101.0,13.0,63.0,1410.0,492.0,0.3489361702127659,2631.6,2593.6,68.67,37.37
NOVATO HIGH SCHOOL,2020,107.0,70.0,36.0,0.6542056074766355,0.5142857142857142,Novato,Marin,Novato Unified,21654172132272,High Schools (Public),False,363.0,343.0,94.5,174.0,50.7,342.0,77.8,35.0,45.0,126.0,16.0,44.0,1447.0,542.0,0.3745680718728403,2618.6,2587.5,65.87,35.79
NOVATO HIGH SCHOOL,2021,124.0,75.0,40.0,0.6048387096774194,0.5333333333333333,Novato,Marin,Novato Unified,21654172132272,High Schools (Public),False,355.0,343.0,96.6,240.0,70.0,346.0,78.3,40.0,39.0,101.0,17.0,74.0,1433.0,494.0,0.3447313328681088,,,,
NOVATO HIGH SCHOOL,2022,108.0,64.0,30.0,0.5925925925925926,0.46875,Novato,Marin,Novato Unified,21654172132272,High Schools (Public),False,339.0,310.0,91.4,173.0,55.8,309.0,75.4,29.0,29.0,107.0,10.0,58.0,,,,2613.4,2563.1,63.04,30.91
NOVATO HIGH SCHOOL,2023,121.0,87.0,39.0,0.71900826446281,0.4482758620689655,Novato,Marin,Novato Unified,21654172132272,High Schools (Public),False,353.0,332.0,94.1,194.0,58.4,336.0,76.2,36.0,59.0,95.0,15.0,51.0,1458.0,488.0,0.3347050754458162,2626.1,2563.9,70.16,34.63
NOVATO HIGH SCHOOL,2024,113.0,77.0,39.0,0.6814159292035398,0.5064935064935064,Novato,Marin,Novato Unified,21654172132272,High Schools (Public),False,381.0,346.0,90.8,204.0,59.0,,,,,,,,1393.0,519.0,0.3725771715721464,2603.1,2550.9,60.23,29.48
NOVATO HIGH SCHOOL,2025,103.0,75.0,32.0,0.7281553398058253,0.4266666666666667,Novato,Marin,Novato Unified,21654172132272,High Schools (Public),False,351.0,328.0,93.4,182.0,55.5,,,,,,,,1287.0,622.0,0.4832944832944832,2583.5,2548.4,55.85,24.19
OAK GROVE HIGH SCHOOL,2005,73.0,64.0,44.0,0.8767123287671232,0.6875,San Jose,Santa Clara,East Side Union High,43694274335204,High Schools (Public),False,,,,,,,,,,,,,,,,,,,
OAK GROVE HIGH SCHOOL,2006,84.0,74.0,48.0,0.8809523809523809,0.6486486486486487,San Jose,Santa Clara,East Side Union High,43694274335204,High Schools (Public),False,,,,,,,,,,,,,,,,,,,
OAK GROVE HIGH SCHOOL,2007,87.0,75.0,44.0,0.8620689655172413,0.5866666666666667,San Jose,Santa Clara,East Side Union High,43694274335204,High Schools (Public),False,,,,,,,,,,,,,,,,,,,
OAK GROVE HIGH SCHOOL,2008,76.0,61.0,33.0,0.8026315789473685,0.5409836065573771,San Jose,Santa Clara,East Side Union High,43694274335204,High Schools (Public),False,,,,,,,,,,,,,,,,,,,
OAK GROVE HIGH SCHOOL,2009,82.0,73.0,40.0,0.8902439024390244,0.547945205479452,San Jose,Santa Clara,East Side Union High,43694274335204,High Schools (Public),False,,,,,,,,,,,,,,,,,,,
OAK GROVE HIGH SCHOOL,2010,84.0,72.0,40.0,0.8571428571428571,0.5555555555555556,San Jose,Santa Clara,East Side Union High,43694274335204,High Schools (Public),False,,,,,,,,,,,,,,,,,,,
OAK GROVE HIGH SCHOOL,2011,71.0,51.0,30.0,0.7183098591549296,0.5882352941176471,San Jose,Santa Clara,East Side Union High,43694274335204,High Schools (Public),False,,,,,,,,,,,,,,,,,,,
OAK GROVE HIGH SCHOOL,2012,99.0,73.0,35.0,0.7373737373737373,0.4794520547945205,San Jose,Santa Clara,East Side Union High,43694274335204,High Schools (Public),False,,,,,,,,,,,,,,,,,,,
OAK GROVE HIGH SCHOOL,2013,91.0,52.0,38.0,0.5714285714285714,0.7307692307692307,San Jose,Santa Clara,East Side Union High,43694274335204,High Schools (Public),False,,,,,,,,,,,,,,,,,,,
OAK GROVE HIGH SCHOOL,2014,76.0,47.0,29.0,0.618421052631579,0.6170212765957447,San Jose,Santa Clara,East Side Union High,43694274335204,High Schools (Public),False,,,,,,,,,,,,,1921.0,,,,,,
OAK GROVE HIGH SCHOOL,2015,79.0,45.0,27.0,0.569620253164557,0.6,San Jose,Santa Clara,East Side Union High,43694274335204,High Schools (Public),False,,,,,,396.0,74.2,22.0,51.0,209.0,2.0,10.0,1903.0,958.0,0.5034156594850236,,,,
OAK GROVE HIGH SCHOOL,2016,63.0,40.0,21.0,0.6349206349206349,0.525,San Jose,Santa Clara,East Side Union High,43694274335204,High Schools (Public),False,,,,,,359.0,74.7,21.0,29.0,196.0,11.0,11.0,1812.0,954.0,0.5264900662251656,2583.6,2571.0,50.0,33.0
OAK GROVE HIGH SCHOOL,2017,59.0,33.0,21.0,0.559322033898305,0.6363636363636364,San Jose,Santa Clara,East Side Union High,43694274335204,High Schools (Public),False,416.0,359.0,86.3,135.0,37.6,378.0,68.0,21.0,56.0,173.0,3.0,4.0,1869.0,911.0,0.4874264312466559,2599.6,2564.8,57.0,28.0
OAK GROVE HIGH SCHOOL,2018,72.0,46.0,27.0,0.6388888888888888,0.5869565217391305,San Jose,Santa Clara,East Side Union High,43694274335204,High Schools (Public),False,431.0,362.0,84.0,158.0,43.6,371.0,77.4,24.0,55.0,195.0,7.0,6.0,1837.0,1000.0,0.5443658138268916,2588.9,2547.2,52.48,26.71
OAK GROVE HIGH SCHOOL,2019,75.0,50.0,27.0,0.6666666666666666,0.54,San Jose,Santa Clara,East Side Union High,43694274335204,High Schools (Public),False,386.0,345.0,89.4,138.0,40.0,352.0,73.6,25.0,48.0,172.0,6.0,8.0,1766.0,833.0,0.471687429218573,2581.6,2557.2,53.16,27.16
OAK GROVE HIGH SCHOOL,2020,66.0,40.0,20.0,0.6060606060606061,0.5,San Jose,Santa Clara,East Side Union High,43694274335204,High Schools (Public),False,420.0,375.0,89.3,160.0,42.7,381.0,72.2,20.0,45.0,193.0,4.0,13.0,1730.0,806.0,0.4658959537572254,2595.3,2571.0,56.84,31.31
OAK GROVE HIGH SCHOOL,2021,73.0,40.0,26.0,0.547945205479452,0.65,San Jose,Santa Clara,East Side Union High,43694274335204,High Schools (Public),False,375.0,319.0,85.1,153.0,48.0,328.0,70.1,26.0,36.0,155.0,7.0,6.0,1678.0,769.0,0.4582836710369487,,,,
OAK GROVE HIGH SCHOOL,2022,60.0,41.0,23.0,0.6833333333333333,0.5609756097560976,San Jose,Santa Clara,East Side Union High,43694274335204,High Schools (Public),False,397.0,362.0,91.2,169.0,46.7,375.0,71.5,22.0,54.0,169.0,8.0,15.0,,,,2624.8,2606.2,65.04,39.71
OAK GROVE HIGH SCHOOL,2023,58.0,43.0,27.0,0.7413793103448276,0.627906976744186,San Jose,Santa Clara,East Side Union High,43694274335204,High Schools (Public),False,348.0,303.0,87.1,132.0,43.6,307.0,77.2,27.0,38.0,160.0,6.0,6.0,1522.0,607.0,0.3988173455978975,2597.2,2546.8,62.03,25.63
OAK GROVE HIGH SCHOOL,2024,69.0,43.0,26.0,0.6231884057971014,0.6046511627906976,San Jose,Santa Clara,East Side Union High,43694274335204,High Schools (Public),False,358.0,318.0,88.8,143.0,45.0,,,,,,,,1417.0,671.0,0.4735356386732534,2602.1,2546.2,61.81,23.4
OAK GROVE HIGH SCHOOL,2025,70.0,53.0,23.0,0.7571428571428571,0.4339622641509434,San Jose,Santa Clara,East Side Union High,43694274335204,High Schools (Public),False,323.0,285.0,88.2,134.0,47.0,,,,,,,,1374.0,772.0,0.5618631732168851,2588.4,2539.1,55.27,23.51
OAKLAND CHARTER HIGH SCHOOL,2011,11.0,5,,0.45454545454545453,,Oakland,Alameda,,01612590114868,,,,,,,,,,,,,,,,,,,,,
OAKLAND CHARTER HIGH SCHOOL,2012,18.0,12.0,8.0,0.6666666666666666,0.6666666666666666,Oakland,Alameda,,01612590114868,,,,,,,,,,,,,,,,,,,,,
OAKLAND CHARTER HIGH SCHOOL,2013,19.0,15.0,8.0,0.7894736842105263,0.5333333333333333,Oakland,Alameda,,01612590114868,,,,,,,,,,,,,,,,,,,,,
OAKLAND CHARTER HIGH SCHOOL,2014,33.0,21.0,14.0,0.6363636363636364,0.6666666666666666,Oakland,Alameda,,01612590114868,,,,,,,,,,,,,,,266.0,,,,,,
OAKLAND CHARTER HIGH SCHOOL,2015,49.0,41.0,34.0,0.8367346938775511,0.8292682926829268,Oakland,Alameda,,01612590114868,,,,,,,,55.0,81.8,29.0,6.0,7.0,2.0,1.0,350.0,280.0,0.8,,,,
OAKLAND CHARTER HIGH SCHOOL,2016,43.0,31.0,27.0,0.7209302325581395,0.8709677419354839,Oakland,Alameda,,01612590114868,,,,,,,,67.0,80.6,26.0,11.0,14.0,2.0,1.0,403.0,335.0,0.8312655086848635,2693.6,2696.9,94.0,72.0
OAKLAND CHARTER HIGH SCHOOL,2017,60.0,39.0,23.0,0.65,0.5897435897435898,Oakland,Alameda,,01612590114868,,,82.0,73.0,89.0,66.0,90.4,77.0,64.9,21.0,17.0,7.0,2.0,3.0,445.0,356.0,0.8,2692.4,2678.6,91.0,72.0
OAKLAND CHARTER HIGH SCHOOL,2018,74.0,52.0,35.0,0.7027027027027027,0.6730769230769231,Oakland,Alameda,,01612590114868,,,122.0,106.0,86.9,105.0,99.1,110.0,84.5,34.0,18.0,34.0,4.0,3.0,412.0,197.0,0.4781553398058252,2653.8,2657.0,79.13,64.35
OAKLAND CHARTER HIGH SCHOOL,2019,71.0,38.0,22.0,0.5352112676056338,0.5789473684210527,Oakland,Alameda,,01612590114868,,,109.0,99.0,90.8,1.0,1.0,105.0,69.5,18.0,22.0,27.0,3.0,3.0,459.0,380.0,0.8278867102396514,2667.7,2650.3,83.49,59.63
OAKLAND CHARTER HIGH SCHOOL,2020,82.0,53.0,36.0,0.6463414634146342,0.6792452830188679,Oakland,Alameda,,01612590114868,,,109.0,101.0,92.7,0.0,0.0,107.0,64.5,34.0,12.0,17.0,4.0,2.0,461.0,382.0,0.8286334056399133,2636.2,2626.4,64.04,49.12
OAKLAND CHARTER HIGH SCHOOL,2021,68.0,39.0,23.0,0.5735294117647058,0.5897435897435898,Oakland,Alameda,,01612590114868,,,121.0,112.0,92.6,107.0,95.5,115.0,67.0,22.0,27.0,22.0,2.0,4.0,459.0,364.0,0.7930283224400871,,,,
OAKLAND CHARTER HIGH SCHOOL,2022,59.0,51.0,34.0,0.864406779661017,0.6666666666666666,Oakland,Alameda,,01612590114868,,,102.0,94.0,92.2,94.0,100.0,95.0,77.9,32.0,26.0,13.0,2.0,1.0,,,,2604.9,2617.5,61.05,51.06
OAKLAND CHARTER HIGH SCHOOL,2023,72.0,53.0,34.0,0.7361111111111112,0.6415094339622641,Oakland,Alameda,,01612590114868,,,113.0,102.0,90.3,102.0,100.0,104.0,83.7,33.0,30.0,18.0,4.0,2.0,417.0,344.0,0.8249400479616307,2611.8,2583.2,67.59,38.1
OAKLAND CHARTER HIGH SCHOOL,2024,51.0,42.0,22.0,0.8235294117647058,0.5238095238095238,Oakland,Alameda,,01612590114868,,,95.0,85.0,89.5,85.0,100.0,,,,,,,,359.0,202.0,0.5626740947075209,2571.5,2540.8,46.39,25.77
OAKLAND CHARTER HIGH SCHOOL,2025,40.0,36.0,21.0,0.9,0.5833333333333334,Oakland,Alameda,,01612590114868,,,76.0,70.0,92.1,64.0,91.4,,,,,,,,330.0,276.0,0.8363636363636363,2601.5,2541.4,58.14,24.42
OAKLAND HIGH SCHOOL,2005,86.0,64.0,45.0,0.7441860465116279,0.703125,Oakland,Alameda,Oakland Unified,01612590135905,High Schools (Public),False,,,,,,,,,,,,,,,,,,,
OAKLAND HIGH SCHOOL,2006,113.0,89.0,66.0,0.7876106194690266,0.7415730337078652,Oakland,Alameda,Oakland Unified,01612590135905,High Schools (Public),False,,,,,,,,,,,,,,,,,,,
OAKLAND HIGH SCHOOL,2007,128.0,106.0,77.0,0.828125,0.7264150943396226,Oakland,Alameda,Oakland Unified,01612590135905,High Schools (Public),False,,,,,,,,,,,,,,,,,,,
OAKLAND HIGH SCHOOL,2008,134.0,103.0,69.0,0.7686567164179104,0.6699029126213593,Oakland,Alameda,Oakland Unified,01612590135905,High Schools (Public),False,,,,,,,,,,,,,,,,,,,
OAKLAND HIGH SCHOOL,2009,115.0,94.0,62.0,0.8173913043478261,0.6595744680851063,Oakland,Alameda,Oakland Unified,01612590135905,High Schools (Public),False,,,,,,,,,,,,,,,,,,,
OAKLAND HIGH SCHOOL,2010,117.0,81.0,61.0,0.6923076923076923,0.7530864197530864,Oakland,Alameda,Oakland Unified,01612590135905,High Schools (Public),False,,,,,,,,,,,,,,,,,,,
OAKLAND HIGH SCHOOL,2011,121.0,85.0,62.0,0.7024793388429752,0.7294117647058823,Oakland,Alameda,Oakland Unified,01612590135905,High Schools (Public),False,,,,,,,,,,,,,,,,,,,
OAKLAND HIGH SCHOOL,2012,93.0,63.0,46.0,0.6774193548387096,0.7301587301587301,Oakland,Alameda,Oakland Unified,01612590135905,High Schools (Public),False,,,,,,,,,,,,,,,,,,,
OAKLAND HIGH SCHOOL,2013,117.0,74.0,55.0,0.6324786324786325,0.7432432432432432,Oakland,Alameda,Oakland Unified,01612590135905,High Schools (Public),False,,,,,,,,,,,,,,,,,,,
OAKLAND HIGH SCHOOL,2014,107.0,53.0,34.0,0.4953271028037383,0.6415094339622641,Oakland,Alameda,Oakland Unified,01612590135905,High Schools (Public),False,,,,,,,,,,,,,1552.0,,,,,,
OAKLAND HIGH SCHOOL,2015,111.0,60.0,38.0,0.5405405405405406,0.6333333333333333,Oakland,Alameda,Oakland Unified,01612590135905,High Schools (Public),False,,,,,,237.0,70.9,22.0,26.0,109.0,2.0,9.0,1515.0,1331.0,0.8785478547854786,,,,
OAKLAND HIGH SCHOOL,2016,101.0,60.0,36.0,0.594059405940594,0.6,Oakland,Alameda,Oakland Unified,01612590135905,High Schools (Public),False,,,,,,242.0,78.5,34.0,39.0,100.0,5.0,12.0,1583.0,1396.0,0.8818698673404928,2561.3,2525.7,50.0,16.0
OAKLAND HIGH SCHOOL,2017,81.0,50.0,30.0,0.6172839506172839,0.6,Oakland,Alameda,Oakland Unified,01612590135905,High Schools (Public),False,297.0,215.0,72.4,108.0,50.2,223.0,69.1,25.0,30.0,87.0,0.0,12.0,1562.0,1366.0,0.8745198463508322,2548.0,2509.3,38.0,17.0
OAKLAND HIGH SCHOOL,2018,105.0,65.0,50.0,0.6190476190476191,0.7692307692307693,Oakland,Alameda,Oakland Unified,01612590135905,High Schools (Public),False,327.0,265.0,81.0,151.0,57.0,279.0,66.3,40.0,33.0,96.0,9.0,7.0,1568.0,1369.0,0.8730867346938775,2553.3,2511.6,40.31,19.81
OAKLAND HIGH SCHOOL,2019,100.0,58.0,42.0,0.58,0.7241379310344828,Oakland,Alameda,Oakland Unified,01612590135905,High Schools (Public),False,321.0,264.0,82.2,154.0,58.3,266.0,69.2,40.0,53.0,78.0,3.0,10.0,1642.0,1429.0,0.8702801461632156,2550.6,2504.3,38.32,16.67
OAKLAND HIGH SCHOOL,2020,94.0,72.0,43.0,0.7659574468085106,0.5972222222222222,Oakland,Alameda,Oakland Unified,01612590135905,High Schools (Public),False,349.0,297.0,85.1,173.0,58.2,304.0,59.2,39.0,52.0,82.0,2.0,5.0,1657.0,1431.0,0.8636089318044659,2528.5,2481.9,37.02,12.43
OAKLAND HIGH SCHOOL,2021,127.0,96.0,51.0,0.7559055118110236,0.53125,Oakland,Alameda,Oakland Unified,01612590135905,High Schools (Public),False,407.0,338.0,83.0,211.0,62.4,341.0,64.2,46.0,52.0,93.0,10.0,18.0,1650.0,1409.0,0.8539393939393939,,,,
OAKLAND HIGH SCHOOL,2022,125.0,85.0,61.0,0.68,0.7176470588235294,Oakland,Alameda,Oakland Unified,01612590135905,High Schools (Public),False,370.0,322.0,87.0,201.0,62.4,327.0,68.2,60.0,47.0,96.0,2.0,18.0,,,,,,,
OAKLAND HIGH SCHOOL,2023,130.0,101.0,62.0,0.7769230769230769,0.6138613861386139,Oakland,Alameda,Oakland Unified,01612590135905,High Schools (Public),False,322.0,264.0,82.0,167.0,63.3,267.0,75.7,61.0,54.0,71.0,4.0,12.0,1531.0,1346.0,0.8791639451338994,2558.0,2516.9,44.4,25.33
OAKLAND HIGH SCHOOL,2024,109.0,77.0,42.0,0.7064220183486238,0.5454545454545454,Oakland,Alameda,Oakland Unified,01612590135905,High Schools (Public),False,330.0,284.0,86.1,168.0,59.2,,,,,,,,1525.0,1391.0,0.9121311475409836,2516.4,2473.3,32.01,12.12
OAKLAND HIGH SCHOOL,2025,125.0,100.0,53.0,0.8,0.53,Oakland,Alameda,Oakland Unified,01612590135905,High Schools (Public),False,372.0,301.0,80.9,201.0,66.8,,,,,,,,1579.0,1425.0,0.902469917669411,2536.5,2510.4,38.2,16.82
OAKLAND INTERNATIONAL HIGH SCH,2013,7.0,4.0,4.0,0.5714285714285714,1.0,Oakland,Alameda,Oakland Unified,01612590115667,Alternative Schools of Choice,False,,,,,,,,,,,,,,,,,,,
OAKLAND INTERNATIONAL HIGH SCH,2014,13.0,7.0,5.0,0.5384615384615384,0.7142857142857143,Oakland,Alameda,Oakland Unified,01612590115667,Alternative Schools of Choice,False,,,,,,,,,,,,,353.0,,,,,,
OAKLAND INTERNATIONAL HIGH SCH,2015,12.0,,,,,Oakland,Alameda,Oakland Unified,01612590115667,Alternative Schools of Choice,False,,,,,,57.0,64.9,0.0,6.0,30.0,0.0,1.0,380.0,353.0,0.9289473684210526,,,,
OAKLAND INTERNATIONAL HIGH SCH,2016,23.0,5.0,5.0,0.21739130434782608,1.0,Oakland,Alameda,Oakland Unified,01612590115667,Alternative Schools of Choice,False,,,,,,73.0,71.2,4.0,14.0,33.0,0.0,1.0,373.0,343.0,0.9195710455764076,2421.9,2418.5,3.0,3.0
OAKLAND INTERNATIONAL HIGH SCH,2017,16.0,7.0,4.0,0.4375,0.5714285714285714,Oakland,Alameda,Oakland Unified,01612590115667,Alternative Schools of Choice,False,109.0,66.0,60.6,34.0,51.5,75.0,54.7,3.0,5.0,32.0,1.0,0.0,360.0,348.0,0.9666666666666668,2401.2,2437.4,0.0,4.0
OAKLAND INTERNATIONAL HIGH SCH,2018,18.0,8,,0.4444444444444444,,Oakland,Alameda,Oakland Unified,01612590115667,Alternative Schools of Choice,False,116.0,70.0,60.3,41.0,58.6,83.0,43.4,2.0,2.0,28.0,3.0,1.0,367.0,353.0,0.9618528610354224,2391.8,2434.9,0.0,3.33
OAKLAND INTERNATIONAL HIGH SCH,2019,15.0,7.0,4.0,0.4666666666666667,0.5714285714285714,Oakland,Alameda,Oakland Unified,01612590115667,Alternative Schools of Choice,False,106.0,74.0,69.8,47.0,63.5,91.0,37.4,4.0,10.0,17.0,2.0,1.0,369.0,358.0,0.9701897018970188,2385.6,2409.2,0.0,3.41
OAKLAND INTERNATIONAL HIGH SCH,2020,18.0,13.0,5.0,0.7222222222222222,0.38461538461538464,Oakland,Alameda,Oakland Unified,01612590115667,Alternative Schools of Choice,False,119.0,84.0,70.6,51.0,60.7,85.0,28.2,5.0,10.0,7.0,1.0,1.0,391.0,352.0,0.9002557544757033,2378.5,2391.9,0.0,5.56
OAKLAND INTERNATIONAL HIGH SCH,2021,23.0,17.0,8.0,0.7391304347826086,0.47058823529411764,Oakland,Alameda,Oakland Unified,01612590115667,Alternative Schools of Choice,False,130.0,86.0,66.2,46.0,53.5,96.0,37.5,7.0,9.0,18.0,1.0,1.0,341.0,307.0,0.9002932551319648,,,,
OAKLAND INTERNATIONAL HIGH SCH,2022,13.0,10.0,3.0,0.7692307692307693,0.3,Oakland,Alameda,Oakland Unified,01612590115667,Alternative Schools of Choice,False,125.0,71.0,56.8,56.0,78.9,80.0,21.3,3.0,6.0,8.0,0.0,0.0,,,,,,,
OAKLAND INTERNATIONAL HIGH SCH,2023,7.0,5,,0.7142857142857143,,Oakland,Alameda,Oakland Unified,01612590115667,Alternative Schools of Choice,False,96.0,62.0,64.6,36.0,58.1,65.0,43.1,0.0,3.0,23.0,0.0,2.0,313.0,302.0,0.9648562300319488,2364.3,2408.1,0.0,0.0
OAKLAND INTERNATIONAL HIGH SCH,2024,20.0,17.0,5.0,0.85,0.29411764705882354,Oakland,Alameda,Oakland Unified,01612590115667,Alternative Schools of Choice,False,85.0,52.0,61.2,42.0,80.8,,,,,,,,290.0,290.0,1.0,2356.5,2388.0,0.0,0.0
OAKLAND INTERNATIONAL HIGH SCH,2025,15.0,15.0,5.0,1.0,0.3333333333333333,Oakland,Alameda,Oakland Unified,01612590115667,Alternative Schools of Choice,False,130.0,60.0,46.2,41.0,68.3,,,,,,,,270.0,268.0,0.9925925925925926,2352.7,2383.6,0.0,0.0
OAKLAND MILITARY INST COL PREP,2007,12.0,11.0,5.0,0.9166666666666666,0.45454545454545453,Oakland,Alameda,Oakland Unified,01612590130617,K-12 Schools (Public),True,,,,,,,,,,,,,,,,,,,
OAKLAND MILITARY INST COL PREP,2008,15.0,15.0,8.0,1.0,0.5333333333333333,Oakland,Alameda,Oakland Unified,01612590130617,K-12 Schools (Public),True,,,,,,,,,,,,,,,,,,,
OAKLAND MILITARY INST COL PREP,2009,12.0,11.0,5.0,0.9166666666666666,0.45454545454545453,Oakland,Alameda,Oakland Unified,01612590130617,K-12 Schools (Public),True,,,,,,,,,,,,,,,,,,,
OAKLAND MILITARY INST COL PREP,2010,18.0,16.0,11.0,0.8888888888888888,0.6875,Oakland,Alameda,Oakland Unified,01612590130617,K-12 Schools (Public),True,,,,,,,,,,,,,,,,,,,
OAKLAND MILITARY INST COL PREP,2011,9.0,8.0,5.0,0.8888888888888888,0.625,Oakland,Alameda,Oakland Unified,01612590130617,K-12 Schools (Public),True,,,,,,,,,,,,,,,,,,,
OAKLAND MILITARY INST COL PREP,2012,19.0,16.0,10.0,0.8421052631578947,0.625,Oakland,Alameda,Oakland Unified,01612590130617,K-12 Schools (Public),True,,,,,,,,,,,,,,,,,,,
OAKLAND MILITARY INST COL PREP,2013,20.0,17.0,11.0,0.85,0.6470588235294118,Oakland,Alameda,Oakland Unified,01612590130617,K-12 Schools (Public),True,,,,,,,,,,,,,,,,,,,
OAKLAND MILITARY INST COL PREP,2014,29.0,22.0,12.0,0.7586206896551724,0.5454545454545454,Oakland,Alameda,Oakland Unified,01612590130617,K-12 Schools (Public),True,,,,,,,,,,,,,719.0,,,,,,
OAKLAND MILITARY INST COL PREP,2015,28.0,16.0,7.0,0.5714285714285714,0.4375,Oakland,Alameda,Oakland Unified,01612590130617,K-12 Schools (Public),True,,,,,,71.0,71.8,4.0,27.0,20.0,0.0,0.0,646.0,509.0,0.7879256965944272,,,,
OAKLAND MILITARY INST COL PREP,2016,29.0,21.0,10.0,0.7241379310344828,0.47619047619047616,Oakland,Alameda,Oakland Unified,01612590130617,K-12 Schools (Public),True,,,,,,66.0,66.7,8.0,14.0,15.0,3.0,4.0,616.0,154.0,0.25,2591.3,2567.2,50.0,31.0
OAKLAND MILITARY INST COL PREP,2017,16.0,10.0,8.0,0.625,0.8,Oakland,Alameda,Oakland Unified,01612590130617,K-12 Schools (Public),True,75.0,72.0,96.0,42.0,58.3,73.0,69.9,7.0,14.0,28.0,1.0,1.0,683.0,495.0,0.7247437774524158,2558.9,2541.9,46.0,23.0
OAKLAND MILITARY INST COL PREP,2018,43.0,24.0,21.0,0.5581395348837209,0.875,Oakland,Alameda,Oakland Unified,01612590130617,K-12 Schools (Public),True,108.0,95.0,88.0,78.0,82.1,96.0,75.0,19.0,14.0,33.0,3.0,3.0,719.0,596.0,0.8289290681502086,2567.3,2533.0,45.71,16.19
OAKLAND MILITARY INST COL PREP,2019,42.0,22.0,17.0,0.5238095238095238,0.7727272727272727,Oakland,Alameda,Oakland Unified,01612590130617,K-12 Schools (Public),True,91.0,82.0,90.1,57.0,69.5,83.0,68.7,20.0,18.0,15.0,2.0,2.0,743.0,572.0,0.7698519515477793,2596.0,2547.5,58.23,25.97
OAKLAND MILITARY INST COL PREP,2020,25.0,13.0,7.0,0.52,0.5384615384615384,Oakland,Alameda,Oakland Unified,01612590130617,K-12 Schools (Public),True,89.0,76.0,85.4,50.0,65.8,77.0,54.5,7.0,16.0,17.0,1.0,1.0,661.0,421.0,0.6369137670196672,2563.3,2502.0,45.05,13.19
OAKLAND MILITARY INST COL PREP,2021,24.0,19.0,9.0,0.7916666666666666,0.47368421052631576,Oakland,Alameda,Oakland Unified,01612590130617,K-12 Schools (Public),True,73.0,59.0,80.8,36.0,61.0,60.0,51.7,9.0,11.0,6.0,3.0,2.0,627.0,482.0,0.7687400318979266,,,,
OAKLAND MILITARY INST COL PREP,2022,41.0,24.0,14.0,0.5853658536585366,0.5833333333333334,Oakland,Alameda,Oakland Unified,01612590130617,K-12 Schools (Public),True,67.0,60.0,89.6,36.0,60.0,61.0,68.9,13.0,12.0,11.0,1.0,5.0,,,,,,,
OAKLAND MILITARY INST COL PREP,2023,33.0,17.0,8.0,0.5151515151515151,0.47058823529411764,Oakland,Alameda,Oakland Unified,01612590130617,K-12 Schools (Public),True,66.0,62.0,93.9,39.0,62.9,61.0,62.3,8.0,14.0,7.0,7.0,2.0,456.0,344.0,0.7543859649122807,2595.0,2515.3,50.79,14.29
OAKLAND MILITARY INST COL PREP,2024,27.0,19.0,15.0,0.7037037037037037,0.7894736842105263,Oakland,Alameda,Oakland Unified,01612590130617,K-12 Schools (Public),True,67.0,64.0,95.5,43.0,67.2,,,,,,,,518.0,461.0,0.88996138996139,2626.3,2508.0,71.21,13.64
OAKLAND MILITARY INST COL PREP,2025,26.0,13.0,9.0,0.5,0.6923076923076923,Oakland,Alameda,Oakland Unified,01612590130617,K-12 Schools (Public),True,59.0,54.0,91.5,30.0,55.6,,,,,,,,480.0,433.0,0.9020833333333332,2607.5,2505.1,62.5,12.5
OAKLAND SCHOOL FOR THE ARTS,2006,14.0,10.0,4.0,0.7142857142857143,0.4,Oakland,Alameda,Oakland Unified,01612593030772,K-12 Schools (Public),True,,,,,,,,,,,,,,,,,,,
OAKLAND SCHOOL FOR THE ARTS,2007,17.0,15.0,6.0,0.8823529411764706,0.4,Oakland,Alameda,Oakland Unified,01612593030772,K-12 Schools (Public),True,,,,,,,,,,,,,,,,,,,
OAKLAND SCHOOL FOR THE ARTS,2008,16.0,14.0,8.0,0.875,0.5714285714285714,Oakland,Alameda,Oakland Unified,01612593030772,K-12 Schools (Public),True,,,,,,,,,,,,,,,,,,,
OAKLAND SCHOOL FOR THE ARTS,2009,11.0,8.0,4.0,0.7272727272727273,0.5,Oakland,Alameda,Oakland Unified,01612593030772,K-12 Schools (Public),True,,,,,,,,,,,,,,,,,,,
OAKLAND SCHOOL FOR THE ARTS,2010,10.0,8.0,4.0,0.8,0.5,Oakland,Alameda,Oakland Unified,01612593030772,K-12 Schools (Public),True,,,,,,,,,,,,,,,,,,,
OAKLAND SCHOOL FOR THE ARTS,2011,9.0,5,,0.5555555555555556,,Oakland,Alameda,Oakland Unified,01612593030772,K-12 Schools (Public),True,,,,,,,,,,,,,,,,,,,
OAKLAND SCHOOL FOR THE ARTS,2012,18.0,11,,0.6111111111111112,,Oakland,Alameda,Oakland Unified,01612593030772,K-12 Schools (Public),True,,,,,,,,,,,,,,,,,,,
OAKLAND SCHOOL FOR THE ARTS,2013,23.0,16.0,7.0,0.6956521739130435,0.4375,Oakland,Alameda,Oakland Unified,01612593030772,K-12 Schools (Public),True,,,,,,,,,,,,,,,,,,,
OAKLAND SCHOOL FOR THE ARTS,2014,29.0,16.0,7.0,0.5517241379310345,0.4375,Oakland,Alameda,Oakland Unified,01612593030772,K-12 Schools (Public),True,,,,,,,,,,,,,676.0,,,,,,
OAKLAND SCHOOL FOR THE ARTS,2015,49.0,28.0,11.0,0.5714285714285714,0.39285714285714285,Oakland,Alameda,Oakland Unified,01612593030772,K-12 Schools (Public),True,,,,,,99.0,76.8,9.0,9.0,22.0,11.0,25.0,742.0,72.0,0.0970350404312668,,,,
OAKLAND SCHOOL FOR THE ARTS,2016,43.0,28.0,15.0,0.6511627906976745,0.5357142857142857,Oakland,Alameda,Oakland Unified,01612593030772,K-12 Schools (Public),True,,,,,,87.0,75.9,12.0,5.0,15.0,7.0,27.0,745.0,89.0,0.1194630872483221,2678.6,2604.1,83.0,47.0
OAKLAND SCHOOL FOR THE ARTS,2017,49.0,28.0,16.0,0.5714285714285714,0.5714285714285714,Oakland,Alameda,Oakland Unified,01612593030772,K-12 Schools (Public),True,106.0,105.0,99.1,105.0,100.0,104.0,66.3,13.0,8.0,18.0,5.0,25.0,779.0,72.0,0.0924261874197689,2654.7,2593.2,80.0,39.0
OAKLAND SCHOOL FOR THE ARTS,2018,52.0,32.0,17.0,0.6153846153846154,0.53125,Oakland,Alameda,Oakland Unified,01612593030772,K-12 Schools (Public),True,111.0,102.0,91.9,95.0,93.1,107.0,76.6,14.0,15.0,19.0,6.0,28.0,755.0,90.0,0.119205298013245,2627.1,2554.3,67.37,28.13
OAKLAND SCHOOL FOR THE ARTS,2019,54.0,34.0,14.0,0.6296296296296297,0.4117647058823529,Oakland,Alameda,Oakland Unified,01612593030772,K-12 Schools (Public),True,108.0,103.0,95.4,76.0,73.8,103.0,68.0,9.0,11.0,18.0,3.0,29.0,749.0,101.0,0.1348464619492657,2620.6,2590.1,67.37,38.68
OAKLAND SCHOOL FOR THE ARTS,2020,56.0,35.0,18.0,0.625,0.5142857142857142,Oakland,Alameda,Oakland Unified,01612593030772,K-12 Schools (Public),True,120.0,117.0,97.5,82.0,70.1,117.0,69.2,17.0,8.0,22.0,8.0,26.0,793.0,126.0,0.158890290037831,2624.8,2604.1,65.93,46.39
OAKLAND SCHOOL FOR THE ARTS,2021,67.0,42.0,21.0,0.6268656716417911,0.5,Oakland,Alameda,Oakland Unified,01612593030772,K-12 Schools (Public),True,112.0,106.0,94.6,86.0,81.1,109.0,78.0,18.0,9.0,16.0,8.0,34.0,801.0,132.0,0.1647940074906367,,,,
OAKLAND SCHOOL FOR THE ARTS,2022,62.0,41.0,19.0,0.6612903225806451,0.4634146341463415,Oakland,Alameda,Oakland Unified,01612593030772,K-12 Schools (Public),True,123.0,110.0,89.4,91.0,82.7,109.0,77.1,19.0,11.0,22.0,6.0,26.0,,,,,,,
OAKLAND SCHOOL FOR THE ARTS,2023,51.0,36.0,23.0,0.7058823529411765,0.6388888888888888,Oakland,Alameda,Oakland Unified,01612593030772,K-12 Schools (Public),True,110.0,100.0,90.9,76.0,76.0,104.0,73.1,19.0,14.0,18.0,6.0,19.0,779.0,259.0,0.3324775353016688,2618.1,2583.0,57.73,39.58
OAKLAND SCHOOL FOR THE ARTS,2024,42.0,31.0,18.0,0.7380952380952381,0.5806451612903226,Oakland,Alameda,Oakland Unified,01612593030772,K-12 Schools (Public),True,101.0,92.0,91.1,71.0,77.2,,,,,,,,780.0,185.0,0.2371794871794871,2690.0,2613.0,88.1,46.99
OAKLAND SCHOOL FOR THE ARTS,2025,53.0,35.0,16.0,0.660377358490566,0.45714285714285713,Oakland,Alameda,Oakland Unified,01612593030772,K-12 Schools (Public),True,114.0,105.0,92.1,84.0,80.0,,,,,,,,828.0,238.0,0.28743961352657,2690.2,2598.1,85.0,49.0
OAKLAND TECHNICAL HIGH SCHOOL,2005,72.0,62.0,37.0,0.8611111111111112,0.5967741935483871,Oakland,Alameda,Oakland Unified,01612590136051,High Schools (Public),False,,,,,,,,,,,,,,,,,,,
OAKLAND TECHNICAL HIGH SCHOOL,2006,71.0,59.0,50.0,0.8309859154929577,0.847457627118644,Oakland,Alameda,Oakland Unified,01612590136051,High Schools (Public),False,,,,,,,,,,,,,,,,,,,
OAKLAND TECHNICAL HIGH SCHOOL,2007,85.0,72.0,40.0,0.8470588235294118,0.5555555555555556,Oakland,Alameda,Oakland Unified,01612590136051,High Schools (Public),False,,,,,,,,,,,,,,,,,,,
OAKLAND TECHNICAL HIGH SCHOOL,2008,104.0,86.0,56.0,0.8269230769230769,0.6511627906976745,Oakland,Alameda,Oakland Unified,01612590136051,High Schools (Public),False,,,,,,,,,,,,,,,,,,,
OAKLAND TECHNICAL HIGH SCHOOL,2009,91.0,74.0,49.0,0.8131868131868132,0.6621621621621622,Oakland,Alameda,Oakland Unified,01612590136051,High Schools (Public),False,,,,,,,,,,,,,,,,,,,
OAKLAND TECHNICAL HIGH SCHOOL,2010,86.0,65.0,42.0,0.7558139534883721,0.6461538461538462,Oakland,Alameda,Oakland Unified,01612590136051,High Schools (Public),False,,,,,,,,,,,,,,,,,,,
OAKLAND TECHNICAL HIGH SCHOOL,2011,105.0,74.0,48.0,0.7047619047619048,0.6486486486486487,Oakland,Alameda,Oakland Unified,01612590136051,High Schools (Public),False,,,,,,,,,,,,,,,,,,,
OAKLAND TECHNICAL HIGH SCHOOL,2012,162.0,105.0,57.0,0.6481481481481481,0.5428571428571428,Oakland,Alameda,Oakland Unified,01612590136051,High Schools (Public),False,,,,,,,,,,,,,,,,,,,
OAKLAND TECHNICAL HIGH SCHOOL,2013,145.0,96.0,53.0,0.6620689655172414,0.5520833333333334,Oakland,Alameda,Oakland Unified,01612590136051,High Schools (Public),False,,,,,,,,,,,,,,,,,,,
OAKLAND TECHNICAL HIGH SCHOOL,2014,178.0,103.0,52.0,0.5786516853932584,0.5048543689320388,Oakland,Alameda,Oakland Unified,01612590136051,High Schools (Public),False,,,,,,,,,,,,,2092.0,,,,,,
OAKLAND TECHNICAL HIGH SCHOOL,2015,181.0,122.0,68.0,0.6740331491712708,0.5573770491803278,Oakland,Alameda,Oakland Unified,01612590136051,High Schools (Public),False,,,,,,391.0,78.0,54.0,66.0,124.0,6.0,55.0,2014.0,1124.0,0.5580933465739821,,,,
OAKLAND TECHNICAL HIGH SCHOOL,2016,187.0,136.0,77.0,0.7272727272727273,0.5661764705882353,Oakland,Alameda,Oakland Unified,01612590136051,High Schools (Public),False,,,,,,413.0,80.1,73.0,56.0,131.0,13.0,58.0,2016.0,966.0,0.4791666666666667,2566.3,2553.1,48.0,31.0
OAKLAND TECHNICAL HIGH SCHOOL,2017,202.0,148.0,85.0,0.7326732673267327,0.5743243243243243,Oakland,Alameda,Oakland Unified,01612590136051,High Schools (Public),False,483.0,430.0,89.0,287.0,66.7,440.0,76.4,79.0,70.0,121.0,16.0,50.0,2031.0,910.0,0.448055145248646,2597.8,2557.6,61.0,32.0
OAKLAND TECHNICAL HIGH SCHOOL,2018,213.0,154.0,98.0,0.7230046948356808,0.6363636363636364,Oakland,Alameda,Oakland Unified,01612590136051,High Schools (Public),False,468.0,416.0,88.9,283.0,68.0,423.0,81.1,90.0,73.0,121.0,16.0,43.0,1998.0,970.0,0.4854854854854855,2596.2,2540.7,59.29,28.35
OAKLAND TECHNICAL HIGH SCHOOL,2019,231.0,160.0,73.0,0.6926406926406926,0.45625,Oakland,Alameda,Oakland Unified,01612590136051,High Schools (Public),False,485.0,450.0,92.8,323.0,71.8,461.0,79.8,69.0,94.0,116.0,18.0,71.0,2016.0,962.0,0.4771825396825397,2574.4,2550.2,54.01,32.33
OAKLAND TECHNICAL HIGH SCHOOL,2020,220.0,150.0,76.0,0.6818181818181818,0.5066666666666667,Oakland,Alameda,Oakland Unified,01612590136051,High Schools (Public),False,468.0,425.0,90.8,319.0,75.1,429.0,75.8,75.0,78.0,107.0,15.0,50.0,1960.0,951.0,0.485204081632653,2579.4,2562.6,53.72,34.17
OAKLAND TECHNICAL HIGH SCHOOL,2021,244.0,166.0,80.0,0.680327868852459,0.4819277108433735,Oakland,Alameda,Oakland Unified,01612590136051,High Schools (Public),False,489.0,450.0,92.0,329.0,73.1,456.0,78.7,73.0,78.0,128.0,14.0,66.0,1961.0,994.0,0.5068842427332994,,,,
OAKLAND TECHNICAL HIGH SCHOOL,2022,254.0,177.0,85.0,0.6968503937007874,0.480225988700565,Oakland,Alameda,Oakland Unified,01612590136051,High Schools (Public),False,474.0,446.0,94.1,350.0,78.5,451.0,78.0,81.0,105.0,83.0,12.0,71.0,,,,,,,
OAKLAND TECHNICAL HIGH SCHOOL,2023,232.0,174.0,101.0,0.75,0.5804597701149425,Oakland,Alameda,Oakland Unified,01612590136051,High Schools (Public),False,476.0,432.0,90.8,346.0,80.1,430.0,79.5,95.0,84.0,98.0,10.0,55.0,1796.0,1028.0,0.5723830734966593,2609.0,2563.3,63.67,30.93
OAKLAND TECHNICAL HIGH SCHOOL,2024,228.0,175.0,89.0,0.7675438596491229,0.5085714285714286,Oakland,Alameda,Oakland Unified,01612590136051,High Schools (Public),False,460.0,420.0,91.3,321.0,76.4,,,,,,,,1813.0,1240.0,0.6839492553778268,2554.3,2527.9,42.76,28.25
OAKLAND TECHNICAL HIGH SCHOOL,2025,264.0,215.0,87.0,0.8143939393939394,0.4046511627906977,Oakland,Alameda,Oakland Unified,01612590136051,High Schools (Public),False,449.0,422.0,94.0,337.0,79.9,,,,,,,,1812.0,1272.0,0.7019867549668874,2598.0,2557.5,59.58,31.97
OAKLAND UNITY HIGH SCHOOL,2006,11.0,5,,0.45454545454545453,,Oakland,Alameda,Oakland Unified,01612590100065,High Schools (Public),True,,,,,,,,,,,,,,,,,,,
OAKLAND UNITY HIGH SCHOOL,2007,6.0,4,,0.6666666666666666,,Oakland,Alameda,Oakland Unified,01612590100065,High Schools (Public),True,,,,,,,,,,,,,,,,,,,
OAKLAND UNITY HIGH SCHOOL,2008,17.0,12.0,8.0,0.7058823529411765,0.6666666666666666,Oakland,Alameda,Oakland Unified,01612590100065,High Schools (Public),True,,,,,,,,,,,,,,,,,,,
OAKLAND UNITY HIGH SCHOOL,2009,13.0,11.0,6.0,0.8461538461538461,0.5454545454545454,Oakland,Alameda,Oakland Unified,01612590100065,High Schools (Public),True,,,,,,,,,,,,,,,,,,,
OAKLAND UNITY HIGH SCHOOL,2010,21.0,14.0,8.0,0.6666666666666666,0.5714285714285714,Oakland,Alameda,Oakland Unified,01612590100065,High Schools (Public),True,,,,,,,,,,,,,,,,,,,
OAKLAND UNITY HIGH SCHOOL,2011,19.0,10.0,6.0,0.5263157894736842,0.6,Oakland,Alameda,Oakland Unified,01612590100065,High Schools (Public),True,,,,,,,,,,,,,,,,,,,
OAKLAND UNITY HIGH SCHOOL,2012,28.0,22.0,12.0,0.7857142857142857,0.5454545454545454,Oakland,Alameda,Oakland Unified,01612590100065,High Schools (Public),True,,,,,,,,,,,,,,,,,,,
OAKLAND UNITY HIGH SCHOOL,2013,33.0,21.0,11.0,0.6363636363636364,0.5238095238095238,Oakland,Alameda,Oakland Unified,01612590100065,High Schools (Public),True,,,,,,,,,,,,,,,,,,,
OAKLAND UNITY HIGH SCHOOL,2014,20.0,10.0,9.0,0.5,0.9,Oakland,Alameda,Oakland Unified,01612590100065,High Schools (Public),True,,,,,,,,,,,,,292.0,,,,,,
OAKLAND UNITY HIGH SCHOOL,2015,25.0,8.0,6.0,0.32,0.75,Oakland,Alameda,Oakland Unified,01612590100065,High Schools (Public),True,,,,,,46.0,65.2,4.0,19.0,6.0,0.0,1.0,311.0,244.0,0.7845659163987139,,,,
OAKLAND UNITY HIGH SCHOOL,2016,28.0,20.0,10.0,0.7142857142857143,0.5,Oakland,Alameda,Oakland Unified,01612590100065,High Schools (Public),True,,,,,,61.0,82.0,8.0,13.0,24.0,4.0,1.0,337.0,259.0,0.7685459940652819,2616.5,2585.6,71.0,44.0
OAKLAND UNITY HIGH SCHOOL,2017,16.0,12.0,9.0,0.75,0.75,Oakland,Alameda,Oakland Unified,01612590100065,High Schools (Public),True,63.0,56.0,88.9,54.0,96.4,59.0,62.7,7.0,12.0,17.0,0.0,1.0,345.0,291.0,0.8434782608695652,2621.9,2594.0,65.0,38.0
OAKLAND UNITY HIGH SCHOOL,2018,25.0,12.0,8.0,0.48,0.6666666666666666,Oakland,Alameda,Oakland Unified,01612590100065,High Schools (Public),True,77.0,68.0,88.3,64.0,94.1,70.0,65.7,8.0,17.0,17.0,2.0,2.0,346.0,295.0,0.8526011560693642,2606.7,2559.9,65.38,26.92
OAKLAND UNITY HIGH SCHOOL,2019,24.0,21.0,11.0,0.875,0.5238095238095238,Oakland,Alameda,Oakland Unified,01612590100065,High Schools (Public),True,83.0,75.0,90.4,67.0,89.3,77.0,59.7,9.0,19.0,13.0,5.0,0.0,359.0,306.0,0.8523676880222841,2614.8,2601.8,62.5,36.59
OAKLAND UNITY HIGH SCHOOL,2020,28.0,16.0,6.0,0.5714285714285714,0.375,Oakland,Alameda,Oakland Unified,01612590100065,High Schools (Public),True,82.0,77.0,93.9,76.0,98.7,82.0,61.0,6.0,18.0,19.0,2.0,5.0,355.0,308.0,0.8676056338028169,2622.0,2609.5,71.76,47.06
OAKLAND UNITY HIGH SCHOOL,2021,24.0,19.0,7.0,0.7916666666666666,0.3684210526315789,Oakland,Alameda,Oakland Unified,01612590100065,High Schools (Public),True,72.0,68.0,94.4,62.0,91.2,69.0,52.2,6.0,14.0,11.0,4.0,1.0,372.0,315.0,0.8467741935483871,,,,
OAKLAND UNITY HIGH SCHOOL,2022,30.0,26.0,9.0,0.8666666666666667,0.34615384615384615,Oakland,Alameda,Oakland Unified,01612590100065,High Schools (Public),True,85.0,74.0,87.1,74.0,100.0,73.0,63.0,8.0,22.0,11.0,4.0,1.0,,,,2597.2,2568.0,60.24,24.1
OAKLAND UNITY HIGH SCHOOL,2023,28.0,24.0,13.0,0.8571428571428571,0.5416666666666666,Oakland,Alameda,Oakland Unified,01612590100065,High Schools (Public),True,88.0,81.0,92.0,79.0,97.5,82.0,62.2,13.0,25.0,10.0,2.0,1.0,351.0,315.0,0.8974358974358975,2608.3,2553.3,60.47,23.26
OAKLAND UNITY HIGH SCHOOL,2024,28.0,25.0,10.0,0.8928571428571429,0.4,Oakland,Alameda,Oakland Unified,01612590100065,High Schools (Public),True,82.0,77.0,93.9,77.0,100.0,,,,,,,,304.0,297.0,0.9769736842105264,2594.5,2536.5,56.1,18.29
OAKLAND UNITY HIGH SCHOOL,2025,29.0,28.0,5.0,0.9655172413793104,0.17857142857142858,Oakland,Alameda,Oakland Unified,01612590100065,High Schools (Public),True,84.0,77.0,91.7,77.0,100.0,,,,,,,,295.0,215.0,0.7288135593220338,2633.3,2579.1,78.05,37.35
OASIS HIGH SCHOOL,2008,12.0,9.0,8.0,0.75,0.8888888888888888,Oakland,Alameda,,,,,,,,,,,,,,,,,,,,,,,
OCEANA HIGH SCHOOL,2005,29.0,26.0,15.0,0.896551724137931,0.5769230769230769,Pacifica,San Mateo,Jefferson Union High,41689244135075,Alternative Schools of Choice,False,,,,,,,,,,,,,,,,,,,
OCEANA HIGH SCHOOL,2006,35.0,34.0,21.0,0.9714285714285714,0.6176470588235294,Pacifica,San Mateo,Jefferson Union High,41689244135075,Alternative Schools of Choice,False,,,,,,,,,,,,,,,,,,,
OCEANA HIGH SCHOOL,2007,27.0,24.0,16.0,0.8888888888888888,0.6666666666666666,Pacifica,San Mateo,Jefferson Union High,41689244135075,Alternative Schools of Choice,False,,,,,,,,,,,,,,,,,,,
OCEANA HIGH SCHOOL,2008,29.0,27.0,13.0,0.9310344827586207,0.48148148148148145,Pacifica,San Mateo,Jefferson Union High,41689244135075,Alternative Schools of Choice,False,,,,,,,,,,,,,,,,,,,
OCEANA HIGH SCHOOL,2009,26.0,23.0,9.0,0.8846153846153846,0.391304347826087,Pacifica,San Mateo,Jefferson Union High,41689244135075,Alternative Schools of Choice,False,,,,,,,,,,,,,,,,,,,
OCEANA HIGH SCHOOL,2010,34.0,29.0,18.0,0.8529411764705882,0.6206896551724138,Pacifica,San Mateo,Jefferson Union High,41689244135075,Alternative Schools of Choice,False,,,,,,,,,,,,,,,,,,,
OCEANA HIGH SCHOOL,2011,31.0,22.0,16.0,0.7096774193548387,0.7272727272727273,Pacifica,San Mateo,Jefferson Union High,41689244135075,Alternative Schools of Choice,False,,,,,,,,,,,,,,,,,,,
OCEANA HIGH SCHOOL,2012,22.0,14.0,9.0,0.6363636363636364,0.6428571428571429,Pacifica,San Mateo,Jefferson Union High,41689244135075,Alternative Schools of Choice,False,,,,,,,,,,,,,,,,,,,
OCEANA HIGH SCHOOL,2013,30.0,20.0,13.0,0.6666666666666666,0.65,Pacifica,San Mateo,Jefferson Union High,41689244135075,Alternative Schools of Choice,False,,,,,,,,,,,,,,,,,,,
OCEANA HIGH SCHOOL,2014,46.0,26.0,22.0,0.5652173913043478,0.8461538461538461,Pacifica,San Mateo,Jefferson Union High,41689244135075,Alternative Schools of Choice,False,,,,,,,,,,,,,630.0,,,,,,
OCEANA HIGH SCHOOL,2015,47.0,28.0,15.0,0.5957446808510638,0.5357142857142857,Pacifica,San Mateo,Jefferson Union High,41689244135075,Alternative Schools of Choice,False,,,,,,132.0,85.6,15.0,28.0,53.0,3.0,14.0,628.0,201.0,0.3200636942675159,,,,
OCEANA HIGH SCHOOL,2016,29.0,17.0,12.0,0.5862068965517241,0.7058823529411765,Pacifica,San Mateo,Jefferson Union High,41689244135075,Alternative Schools of Choice,False,,,,,,129.0,83.7,11.0,31.0,60.0,1.0,5.0,622.0,210.0,0.337620578778135,2635.4,2618.9,78.0,51.0
OCEANA HIGH SCHOOL,2017,30.0,18.0,11.0,0.6,0.6111111111111112,Pacifica,San Mateo,Jefferson Union High,41689244135075,Alternative Schools of Choice,False,116.0,109.0,94.0,82.0,75.2,109.0,89.9,11.0,20.0,57.0,3.0,7.0,597.0,182.0,0.304857621440536,2656.1,2622.0,81.0,52.0
OCEANA HIGH SCHOOL,2018,52.0,32.0,23.0,0.6153846153846154,0.71875,Pacifica,San Mateo,Jefferson Union High,41689244135075,Alternative Schools of Choice,False,158.0,142.0,89.9,105.0,73.9,143.0,83.9,21.0,28.0,58.0,10.0,3.0,619.0,190.0,0.3069466882067851,2664.8,2648.6,80.0,59.86
OCEANA HIGH SCHOOL,2019,36.0,17.0,7.0,0.4722222222222222,0.4117647058823529,Pacifica,San Mateo,Jefferson Union High,41689244135075,Alternative Schools of Choice,False,135.0,119.0,88.1,81.0,68.1,123.0,82.1,7.0,25.0,65.0,1.0,3.0,599.0,112.0,0.1869782971619365,2631.6,2624.8,70.15,48.09
OCEANA HIGH SCHOOL,2020,39.0,28.0,17.0,0.717948717948718,0.6071428571428571,Pacifica,San Mateo,Jefferson Union High,41689244135075,Alternative Schools of Choice,False,134.0,125.0,93.3,74.0,59.2,127.0,84.3,17.0,18.0,63.0,4.0,5.0,601.0,130.0,0.21630615640599,2616.9,2612.9,70.37,44.36
OCEANA HIGH SCHOOL,2021,43.0,24.0,13.0,0.5581395348837209,0.5416666666666666,Pacifica,San Mateo,Jefferson Union High,41689244135075,Alternative Schools of Choice,False,141.0,127.0,90.1,88.0,69.3,130.0,84.6,13.0,24.0,61.0,4.0,8.0,596.0,133.0,0.2231543624161074,,,,
OCEANA HIGH SCHOOL,2022,60.0,42.0,23.0,0.7,0.5476190476190477,Pacifica,San Mateo,Jefferson Union High,41689244135075,Alternative Schools of Choice,False,139.0,126.0,90.6,88.0,69.8,127.0,81.9,22.0,22.0,47.0,5.0,8.0,,,,2671.3,2658.5,82.0,58.14
OCEANA HIGH SCHOOL,2023,40.0,29.0,17.0,0.725,0.5862068965517241,Pacifica,San Mateo,Jefferson Union High,41689244135075,Alternative Schools of Choice,False,119.0,109.0,91.6,83.0,76.1,112.0,82.1,15.0,21.0,47.0,3.0,6.0,535.0,105.0,0.1962616822429906,2618.2,2563.5,66.96,35.65
OCEANA HIGH SCHOOL,2024,43.0,32.0,19.0,0.7441860465116279,0.59375,Pacifica,San Mateo,Jefferson Union High,41689244135075,Alternative Schools of Choice,False,121.0,115.0,95.0,90.0,78.3,,,,,,,,491.0,91.0,0.185336048879837,2624.6,2557.7,66.67,35.83
OCEANA HIGH SCHOOL,2025,64.0,53.0,30.0,0.828125,0.5660377358490566,Pacifica,San Mateo,Jefferson Union High,41689244135075,Alternative Schools of Choice,False,141.0,130.0,92.2,104.0,80.0,,,,,,,,471.0,88.0,0.1868365180467091,2630.8,2594.8,71.57,40.0
ORCHARD VIEW SCHOOL,2017,7.0,5.0,4.0,0.7142857142857143,0.8,Sebastopol,Sonoma,Twin Hills Union Elementary,49709614930319,K-12 Schools (Public),True,37.0,34.0,91.9,12.0,35.3,34.0,52.9,3.0,2.0,13.0,0.0,0.0,233.0,16.0,0.0686695278969957,2642.8,2582.9,69.0,42.0
ORCHARD VIEW SCHOOL,2022,5.0,3,,0.6,,Sebastopol,Sonoma,Twin Hills Union Elementary,49709614930319,K-12 Schools (Public),True,35.0,34.0,97.1,9.0,26.5,32.0,56.3,0.0,1.0,16.0,0.0,1.0,,,,,,,
OXFORD DAY ACADEMY,2021,9.0,6.0,4.0,0.6666666666666666,0.6666666666666666,East Palo Alto,San Mateo,San Mateo County Office of Education,41104130135269,High Schools (Public),True,40.0,23.0,57.5,17.0,73.9,23.0,69.6,4.0,8.0,2.0,1.0,1.0,103.0,76.0,0.7378640776699029,,,,
OXFORD DAY ACADEMY,2022,11.0,10,,0.9090909090909091,,East Palo Alto,San Mateo,San Mateo County Office of Education,41104130135269,High Schools (Public),True,31.0,25.0,80.6,17.0,68.0,30.0,63.3,1.0,9.0,7.0,0.0,2.0,,,,2543.3,2502.4,40.0,10.53
OXFORD DAY ACADEMY,2023,9.0,9,,1.0,,East Palo Alto,San Mateo,San Mateo County Office of Education,41104130135269,High Schools (Public),True,34.0,23.0,67.6,19.0,82.6,27.0,51.9,1.0,9.0,4.0,0.0,0.0,92.0,68.0,0.7391304347826086,2467.9,2458.8,13.04,0.0
OXFORD DAY ACADEMY,2024,6.0,3,,0.5,,East Palo Alto,San Mateo,San Mateo County Office of Education,41104130135269,High Schools (Public),True,33.0,18.0,54.5,0.0,0.0,,,,,,,,105.0,61.0,0.580952380952381,,,,
OXFORD DAY ACADEMY,2025,9.0,9,,1.0,,East Palo Alto,San Mateo,San Mateo County Office of Education,41104130135269,High Schools (Public),True,35.0,20.0,57.1,17.0,85.0,,,,,,,,108.0,72.0,0.6666666666666666,2401.3,2405.4,6.25,0.0
PALO ALTO SENIOR HIGH SCHOOL,2005,228.0,212.0,94.0,0.9298245614035088,0.44339622641509435,Palo Alto,Santa Clara,Palo Alto Unified,43696414335782,High Schools (Public),False,,,,,,,,,,,,,,,,,,,
PALO ALTO SENIOR HIGH SCHOOL,2006,228.0,211.0,91.0,0.9254385964912281,0.4312796208530806,Palo Alto,Santa Clara,Palo Alto Unified,43696414335782,High Schools (Public),False,,,,,,,,,,,,,,,,,,,
PALO ALTO SENIOR HIGH SCHOOL,2007,221.0,198.0,79.0,0.8959276018099548,0.398989898989899,Palo Alto,Santa Clara,Palo Alto Unified,43696414335782,High Schools (Public),False,,,,,,,,,,,,,,,,,,,
PALO ALTO SENIOR HIGH SCHOOL,2008,230.0,218.0,83.0,0.9478260869565217,0.38073394495412843,Palo Alto,Santa Clara,Palo Alto Unified,43696414335782,High Schools (Public),False,,,,,,,,,,,,,,,,,,,
PALO ALTO SENIOR HIGH SCHOOL,2009,250.0,230.0,79.0,0.92,0.34347826086956523,Palo Alto,Santa Clara,Palo Alto Unified,43696414335782,High Schools (Public),False,,,,,,,,,,,,,,,,,,,
PALO ALTO SENIOR HIGH SCHOOL,2010,250.0,232.0,66.0,0.928,0.28448275862068967,Palo Alto,Santa Clara,Palo Alto Unified,43696414335782,High Schools (Public),False,,,,,,,,,,,,,,,,,,,
PALO ALTO SENIOR HIGH SCHOOL,2011,225.0,190.0,67.0,0.8444444444444444,0.3526315789473684,Palo Alto,Santa Clara,Palo Alto Unified,43696414335782,High Schools (Public),False,,,,,,,,,,,,,,,,,,,
PALO ALTO SENIOR HIGH SCHOOL,2012,255.0,205.0,62.0,0.803921568627451,0.3024390243902439,Palo Alto,Santa Clara,Palo Alto Unified,43696414335782,High Schools (Public),False,,,,,,,,,,,,,,,,,,,
PALO ALTO SENIOR HIGH SCHOOL,2013,271.0,191.0,52.0,0.7047970479704797,0.27225130890052357,Palo Alto,Santa Clara,Palo Alto Unified,43696414335782,High Schools (Public),False,,,,,,,,,,,,,,,,,,,
PALO ALTO SENIOR HIGH SCHOOL,2014,279.0,204.0,63.0,0.7311827956989247,0.3088235294117647,Palo Alto,Santa Clara,Palo Alto Unified,43696414335782,High Schools (Public),False,,,,,,,,,,,,,1944.0,,,,,,
PALO ALTO SENIOR HIGH SCHOOL,2015,285.0,189.0,55.0,0.6631578947368421,0.291005291005291,Palo Alto,Santa Clara,Palo Alto Unified,43696414335782,High Schools (Public),False,,,,,,466.0,72.3,42.0,32.0,28.0,57.0,178.0,1943.0,159.0,0.0818322182192485,,,,
PALO ALTO SENIOR HIGH SCHOOL,2016,290.0,233.0,78.0,0.803448275862069,0.33476394849785407,Palo Alto,Santa Clara,Palo Alto Unified,43696414335782,High Schools (Public),False,,,,,,495.0,84.6,73.0,34.0,69.0,48.0,195.0,1994.0,136.0,0.0682046138415245,2685.4,2722.8,83.0,78.0
PALO ALTO SENIOR HIGH SCHOOL,2017,289.0,195.0,69.0,0.6747404844290658,0.35384615384615387,Palo Alto,Santa Clara,Palo Alto Unified,43696414335782,High Schools (Public),False,465.0,452.0,97.2,400.0,88.5,454.0,81.3,64.0,27.0,54.0,52.0,172.0,1992.0,177.0,0.0888554216867469,2702.3,2745.0,92.0,88.0
PALO ALTO SENIOR HIGH SCHOOL,2018,309.0,191.0,57.0,0.6181229773462783,0.29842931937172773,Palo Alto,Santa Clara,Palo Alto Unified,43696414335782,High Schools (Public),False,491.0,466.0,94.9,340.0,73.0,471.0,85.1,56.0,31.0,50.0,47.0,217.0,2072.0,207.0,0.0999034749034749,2676.4,2713.7,85.92,72.58
PALO ALTO SENIOR HIGH SCHOOL,2019,326.0,193.0,59.0,0.5920245398773006,0.30569948186528495,Palo Alto,Santa Clara,Palo Alto Unified,43696414335782,High Schools (Public),False,500.0,483.0,96.6,432.0,89.4,489.0,84.0,55.0,25.0,67.0,31.0,233.0,2124.0,167.0,0.0786252354048964,2670.9,2744.3,80.22,83.58
PALO ALTO SENIOR HIGH SCHOOL,2020,314.0,238.0,78.0,0.7579617834394905,0.3277310924369748,Palo Alto,Santa Clara,Palo Alto Unified,43696414335782,High Schools (Public),False,526.0,500.0,95.1,450.0,90.0,506.0,81.8,72.0,23.0,62.0,40.0,217.0,2177.0,177.0,0.0813045475424896,2679.5,2711.5,84.77,76.73
PALO ALTO SENIOR HIGH SCHOOL,2021,381.0,256.0,89.0,0.6719160104986877,0.34765625,Palo Alto,Santa Clara,Palo Alto Unified,43696414335782,High Schools (Public),False,540.0,514.0,95.2,469.0,91.2,517.0,86.5,85.0,26.0,62.0,48.0,226.0,2085.0,170.0,0.0815347721822542,,,,
PALO ALTO SENIOR HIGH SCHOOL,2022,352.0,237.0,74.0,0.6732954545454546,0.31223628691983124,Palo Alto,Santa Clara,Palo Alto Unified,43696414335782,High Schools (Public),False,522.0,507.0,97.1,473.0,93.3,515.0,86.6,71.0,38.0,65.0,43.0,229.0,,,,2712.0,2770.2,89.12,85.94
PALO ALTO SENIOR HIGH SCHOOL,2023,357.0,242.0,91.0,0.6778711484593838,0.3760330578512397,Palo Alto,Santa Clara,Palo Alto Unified,43696414335782,High Schools (Public),False,547.0,538.0,98.4,494.0,91.8,542.0,86.0,88.0,33.0,70.0,45.0,230.0,1992.0,203.0,0.1019076305220883,2706.6,2754.5,88.04,83.74
PALO ALTO SENIOR HIGH SCHOOL,2024,340.0,239.0,80.0,0.7029411764705882,0.33472803347280333,Palo Alto,Santa Clara,Palo Alto Unified,43696414335782,High Schools (Public),False,497.0,475.0,95.6,437.0,92.0,,,,,,,,1932.0,208.0,0.1076604554865424,2653.8,2695.9,74.89,71.71
PALO ALTO SENIOR HIGH SCHOOL,2025,341.0,265.0,82.0,0.7771260997067448,0.30943396226415093,Palo Alto,Santa Clara,Palo Alto Unified,43696414335782,High Schools (Public),False,466.0,457.0,98.1,430.0,94.1,,,,,,,,1891.0,252.0,0.1332628239026969,2643.5,2696.4,72.29,70.13
PATHWAYS CHARTER SCHOOL,2018,5.0,3,,0.6,,Rohnert Park,Sonoma,Harmony Union Elementary,49707306120588,K-12 Schools (Public),True,63.0,47.0,74.6,9.0,19.1,60.0,38.3,1.0,1.0,16.0,2.0,3.0,396.0,211.0,0.5328282828282829,2590.1,2523.1,54.72,15.38
PAUL ROBESON SCHOOL OF VISUAL P ART,2009,8.0,6.0,5.0,0.75,0.8333333333333334,Oakland,Alameda,,,,,,,,,,,,,,,,,,,,,,,
PESCADERO HIGH SCHOOL,2007,8.0,7.0,4.0,0.875,0.5714285714285714,Pescadero,San Mateo,La Honda-Pescadero Unified,41689404135331,High Schools (Public),False,,,,,,,,,,,,,,,,,,,
PESCADERO HIGH SCHOOL,2009,8.0,6,,0.75,,Pescadero,San Mateo,La Honda-Pescadero Unified,41689404135331,High Schools (Public),False,,,,,,,,,,,,,,,,,,,
PESCADERO HIGH SCHOOL,2010,7.0,7,,1.0,,Pescadero,San Mateo,La Honda-Pescadero Unified,41689404135331,High Schools (Public),False,,,,,,,,,,,,,,,,,,,
PESCADERO HIGH SCHOOL,2011,5.0,5,,1.0,,Pescadero,San Mateo,La Honda-Pescadero Unified,41689404135331,High Schools (Public),False,,,,,,,,,,,,,,,,,,,
PESCADERO HIGH SCHOOL,2013,9.0,4,,0.4444444444444444,,Pescadero,San Mateo,La Honda-Pescadero Unified,41689404135331,High Schools (Public),False,,,,,,,,,,,,,,,,,,,
PESCADERO HIGH SCHOOL,2014,6.0,,,,,Pescadero,San Mateo,La Honda-Pescadero Unified,41689404135331,High Schools (Public),False,,,,,,,,,,,,,98.0,,,,,,
PESCADERO HIGH SCHOOL,2017,7.0,,,,,Pescadero,San Mateo,La Honda-Pescadero Unified,41689404135331,High Schools (Public),False,32.0,30.0,93.8,13.0,43.3,29.0,44.8,0.0,6.0,6.0,0.0,1.0,98.0,59.0,0.6020408163265306,2583.7,2588.8,52.0,45.0
PESCADERO HIGH SCHOOL,2018,5.0,,,,,Pescadero,San Mateo,La Honda-Pescadero Unified,41689404135331,High Schools (Public),False,24.0,23.0,95.8,9.0,39.1,27.0,51.9,1.0,2.0,8.0,0.0,3.0,93.0,51.0,0.5483870967741935,2609.4,2595.9,69.57,39.13
PESCADERO HIGH SCHOOL,2020,14.0,8,,0.5714285714285714,,Pescadero,San Mateo,La Honda-Pescadero Unified,41689404135331,High Schools (Public),False,20.0,20.0,100.0,12.0,60.0,23.0,56.5,2.0,1.0,9.0,0.0,1.0,86.0,46.0,0.5348837209302325,2658.9,2672.1,80.95,71.43
PESCADERO HIGH SCHOOL,2021,5.0,,,,,Pescadero,San Mateo,La Honda-Pescadero Unified,41689404135331,High Schools (Public),False,21.0,19.0,90.5,6.0,31.6,19.0,52.6,0.0,3.0,5.0,0.0,2.0,81.0,32.0,0.3950617283950617,,,,
PESCADERO HIGH SCHOOL,2022,7.0,6.0,4.0,0.8571428571428571,0.6666666666666666,Pescadero,San Mateo,La Honda-Pescadero Unified,41689404135331,High Schools (Public),False,24.0,22.0,91.7,8.0,36.4,23.0,73.9,4.0,0.0,12.0,0.0,1.0,,,,,,,
PESCADERO HIGH SCHOOL,2023,6.0,,,,,Pescadero,San Mateo,La Honda-Pescadero Unified,41689404135331,High Schools (Public),False,19.0,16.0,84.2,9.0,56.3,17.0,82.4,0.0,4.0,10.0,0.0,0.0,80.0,30.0,0.375,2602.2,2575.2,62.5,31.25
PESCADERO HIGH SCHOOL,2024,6.0,4,,0.6666666666666666,,Pescadero,San Mateo,La Honda-Pescadero Unified,41689404135331,High Schools (Public),False,18.0,15.0,83.3,9.0,60.0,,,,,,,,83.0,31.0,0.3734939759036144,2555.3,2542.4,43.75,31.25
PESCADERO HIGH SCHOOL,2025,5.0,3,,0.6,,Pescadero,San Mateo,La Honda-Pescadero Unified,41689404135331,High Schools (Public),False,20.0,17.0,85.0,6.0,35.3,,,,,,,,81.0,28.0,0.345679012345679,2579.5,2512.9,57.14,28.57
PETALUMA HIGH SCHOOL,2005,48.0,44.0,30.0,0.9166666666666666,0.6818181818181818,Petaluma,Sonoma,Petaluma Joint Union High,49708624935151,High Schools (Public),False,,,,,,,,,,,,,,,,,,,
PETALUMA HIGH SCHOOL,2006,72.0,68.0,34.0,0.9444444444444444,0.5,Petaluma,Sonoma,Petaluma Joint Union High,49708624935151,High Schools (Public),False,,,,,,,,,,,,,,,,,,,
PETALUMA HIGH SCHOOL,2007,59.0,54.0,25.0,0.9152542372881356,0.46296296296296297,Petaluma,Sonoma,Petaluma Joint Union High,49708624935151,High Schools (Public),False,,,,,,,,,,,,,,,,,,,
PETALUMA HIGH SCHOOL,2008,63.0,59.0,18.0,0.9365079365079365,0.3050847457627119,Petaluma,Sonoma,Petaluma Joint Union High,49708624935151,High Schools (Public),False,,,,,,,,,,,,,,,,,,,
PETALUMA HIGH SCHOOL,2009,59.0,49.0,20.0,0.8305084745762712,0.40816326530612246,Petaluma,Sonoma,Petaluma Joint Union High,49708624935151,High Schools (Public),False,,,,,,,,,,,,,,,,,,,
PETALUMA HIGH SCHOOL,2010,73.0,66.0,31.0,0.9041095890410958,0.4696969696969697,Petaluma,Sonoma,Petaluma Joint Union High,49708624935151,High Schools (Public),False,,,,,,,,,,,,,,,,,,,
PETALUMA HIGH SCHOOL,2011,63.0,46.0,19.0,0.7301587301587301,0.41304347826086957,Petaluma,Sonoma,Petaluma Joint Union High,49708624935151,High Schools (Public),False,,,,,,,,,,,,,,,,,,,
PETALUMA HIGH SCHOOL,2012,65.0,46.0,27.0,0.7076923076923077,0.5869565217391305,Petaluma,Sonoma,Petaluma Joint Union High,49708624935151,High Schools (Public),False,,,,,,,,,,,,,,,,,,,
PETALUMA HIGH SCHOOL,2013,66.0,42.0,15.0,0.6363636363636364,0.35714285714285715,Petaluma,Sonoma,Petaluma Joint Union High,49708624935151,High Schools (Public),False,,,,,,,,,,,,,,,,,,,
PETALUMA HIGH SCHOOL,2014,60.0,34.0,15.0,0.5666666666666667,0.4411764705882353,Petaluma,Sonoma,Petaluma Joint Union High,49708624935151,High Schools (Public),False,,,,,,,,,,,,,1305.0,,,,,,
PETALUMA HIGH SCHOOL,2015,75.0,44.0,24.0,0.5866666666666667,0.5454545454545454,Petaluma,Sonoma,Petaluma Joint Union High,49708624935151,High Schools (Public),False,,,,,,298.0,73.2,20.0,47.0,112.0,7.0,32.0,1348.0,334.0,0.2477744807121661,,,,
PETALUMA HIGH SCHOOL,2016,84.0,54.0,40.0,0.6428571428571429,0.7407407407407407,Petaluma,Sonoma,Petaluma Joint Union High,49708624935151,High Schools (Public),False,,,,,,299.0,72.2,33.0,40.0,103.0,7.0,33.0,1354.0,423.0,0.3124076809453471,2604.7,2590.5,61.0,38.0
PETALUMA HIGH SCHOOL,2017,66.0,32.0,18.0,0.48484848484848486,0.5625,Petaluma,Sonoma,Petaluma Joint Union High,49708624935151,High Schools (Public),False,286.0,268.0,93.7,116.0,43.3,271.0,74.2,17.0,37.0,105.0,8.0,34.0,1335.0,396.0,0.2966292134831461,2622.3,2587.0,70.0,36.0
PETALUMA HIGH SCHOOL,2018,84.0,48.0,29.0,0.5714285714285714,0.6041666666666666,Petaluma,Sonoma,Petaluma Joint Union High,49708624935151,High Schools (Public),False,323.0,310.0,96.0,171.0,55.2,317.0,81.4,28.0,50.0,126.0,7.0,47.0,1338.0,350.0,0.2615844544095665,2656.3,2619.3,78.66,48.48
PETALUMA HIGH SCHOOL,2019,84.0,47.0,25.0,0.5595238095238095,0.5319148936170213,Petaluma,Sonoma,Petaluma Joint Union High,49708624935151,High Schools (Public),False,324.0,307.0,94.8,171.0,55.7,308.0,77.9,25.0,49.0,112.0,3.0,51.0,1371.0,345.0,0.2516411378555798,2642.3,2605.3,72.59,44.83
PETALUMA HIGH SCHOOL,2020,73.0,46.0,22.0,0.6301369863013698,0.4782608695652174,Petaluma,Sonoma,Petaluma Joint Union High,49708624935151,High Schools (Public),False,290.0,267.0,92.1,139.0,52.1,272.0,78.7,22.0,32.0,111.0,4.0,45.0,1381.0,484.0,0.3504706734250543,2638.1,2598.6,73.61,42.61
PETALUMA HIGH SCHOOL,2021,89.0,50.0,27.0,0.5617977528089888,0.54,Petaluma,Sonoma,Petaluma Joint Union High,49708624935151,High Schools (Public),False,335.0,313.0,93.4,168.0,53.7,316.0,77.5,24.0,30.0,133.0,10.0,48.0,1369.0,423.0,0.3089846603360117,,,,
PETALUMA HIGH SCHOOL,2022,92.0,59.0,27.0,0.6413043478260869,0.4576271186440678,Petaluma,Sonoma,Petaluma Joint Union High,49708624935151,High Schools (Public),False,352.0,334.0,94.9,192.0,57.5,334.0,72.2,27.0,52.0,114.0,11.0,37.0,,,,2655.3,2608.1,77.91,45.74
PETALUMA HIGH SCHOOL,2023,81.0,52.0,24.0,0.6419753086419753,0.46153846153846156,Petaluma,Sonoma,Petaluma Joint Union High,49708624935151,High Schools (Public),False,276.0,260.0,94.2,150.0,57.7,266.0,79.3,22.0,31.0,110.0,2.0,46.0,1220.0,485.0,0.3975409836065574,2583.1,2557.0,52.17,28.46
PETALUMA HIGH SCHOOL,2024,97.0,73.0,40.0,0.7525773195876289,0.547945205479452,Petaluma,Sonoma,Petaluma Joint Union High,49708624935151,High Schools (Public),False,313.0,299.0,95.5,176.0,58.9,,,,,,,,1253.0,514.0,0.4102154828411811,2624.0,2574.0,68.3,37.42
PETALUMA HIGH SCHOOL,2025,77.0,60.0,28.0,0.7792207792207793,0.4666666666666667,Petaluma,Sonoma,Petaluma Joint Union High,49708624935151,High Schools (Public),False,292.0,277.0,94.9,152.0,54.9,,,,,,,,1193.0,488.0,0.4090528080469405,2583.5,2560.0,55.84,28.25
PHILLIP & SALA BURTON ACAD HS,2005,70.0,62.0,48.0,0.8857142857142857,0.7741935483870968,San Francisco,San Francisco,San Francisco Unified,38684783830254,High Schools (Public),False,,,,,,,,,,,,,,,,,,,
PHILLIP & SALA BURTON ACAD HS,2006,89.0,77.0,59.0,0.8651685393258427,0.7662337662337663,San Francisco,San Francisco,San Francisco Unified,38684783830254,High Schools (Public),False,,,,,,,,,,,,,,,,,,,
PHILLIP & SALA BURTON ACAD HS,2007,121.0,102.0,75.0,0.8429752066115702,0.7352941176470589,San Francisco,San Francisco,San Francisco Unified,38684783830254,High Schools (Public),False,,,,,,,,,,,,,,,,,,,
PHILLIP & SALA BURTON ACAD HS,2008,71.0,52.0,37.0,0.7323943661971831,0.7115384615384616,San Francisco,San Francisco,San Francisco Unified,38684783830254,High Schools (Public),False,,,,,,,,,,,,,,,,,,,
PHILLIP & SALA BURTON ACAD HS,2009,78.0,63.0,47.0,0.8076923076923077,0.746031746031746,San Francisco,San Francisco,San Francisco Unified,38684783830254,High Schools (Public),False,,,,,,,,,,,,,,,,,,,
PHILLIP & SALA BURTON ACAD HS,2010,55.0,51.0,40.0,0.9272727272727272,0.7843137254901961,San Francisco,San Francisco,San Francisco Unified,38684783830254,High Schools (Public),False,,,,,,,,,,,,,,,,,,,
PHILLIP & SALA BURTON ACAD HS,2011,36.0,23.0,14.0,0.6388888888888888,0.6086956521739131,San Francisco,San Francisco,San Francisco Unified,38684783830254,High Schools (Public),False,,,,,,,,,,,,,,,,,,,
PHILLIP & SALA BURTON ACAD HS,2012,47.0,41.0,30.0,0.8723404255319149,0.7317073170731707,San Francisco,San Francisco,San Francisco Unified,38684783830254,High Schools (Public),False,,,,,,,,,,,,,,,,,,,
PHILLIP & SALA BURTON ACAD HS,2013,47.0,26.0,19.0,0.5531914893617021,0.7307692307692307,San Francisco,San Francisco,San Francisco Unified,38684783830254,High Schools (Public),False,,,,,,,,,,,,,,,,,,,
PHILLIP & SALA BURTON ACAD HS,2014,60.0,42.0,34.0,0.7,0.8095238095238095,San Francisco,San Francisco,San Francisco Unified,38684783830254,High Schools (Public),False,,,,,,,,,,,,,1028.0,,,,,,
PHILLIP & SALA BURTON ACAD HS,2015,94.0,59.0,42.0,0.6276595744680851,0.711864406779661,San Francisco,San Francisco,San Francisco Unified,38684783830254,High Schools (Public),False,,,,,,251.0,69.7,26.0,56.0,82.0,6.0,5.0,1046.0,821.0,0.7848948374760994,,,,
PHILLIP & SALA BURTON ACAD HS,2016,88.0,64.0,49.0,0.7272727272727273,0.765625,San Francisco,San Francisco,San Francisco Unified,38684783830254,High Schools (Public),False,,,,,,228.0,82.0,49.0,36.0,92.0,5.0,5.0,1033.0,766.0,0.7415295256534365,2557.9,2549.5,47.0,30.0
PHILLIP & SALA BURTON ACAD HS,2017,91.0,42.0,25.0,0.46153846153846156,0.5952380952380952,San Francisco,San Francisco,San Francisco Unified,38684783830254,High Schools (Public),False,246.0,227.0,92.3,142.0,62.6,229.0,78.6,22.0,58.0,95.0,2.0,3.0,1055.0,615.0,0.5829383886255924,2574.4,2547.1,49.0,24.0
PHILLIP & SALA BURTON ACAD HS,2018,95.0,56.0,32.0,0.5894736842105263,0.5714285714285714,San Francisco,San Francisco,San Francisco Unified,38684783830254,High Schools (Public),False,239.0,222.0,92.9,122.0,55.0,222.0,74.8,33.0,56.0,65.0,4.0,8.0,1063.0,713.0,0.6707431796801505,2562.2,2543.8,43.29,24.63
PHILLIP & SALA BURTON ACAD HS,2019,104.0,66.0,37.0,0.6346153846153846,0.5606060606060606,San Francisco,San Francisco,San Francisco Unified,38684783830254,High Schools (Public),False,241.0,219.0,90.9,132.0,60.3,221.0,67.9,35.0,53.0,53.0,3.0,6.0,1092.0,727.0,0.6657509157509157,2556.9,2537.9,42.39,22.03
PHILLIP & SALA BURTON ACAD HS,2020,86.0,65.0,43.0,0.7558139534883721,0.6615384615384615,San Francisco,San Francisco,San Francisco Unified,38684783830254,High Schools (Public),False,229.0,221.0,96.5,131.0,59.3,221.0,59.3,32.0,48.0,49.0,1.0,1.0,1141.0,689.0,0.6038562664329535,2596.3,2557.7,58.67,29.6
PHILLIP & SALA BURTON ACAD HS,2021,110.0,92.0,60.0,0.8363636363636363,0.6521739130434783,San Francisco,San Francisco,San Francisco Unified,38684783830254,High Schools (Public),False,267.0,244.0,91.4,170.0,69.7,243.0,65.0,59.0,39.0,46.0,6.0,8.0,1174.0,746.0,0.6354344122657581,,,,
PHILLIP & SALA BURTON ACAD HS,2022,132.0,101.0,55.0,0.7651515151515151,0.5445544554455446,San Francisco,San Francisco,San Francisco Unified,38684783830254,High Schools (Public),False,280.0,265.0,94.6,165.0,62.3,266.0,73.3,51.0,65.0,64.0,8.0,7.0,,,,,,,
PHILLIP & SALA BURTON ACAD HS,2023,95.0,67.0,40.0,0.7052631578947368,0.5970149253731343,San Francisco,San Francisco,San Francisco Unified,38684783830254,High Schools (Public),False,251.0,225.0,89.6,140.0,62.2,226.0,77.9,40.0,61.0,71.0,3.0,1.0,1060.0,650.0,0.6132075471698113,2574.2,2535.1,50.22,24.88
PHILLIP & SALA BURTON ACAD HS,2024,88.0,65.0,28.0,0.7386363636363636,0.4307692307692308,San Francisco,San Francisco,San Francisco Unified,38684783830254,High Schools (Public),False,220.0,181.0,82.3,118.0,65.2,,,,,,,,1031.0,634.0,0.6149369544131911,2599.1,2518.1,58.55,18.28
PHILLIP & SALA BURTON ACAD HS,2025,93.0,71.0,47.0,0.7634408602150538,0.6619718309859155,San Francisco,San Francisco,San Francisco Unified,38684783830254,High Schools (Public),False,232.0,212.0,91.4,151.0,71.2,,,,,,,,1047.0,709.0,0.6771728748806113,2613.5,2547.6,63.39,30.28
PIEDMONT HIGH SCHOOL,2005,157.0,140.0,66.0,0.89171974522293,0.4714285714285714,Piedmont,Alameda,Piedmont City Unified,01612750136515,High Schools (Public),False,,,,,,,,,,,,,,,,,,,
PIEDMONT HIGH SCHOOL,2006,157.0,146.0,72.0,0.9299363057324841,0.4931506849315068,Piedmont,Alameda,Piedmont City Unified,01612750136515,High Schools (Public),False,,,,,,,,,,,,,,,,,,,
PIEDMONT HIGH SCHOOL,2007,163.0,151.0,77.0,0.9263803680981595,0.5099337748344371,Piedmont,Alameda,Piedmont City Unified,01612750136515,High Schools (Public),False,,,,,,,,,,,,,,,,,,,
PIEDMONT HIGH SCHOOL,2008,144.0,129.0,52.0,0.8958333333333334,0.40310077519379844,Piedmont,Alameda,Piedmont City Unified,01612750136515,High Schools (Public),False,,,,,,,,,,,,,,,,,,,
PIEDMONT HIGH SCHOOL,2009,121.0,109.0,42.0,0.9008264462809917,0.3853211009174312,Piedmont,Alameda,Piedmont City Unified,01612750136515,High Schools (Public),False,,,,,,,,,,,,,,,,,,,
PIEDMONT HIGH SCHOOL,2010,131.0,125.0,43.0,0.9541984732824428,0.344,Piedmont,Alameda,Piedmont City Unified,01612750136515,High Schools (Public),False,,,,,,,,,,,,,,,,,,,
PIEDMONT HIGH SCHOOL,2011,115.0,96.0,29.0,0.8347826086956521,0.3020833333333333,Piedmont,Alameda,Piedmont City Unified,01612750136515,High Schools (Public),False,,,,,,,,,,,,,,,,,,,
PIEDMONT HIGH SCHOOL,2012,102.0,80.0,38.0,0.7843137254901961,0.475,Piedmont,Alameda,Piedmont City Unified,01612750136515,High Schools (Public),False,,,,,,,,,,,,,,,,,,,
PIEDMONT HIGH SCHOOL,2013,106.0,80.0,36.0,0.7547169811320755,0.45,Piedmont,Alameda,Piedmont City Unified,01612750136515,High Schools (Public),False,,,,,,,,,,,,,,,,,,,
PIEDMONT HIGH SCHOOL,2014,111.0,85.0,23.0,0.7657657657657657,0.27058823529411763,Piedmont,Alameda,Piedmont City Unified,01612750136515,High Schools (Public),False,,,,,,,,,,,,,770.0,,,,,,
PIEDMONT HIGH SCHOOL,2015,111.0,67.0,20.0,0.6036036036036037,0.29850746268656714,Piedmont,Alameda,Piedmont City Unified,01612750136515,High Schools (Public),False,,,,,,197.0,80.7,15.0,17.0,19.0,11.0,97.0,784.0,6.0,0.0076530612244897,,,,
PIEDMONT HIGH SCHOOL,2016,118.0,83.0,31.0,0.7033898305084746,0.37349397590361444,Piedmont,Alameda,Piedmont City Unified,01612750136515,High Schools (Public),False,,,,,,180.0,83.9,31.0,10.0,21.0,20.0,69.0,800.0,9.0,0.01125,2709.6,2717.4,94.0,82.0
PIEDMONT HIGH SCHOOL,2017,128.0,79.0,24.0,0.6171875,0.3037974683544304,Piedmont,Alameda,Piedmont City Unified,01612750136515,High Schools (Public),False,199.0,198.0,99.5,187.0,94.4,197.0,84.3,24.0,12.0,17.0,13.0,100.0,811.0,10.0,0.0123304562268803,2713.6,2714.5,96.0,87.0
PIEDMONT HIGH SCHOOL,2018,129.0,83.0,32.0,0.6434108527131783,0.3855421686746988,Piedmont,Alameda,Piedmont City Unified,01612750136515,High Schools (Public),False,188.0,186.0,98.9,183.0,98.4,187.0,84.5,29.0,18.0,12.0,15.0,84.0,813.0,11.0,0.013530135301353,2704.2,2690.5,93.3,73.6
PIEDMONT HIGH SCHOOL,2019,128.0,85.0,37.0,0.6640625,0.43529411764705883,Piedmont,Alameda,Piedmont City Unified,01612750136515,High Schools (Public),False,204.0,203.0,99.5,197.0,97.0,206.0,87.9,34.0,11.0,23.0,16.0,97.0,855.0,11.0,0.0128654970760233,2694.6,2700.6,90.48,76.56
PIEDMONT HIGH SCHOOL,2020,113.0,83.0,34.0,0.7345132743362832,0.40963855421686746,Piedmont,Alameda,Piedmont City Unified,01612750136515,High Schools (Public),False,191.0,180.0,94.2,175.0,97.2,179.0,82.1,32.0,18.0,12.0,12.0,73.0,831.0,10.0,0.0120336943441636,2689.5,2724.7,86.47,81.98
PIEDMONT HIGH SCHOOL,2021,142.0,87.0,45.0,0.6126760563380281,0.5172413793103449,Piedmont,Alameda,Piedmont City Unified,01612750136515,High Schools (Public),False,212.0,206.0,97.2,200.0,97.1,208.0,88.9,42.0,15.0,17.0,17.0,94.0,839.0,14.0,0.0166865315852205,,,,
PIEDMONT HIGH SCHOOL,2022,150.0,93.0,44.0,0.62,0.4731182795698925,Piedmont,Alameda,Piedmont City Unified,01612750136515,High Schools (Public),False,220.0,214.0,97.3,207.0,96.7,217.0,88.9,43.0,19.0,11.0,22.0,98.0,,,,2719.7,2751.7,89.06,86.51
PIEDMONT HIGH SCHOOL,2023,125.0,84.0,34.0,0.672,0.40476190476190477,Piedmont,Alameda,Piedmont City Unified,01612750136515,High Schools (Public),False,192.0,184.0,95.8,171.0,92.9,186.0,89.8,32.0,22.0,19.0,11.0,83.0,763.0,28.0,0.036697247706422,2686.5,2698.7,84.43,71.1
PIEDMONT HIGH SCHOOL,2024,131.0,86.0,31.0,0.6564885496183206,0.36046511627906974,Piedmont,Alameda,Piedmont City Unified,01612750136515,High Schools (Public),False,192.0,189.0,98.4,185.0,97.9,,,,,,,,730.0,25.0,0.0342465753424657,2704.3,2712.8,89.47,76.84
PIEDMONT HIGH SCHOOL,2025,148.0,107.0,41.0,0.722972972972973,0.38317757009345793,Piedmont,Alameda,Piedmont City Unified,01612750136515,High Schools (Public),False,207.0,203.0,98.1,189.0,93.1,,,,,,,,733.0,26.0,0.0354706684856753,2706.8,2718.7,93.16,79.26
PIEDMONT HILLS HIGH SCHOOL,2005,134.0,117.0,71.0,0.8731343283582089,0.6068376068376068,San Jose,Santa Clara,East Side Union High,43694274335907,High Schools (Public),False,,,,,,,,,,,,,,,,,,,
PIEDMONT HILLS HIGH SCHOOL,2006,141.0,129.0,83.0,0.9148936170212766,0.6434108527131783,San Jose,Santa Clara,East Side Union High,43694274335907,High Schools (Public),False,,,,,,,,,,,,,,,,,,,
PIEDMONT HILLS HIGH SCHOOL,2007,149.0,137.0,74.0,0.9194630872483222,0.5401459854014599,San Jose,Santa Clara,East Side Union High,43694274335907,High Schools (Public),False,,,,,,,,,,,,,,,,,,,
PIEDMONT HILLS HIGH SCHOOL,2008,170.0,155.0,84.0,0.9117647058823529,0.5419354838709678,San Jose,Santa Clara,East Side Union High,43694274335907,High Schools (Public),False,,,,,,,,,,,,,,,,,,,
PIEDMONT HILLS HIGH SCHOOL,2009,153.0,139.0,56.0,0.9084967320261438,0.4028776978417266,San Jose,Santa Clara,East Side Union High,43694274335907,High Schools (Public),False,,,,,,,,,,,,,,,,,,,
PIEDMONT HILLS HIGH SCHOOL,2010,173.0,159.0,88.0,0.9190751445086706,0.5534591194968553,San Jose,Santa Clara,East Side Union High,43694274335907,High Schools (Public),False,,,,,,,,,,,,,,,,,,,
PIEDMONT HILLS HIGH SCHOOL,2011,178.0,140.0,88.0,0.7865168539325843,0.6285714285714286,San Jose,Santa Clara,East Side Union High,43694274335907,High Schools (Public),False,,,,,,,,,,,,,,,,,,,
PIEDMONT HILLS HIGH SCHOOL,2012,191.0,136.0,77.0,0.7120418848167539,0.5661764705882353,San Jose,Santa Clara,East Side Union High,43694274335907,High Schools (Public),False,,,,,,,,,,,,,,,,,,,
PIEDMONT HILLS HIGH SCHOOL,2013,190.0,126.0,73.0,0.6631578947368421,0.5793650793650794,San Jose,Santa Clara,East Side Union High,43694274335907,High Schools (Public),False,,,,,,,,,,,,,,,,,,,
PIEDMONT HILLS HIGH SCHOOL,2014,195.0,128.0,79.0,0.6564102564102564,0.6171875,San Jose,Santa Clara,East Side Union High,43694274335907,High Schools (Public),False,,,,,,,,,,,,,2206.0,,,,,,
PIEDMONT HILLS HIGH SCHOOL,2015,193.0,126.0,69.0,0.6528497409326425,0.5476190476190477,San Jose,Santa Clara,East Side Union High,43694274335907,High Schools (Public),False,,,,,,507.0,79.1,59.0,85.0,228.0,19.0,10.0,2215.0,618.0,0.2790067720090293,,,,
PIEDMONT HILLS HIGH SCHOOL,2016,198.0,143.0,86.0,0.7222222222222222,0.6013986013986014,San Jose,Santa Clara,East Side Union High,43694274335907,High Schools (Public),False,,,,,,512.0,86.9,85.0,100.0,216.0,30.0,14.0,2178.0,607.0,0.2786960514233241,2667.9,2662.1,83.0,62.0
PIEDMONT HILLS HIGH SCHOOL,2017,180.0,113.0,59.0,0.6277777777777778,0.5221238938053098,San Jose,Santa Clara,East Side Union High,43694274335907,High Schools (Public),False,519.0,481.0,92.7,280.0,58.2,486.0,84.4,55.0,82.0,242.0,21.0,10.0,2137.0,589.0,0.2756200280767431,2673.7,2658.8,83.0,60.0
PIEDMONT HILLS HIGH SCHOOL,2018,222.0,132.0,74.0,0.5945945945945946,0.5606060606060606,San Jose,Santa Clara,East Side Union High,43694274335907,High Schools (Public),False,570.0,534.0,93.7,318.0,59.6,537.0,85.8,72.0,110.0,236.0,27.0,16.0,2144.0,625.0,0.2915111940298507,2684.3,2663.8,85.77,63.31
PIEDMONT HILLS HIGH SCHOOL,2019,183.0,115.0,68.0,0.6284153005464481,0.591304347826087,San Jose,Santa Clara,East Side Union High,43694274335907,High Schools (Public),False,482.0,463.0,96.1,296.0,63.9,467.0,84.8,65.0,80.0,226.0,13.0,12.0,2058.0,528.0,0.2565597667638484,2663.3,2654.3,80.0,61.17
PIEDMONT HILLS HIGH SCHOOL,2020,200.0,143.0,94.0,0.715,0.6573426573426573,San Jose,Santa Clara,East Side Union High,43694274335907,High Schools (Public),False,487.0,454.0,93.2,311.0,68.5,459.0,86.1,88.0,62.0,209.0,21.0,15.0,2051.0,499.0,0.2432959531935641,2673.4,2670.3,80.94,63.38
PIEDMONT HILLS HIGH SCHOOL,2021,245.0,162.0,89.0,0.6612244897959184,0.5493827160493827,San Jose,Santa Clara,East Side Union High,43694274335907,High Schools (Public),False,539.0,501.0,92.9,345.0,68.9,502.0,89.6,84.0,119.0,195.0,27.0,25.0,2005.0,490.0,0.2443890274314214,,,,
PIEDMONT HILLS HIGH SCHOOL,2022,207.0,122.0,69.0,0.5893719806763285,0.5655737704918032,San Jose,Santa Clara,East Side Union High,43694274335907,High Schools (Public),False,492.0,466.0,94.7,299.0,64.2,471.0,85.1,67.0,69.0,228.0,15.0,22.0,,,,2671.7,2673.3,78.13,62.8
PIEDMONT HILLS HIGH SCHOOL,2023,215.0,127.0,60.0,0.5906976744186047,0.47244094488188976,San Jose,Santa Clara,East Side Union High,43694274335907,High Schools (Public),False,453.0,427.0,94.3,291.0,68.1,434.0,89.6,60.0,96.0,201.0,12.0,20.0,1925.0,416.0,0.2161038961038961,2670.7,2650.1,80.54,59.18
PIEDMONT HILLS HIGH SCHOOL,2024,178.0,117.0,50.0,0.6573033707865169,0.42735042735042733,San Jose,Santa Clara,East Side Union High,43694274335907,High Schools (Public),False,448.0,422.0,94.2,274.0,64.9,,,,,,,,1945.0,465.0,0.2390745501285347,2663.8,2642.6,79.44,55.16
PIEDMONT HILLS HIGH SCHOOL,2025,198.0,157.0,69.0,0.7929292929292929,0.4394904458598726,San Jose,Santa Clara,East Side Union High,43694274335907,High Schools (Public),False,505.0,478.0,94.7,321.0,67.2,,,,,,,,1918.0,578.0,0.3013555787278415,2654.5,2640.9,74.9,53.4
PINER HIGH SCHOOL,2005,22.0,19.0,14.0,0.8636363636363636,0.7368421052631579,Santa Rosa,Sonoma,Santa Rosa High,49709204935292,High Schools (Public),False,,,,,,,,,,,,,,,,,,,
PINER HIGH SCHOOL,2006,23.0,19.0,8.0,0.8260869565217391,0.42105263157894735,Santa Rosa,Sonoma,Santa Rosa High,49709204935292,High Schools (Public),False,,,,,,,,,,,,,,,,,,,
PINER HIGH SCHOOL,2007,24.0,19.0,7.0,0.7916666666666666,0.3684210526315789,Santa Rosa,Sonoma,Santa Rosa High,49709204935292,High Schools (Public),False,,,,,,,,,,,,,,,,,,,
PINER HIGH SCHOOL,2008,18.0,16.0,13.0,0.8888888888888888,0.8125,Santa Rosa,Sonoma,Santa Rosa High,49709204935292,High Schools (Public),False,,,,,,,,,,,,,,,,,,,
PINER HIGH SCHOOL,2009,27.0,21.0,17.0,0.7777777777777778,0.8095238095238095,Santa Rosa,Sonoma,Santa Rosa High,49709204935292,High Schools (Public),False,,,,,,,,,,,,,,,,,,,
PINER HIGH SCHOOL,2010,20.0,17.0,11.0,0.85,0.6470588235294118,Santa Rosa,Sonoma,Santa Rosa High,49709204935292,High Schools (Public),False,,,,,,,,,,,,,,,,,,,
PINER HIGH SCHOOL,2011,24.0,17.0,11.0,0.7083333333333334,0.6470588235294118,Santa Rosa,Sonoma,Santa Rosa High,49709204935292,High Schools (Public),False,,,,,,,,,,,,,,,,,,,
PINER HIGH SCHOOL,2012,26.0,21.0,14.0,0.8076923076923077,0.6666666666666666,Santa Rosa,Sonoma,Santa Rosa High,49709204935292,High Schools (Public),False,,,,,,,,,,,,,,,,,,,
PINER HIGH SCHOOL,2013,24.0,14.0,8.0,0.5833333333333334,0.5714285714285714,Santa Rosa,Sonoma,Santa Rosa High,49709204935292,High Schools (Public),False,,,,,,,,,,,,,,,,,,,
PINER HIGH SCHOOL,2014,21.0,15.0,10.0,0.7142857142857143,0.6666666666666666,Santa Rosa,Sonoma,Santa Rosa High,49709204935292,High Schools (Public),False,,,,,,,,,,,,,943.0,,,,,,
PINER HIGH SCHOOL,2015,25.0,9.0,6.0,0.36,0.6666666666666666,Santa Rosa,Sonoma,Santa Rosa High,49709204935292,High Schools (Public),False,,,,,,191.0,69.1,5.0,16.0,105.0,1.0,5.0,1053.0,636.0,0.603988603988604,,,,
PINER HIGH SCHOOL,2016,24.0,16.0,10.0,0.6666666666666666,0.625,Santa Rosa,Sonoma,Santa Rosa High,49709204935292,High Schools (Public),False,,,,,,193.0,63.2,10.0,10.0,98.0,1.0,3.0,1161.0,645.0,0.5555555555555556,2599.0,2548.1,59.0,22.0
PINER HIGH SCHOOL,2017,40.0,24.0,12.0,0.6,0.5,Santa Rosa,Sonoma,Santa Rosa High,49709204935292,High Schools (Public),False,274.0,214.0,78.1,27.0,12.6,215.0,60.5,10.0,22.0,95.0,0.0,3.0,1294.0,704.0,0.5440494590417311,2586.5,2539.6,57.0,21.0
PINER HIGH SCHOOL,2018,33.0,18.0,11.0,0.5454545454545454,0.6111111111111112,Santa Rosa,Sonoma,Santa Rosa High,49709204935292,High Schools (Public),False,294.0,243.0,82.7,44.0,18.1,250.0,60.4,11.0,20.0,116.0,1.0,3.0,1357.0,800.0,0.5895357406042742,2578.1,2516.5,52.31,15.83
PINER HIGH SCHOOL,2019,42.0,28.0,10.0,0.6666666666666666,0.35714285714285715,Santa Rosa,Sonoma,Santa Rosa High,49709204935292,High Schools (Public),False,330.0,280.0,84.8,65.0,23.2,280.0,57.1,9.0,24.0,124.0,2.0,1.0,1388.0,720.0,0.5187319884726225,,,,
PINER HIGH SCHOOL,2020,33.0,17.0,10.0,0.5151515151515151,0.5882352941176471,Santa Rosa,Sonoma,Santa Rosa High,49709204935292,High Schools (Public),False,300.0,264.0,88.0,42.0,15.9,268.0,64.6,9.0,13.0,150.0,0.0,1.0,1370.0,677.0,0.4941605839416058,2526.9,2479.8,33.57,8.45
PINER HIGH SCHOOL,2021,43.0,28.0,20.0,0.6511627906976745,0.7142857142857143,Santa Rosa,Sonoma,Santa Rosa High,49709204935292,High Schools (Public),False,333.0,267.0,80.2,26.0,9.7,272.0,52.2,19.0,18.0,99.0,2.0,4.0,1399.0,763.0,0.5453895639742673,,,,
PINER HIGH SCHOOL,2022,38.0,26.0,14.0,0.6842105263157895,0.5384615384615384,Santa Rosa,Sonoma,Santa Rosa High,49709204935292,High Schools (Public),False,337.0,296.0,87.8,35.0,11.8,305.0,56.1,13.0,18.0,131.0,1.0,8.0,,,,,,,
PINER HIGH SCHOOL,2023,37.0,28.0,11.0,0.7567567567567568,0.39285714285714285,Santa Rosa,Sonoma,Santa Rosa High,49709204935292,High Schools (Public),False,303.0,255.0,84.2,48.0,18.8,254.0,65.7,9.0,18.0,133.0,4.0,3.0,1361.0,692.0,0.5084496693607642,2542.3,2465.2,37.77,5.45
PINER HIGH SCHOOL,2024,32.0,21.0,11.0,0.65625,0.5238095238095238,Santa Rosa,Sonoma,Santa Rosa High,49709204935292,High Schools (Public),False,328.0,297.0,90.5,68.0,22.9,,,,,,,,1384.0,788.0,0.569364161849711,2546.8,2467.5,43.43,7.82
PINER HIGH SCHOOL,2025,34.0,24.0,11.0,0.7058823529411765,0.4583333333333333,Santa Rosa,Sonoma,Santa Rosa High,49709204935292,High Schools (Public),False,346.0,318.0,91.9,90.0,28.3,,,,,,,,1434.0,923.0,0.6436541143654114,2559.0,2481.4,44.27,8.64
PINOLE VALLEY HIGH SCHOOL,2005,56.0,53.0,37.0,0.9464285714285714,0.6981132075471698,Pinole,Contra Costa,West Contra Costa Unified,07617960735316,High Schools (Public),False,,,,,,,,,,,,,,,,,,,
PINOLE VALLEY HIGH SCHOOL,2006,75.0,61.0,40.0,0.8133333333333334,0.6557377049180327,Pinole,Contra Costa,West Contra Costa Unified,07617960735316,High Schools (Public),False,,,,,,,,,,,,,,,,,,,
PINOLE VALLEY HIGH SCHOOL,2007,60.0,51.0,36.0,0.85,0.7058823529411765,Pinole,Contra Costa,West Contra Costa Unified,07617960735316,High Schools (Public),False,,,,,,,,,,,,,,,,,,,
PINOLE VALLEY HIGH SCHOOL,2008,52.0,46.0,27.0,0.8846153846153846,0.5869565217391305,Pinole,Contra Costa,West Contra Costa Unified,07617960735316,High Schools (Public),False,,,,,,,,,,,,,,,,,,,
PINOLE VALLEY HIGH SCHOOL,2009,58.0,50.0,22.0,0.8620689655172413,0.44,Pinole,Contra Costa,West Contra Costa Unified,07617960735316,High Schools (Public),False,,,,,,,,,,,,,,,,,,,
PINOLE VALLEY HIGH SCHOOL,2010,57.0,43.0,19.0,0.7543859649122807,0.4418604651162791,Pinole,Contra Costa,West Contra Costa Unified,07617960735316,High Schools (Public),False,,,,,,,,,,,,,,,,,,,
PINOLE VALLEY HIGH SCHOOL,2011,46.0,34.0,21.0,0.7391304347826086,0.6176470588235294,Pinole,Contra Costa,West Contra Costa Unified,07617960735316,High Schools (Public),False,,,,,,,,,,,,,,,,,,,
PINOLE VALLEY HIGH SCHOOL,2012,55.0,35.0,20.0,0.6363636363636364,0.5714285714285714,Pinole,Contra Costa,West Contra Costa Unified,07617960735316,High Schools (Public),False,,,,,,,,,,,,,,,,,,,
PINOLE VALLEY HIGH SCHOOL,2013,73.0,36.0,28.0,0.4931506849315068,0.7777777777777778,Pinole,Contra Costa,West Contra Costa Unified,07617960735316,High Schools (Public),False,,,,,,,,,,,,,,,,,,,
PINOLE VALLEY HIGH SCHOOL,2014,62.0,41.0,30.0,0.6612903225806451,0.7317073170731707,Pinole,Contra Costa,West Contra Costa Unified,07617960735316,High Schools (Public),False,,,,,,,,,,,,,1258.0,,,,,,
PINOLE VALLEY HIGH SCHOOL,2015,53.0,31.0,24.0,0.5849056603773585,0.7741935483870968,Pinole,Contra Costa,West Contra Costa Unified,07617960735316,High Schools (Public),False,,,,,,287.0,67.9,20.0,20.0,141.0,3.0,11.0,1205.0,685.0,0.5684647302904564,,,,
PINOLE VALLEY HIGH SCHOOL,2016,57.0,38.0,28.0,0.6666666666666666,0.7368421052631579,Pinole,Contra Costa,West Contra Costa Unified,07617960735316,High Schools (Public),False,,,,,,260.0,72.3,27.0,21.0,126.0,3.0,11.0,1160.0,708.0,0.6103448275862069,2561.8,2501.7,42.0,11.0
PINOLE VALLEY HIGH SCHOOL,2017,48.0,33.0,27.0,0.6875,0.8181818181818182,Pinole,Contra Costa,West Contra Costa Unified,07617960735316,High Schools (Public),False,256.0,225.0,87.9,92.0,40.9,231.0,62.3,23.0,18.0,93.0,3.0,7.0,1164.0,687.0,0.5902061855670103,2552.7,2507.5,44.0,19.0
PINOLE VALLEY HIGH SCHOOL,2018,62.0,35.0,23.0,0.5645161290322581,0.6571428571428571,Pinole,Contra Costa,West Contra Costa Unified,07617960735316,High Schools (Public),False,282.0,252.0,89.4,106.0,42.1,255.0,71.4,22.0,29.0,119.0,5.0,7.0,1136.0,703.0,0.6188380281690141,2576.8,2535.9,51.1,24.07
PINOLE VALLEY HIGH SCHOOL,2019,57.0,27.0,18.0,0.47368421052631576,0.6666666666666666,Pinole,Contra Costa,West Contra Costa Unified,07617960735316,High Schools (Public),False,262.0,242.0,92.4,100.0,41.3,246.0,65.4,17.0,19.0,111.0,7.0,7.0,1120.0,666.0,0.5946428571428571,2543.6,2513.5,41.73,18.41
PINOLE VALLEY HIGH SCHOOL,2020,48.0,38.0,25.0,0.7916666666666666,0.6578947368421053,Pinole,Contra Costa,West Contra Costa Unified,07617960735316,High Schools (Public),False,287.0,255.0,88.9,113.0,44.3,258.0,57.0,23.0,21.0,94.0,7.0,2.0,1261.0,721.0,0.5717684377478192,2572.6,2514.3,50.0,20.77
PINOLE VALLEY HIGH SCHOOL,2021,66.0,42.0,20.0,0.6363636363636364,0.47619047619047616,Pinole,Contra Costa,West Contra Costa Unified,07617960735316,High Schools (Public),False,277.0,236.0,85.2,118.0,50.0,237.0,65.4,19.0,19.0,102.0,9.0,6.0,1303.0,753.0,0.577897160399079,,,,
PINOLE VALLEY HIGH SCHOOL,2022,60.0,52.0,33.0,0.8666666666666667,0.6346153846153846,Pinole,Contra Costa,West Contra Costa Unified,07617960735316,High Schools (Public),False,264.0,225.0,85.2,100.0,44.4,239.0,69.9,31.0,25.0,96.0,4.0,11.0,,,,,,,
PINOLE VALLEY HIGH SCHOOL,2023,77.0,47.0,25.0,0.6103896103896104,0.5319148936170213,Pinole,Contra Costa,West Contra Costa Unified,07617960735316,High Schools (Public),False,296.0,260.0,87.8,133.0,51.2,261.0,74.3,25.0,27.0,125.0,6.0,11.0,1280.0,560.0,0.4375,2578.6,2526.7,50.0,16.36
PINOLE VALLEY HIGH SCHOOL,2024,76.0,57.0,33.0,0.75,0.5789473684210527,Pinole,Contra Costa,West Contra Costa Unified,07617960735316,High Schools (Public),False,303.0,273.0,90.1,123.0,45.1,,,,,,,,1292.0,678.0,0.5247678018575851,2570.2,2532.3,52.0,17.75
PINOLE VALLEY HIGH SCHOOL,2025,75.0,63.0,29.0,0.84,0.4603174603174603,Pinole,Contra Costa,West Contra Costa Unified,07617960735316,High Schools (Public),False,306.0,267.0,87.3,142.0,53.2,,,,,,,,1245.0,770.0,0.6184738955823293,2586.9,2539.0,57.26,19.91
PIONEER HIGH SCHOOL,2005,60.0,54.0,28.0,0.9,0.5185185185185185,San Jose,Santa Clara,San Jose Unified,43696664335949,High Schools (Public),False,,,,,,,,,,,,,,,,,,,
PIONEER HIGH SCHOOL,2006,61.0,57.0,27.0,0.9344262295081968,0.47368421052631576,San Jose,Santa Clara,San Jose Unified,43696664335949,High Schools (Public),False,,,,,,,,,,,,,,,,,,,
PIONEER HIGH SCHOOL,2007,57.0,53.0,22.0,0.9298245614035088,0.41509433962264153,San Jose,Santa Clara,San Jose Unified,43696664335949,High Schools (Public),False,,,,,,,,,,,,,,,,,,,
PIONEER HIGH SCHOOL,2008,61.0,52.0,22.0,0.8524590163934426,0.4230769230769231,San Jose,Santa Clara,San Jose Unified,43696664335949,High Schools (Public),False,,,,,,,,,,,,,,,,,,,
PIONEER HIGH SCHOOL,2009,78.0,74.0,38.0,0.9487179487179487,0.5135135135135135,San Jose,Santa Clara,San Jose Unified,43696664335949,High Schools (Public),False,,,,,,,,,,,,,,,,,,,
PIONEER HIGH SCHOOL,2010,77.0,70.0,38.0,0.9090909090909091,0.5428571428571428,San Jose,Santa Clara,San Jose Unified,43696664335949,High Schools (Public),False,,,,,,,,,,,,,,,,,,,
PIONEER HIGH SCHOOL,2011,84.0,64.0,33.0,0.7619047619047619,0.515625,San Jose,Santa Clara,San Jose Unified,43696664335949,High Schools (Public),False,,,,,,,,,,,,,,,,,,,
PIONEER HIGH SCHOOL,2012,94.0,67.0,38.0,0.7127659574468085,0.5671641791044776,San Jose,Santa Clara,San Jose Unified,43696664335949,High Schools (Public),False,,,,,,,,,,,,,,,,,,,
PIONEER HIGH SCHOOL,2013,98.0,73.0,37.0,0.7448979591836735,0.5068493150684932,San Jose,Santa Clara,San Jose Unified,43696664335949,High Schools (Public),False,,,,,,,,,,,,,,,,,,,
PIONEER HIGH SCHOOL,2014,119.0,80.0,35.0,0.6722689075630253,0.4375,San Jose,Santa Clara,San Jose Unified,43696664335949,High Schools (Public),False,,,,,,,,,,,,,1563.0,,,,,,
PIONEER HIGH SCHOOL,2015,125.0,65.0,32.0,0.52,0.49230769230769234,San Jose,Santa Clara,San Jose Unified,43696664335949,High Schools (Public),False,,,,,,330.0,77.3,24.0,78.0,80.0,18.0,55.0,1570.0,378.0,0.240764331210191,,,,
PIONEER HIGH SCHOOL,2016,111.0,80.0,41.0,0.7207207207207207,0.5125,San Jose,Santa Clara,San Jose Unified,43696664335949,High Schools (Public),False,,,,,,334.0,83.2,39.0,61.0,127.0,20.0,31.0,1574.0,455.0,0.2890724269377382,2651.7,2631.0,76.0,54.0
PIONEER HIGH SCHOOL,2017,120.0,63.0,40.0,0.525,0.6349206349206349,San Jose,Santa Clara,San Jose Unified,43696664335949,High Schools (Public),False,388.0,379.0,97.7,243.0,64.1,382.0,82.7,38.0,66.0,151.0,20.0,41.0,1632.0,466.0,0.2855392156862745,2633.4,2629.4,74.0,52.0
PIONEER HIGH SCHOOL,2018,129.0,72.0,29.0,0.5581395348837209,0.4027777777777778,San Jose,Santa Clara,San Jose Unified,43696664335949,High Schools (Public),False,381.0,371.0,97.4,248.0,66.8,371.0,79.5,25.0,68.0,148.0,16.0,38.0,1617.0,453.0,0.2801484230055658,2606.5,2609.5,60.57,44.39
PIONEER HIGH SCHOOL,2019,129.0,87.0,38.0,0.6744186046511628,0.4367816091954023,San Jose,Santa Clara,San Jose Unified,43696664335949,High Schools (Public),False,374.0,358.0,95.7,0.0,0.0,363.0,85.1,35.0,70.0,133.0,14.0,57.0,1600.0,401.0,0.250625,2626.1,2623.6,64.15,51.07
PIONEER HIGH SCHOOL,2020,152.0,113.0,67.0,0.743421052631579,0.5929203539823009,San Jose,Santa Clara,San Jose Unified,43696664335949,High Schools (Public),False,412.0,399.0,96.8,239.0,59.9,399.0,86.0,65.0,61.0,145.0,18.0,54.0,1597.0,415.0,0.2598622417031935,2625.4,2625.5,68.64,50.49
PIONEER HIGH SCHOOL,2021,130.0,82.0,38.0,0.6307692307692307,0.4634146341463415,San Jose,Santa Clara,San Jose Unified,43696664335949,High Schools (Public),False,393.0,383.0,97.5,277.0,72.3,386.0,82.6,38.0,62.0,158.0,6.0,55.0,1590.0,377.0,0.2371069182389937,,,,
PIONEER HIGH SCHOOL,2022,141.0,87.0,46.0,0.6170212765957447,0.5287356321839081,San Jose,Santa Clara,San Jose Unified,43696664335949,High Schools (Public),False,344.0,341.0,99.1,242.0,71.0,342.0,83.0,43.0,76.0,118.0,12.0,35.0,,,,2650.6,2635.5,77.7,53.28
PIONEER HIGH SCHOOL,2023,161.0,102.0,49.0,0.6335403726708074,0.4803921568627451,San Jose,Santa Clara,San Jose Unified,43696664335949,High Schools (Public),False,376.0,359.0,95.5,253.0,70.5,360.0,88.6,48.0,82.0,126.0,16.0,47.0,1514.0,410.0,0.2708058124174372,2605.1,2608.1,63.93,43.72
PIONEER HIGH SCHOOL,2024,125.0,85.0,48.0,0.68,0.5647058823529412,San Jose,Santa Clara,San Jose Unified,43696664335949,High Schools (Public),False,361.0,350.0,97.0,189.0,54.0,,,,,,,,1469.0,427.0,0.2906739278420694,2581.9,2570.2,51.7,34.83
PIONEER HIGH SCHOOL,2025,159.0,115.0,51.0,0.7232704402515723,0.4434782608695652,San Jose,Santa Clara,San Jose Unified,43696664335949,High Schools (Public),False,357.0,346.0,96.9,220.0,63.6,,,,,,,,1393.0,429.0,0.3079684134960517,2642.0,2605.8,72.21,41.6
PITTSBURG HIGH SCHOOL,2005,39.0,24.0,13.0,0.6153846153846154,0.5416666666666666,Pittsburg,Contra Costa,Pittsburg Unified,07617880735407,High Schools (Public),False,,,,,,,,,,,,,,,,,,,
PITTSBURG HIGH SCHOOL,2006,47.0,39.0,18.0,0.8297872340425532,0.46153846153846156,Pittsburg,Contra Costa,Pittsburg Unified,07617880735407,High Schools (Public),False,,,,,,,,,,,,,,,,,,,
PITTSBURG HIGH SCHOOL,2007,42.0,38.0,20.0,0.9047619047619048,0.5263157894736842,Pittsburg,Contra Costa,Pittsburg Unified,07617880735407,High Schools (Public),False,,,,,,,,,,,,,,,,,,,
PITTSBURG HIGH SCHOOL,2008,36.0,26.0,15.0,0.7222222222222222,0.5769230769230769,Pittsburg,Contra Costa,Pittsburg Unified,07617880735407,High Schools (Public),False,,,,,,,,,,,,,,,,,,,
PITTSBURG HIGH SCHOOL,2009,46.0,42.0,21.0,0.9130434782608695,0.5,Pittsburg,Contra Costa,Pittsburg Unified,07617880735407,High Schools (Public),False,,,,,,,,,,,,,,,,,,,
PITTSBURG HIGH SCHOOL,2010,40.0,27.0,13.0,0.675,0.48148148148148145,Pittsburg,Contra Costa,Pittsburg Unified,07617880735407,High Schools (Public),False,,,,,,,,,,,,,,,,,,,
PITTSBURG HIGH SCHOOL,2011,41.0,25.0,17.0,0.6097560975609756,0.68,Pittsburg,Contra Costa,Pittsburg Unified,07617880735407,High Schools (Public),False,,,,,,,,,,,,,,,,,,,
PITTSBURG HIGH SCHOOL,2012,45.0,30.0,22.0,0.6666666666666666,0.7333333333333333,Pittsburg,Contra Costa,Pittsburg Unified,07617880735407,High Schools (Public),False,,,,,,,,,,,,,,,,,,,
PITTSBURG HIGH SCHOOL,2013,74.0,50.0,33.0,0.6756756756756757,0.66,Pittsburg,Contra Costa,Pittsburg Unified,07617880735407,High Schools (Public),False,,,,,,,,,,,,,,,,,,,
PITTSBURG HIGH SCHOOL,2014,83.0,48.0,29.0,0.5783132530120482,0.6041666666666666,Pittsburg,Contra Costa,Pittsburg Unified,07617880735407,High Schools (Public),False,,,,,,,,,,,,,2916.0,,,,,,
PITTSBURG HIGH SCHOOL,2015,86.0,52.0,35.0,0.6046511627906976,0.6730769230769231,Pittsburg,Contra Costa,Pittsburg Unified,07617880735407,High Schools (Public),False,,,,,,605.0,62.5,28.0,64.0,254.0,16.0,16.0,3061.0,2135.0,0.697484482195361,,,,
PITTSBURG HIGH SCHOOL,2016,104.0,67.0,49.0,0.6442307692307693,0.7313432835820896,Pittsburg,Contra Costa,Pittsburg Unified,07617880735407,High Schools (Public),False,,,,,,627.0,59.6,46.0,50.0,259.0,8.0,11.0,3113.0,2138.0,0.686797301638291,2519.2,2509.8,28.0,13.0
PITTSBURG HIGH SCHOOL,2017,106.0,67.0,43.0,0.6320754716981132,0.6417910447761194,Pittsburg,Contra Costa,Pittsburg Unified,07617880735407,High Schools (Public),False,728.0,653.0,89.7,241.0,36.9,660.0,58.3,42.0,57.0,257.0,11.0,18.0,3421.0,2236.0,0.653610055539316,2568.2,2539.8,47.0,19.0
PITTSBURG HIGH SCHOOL,2018,112.0,69.0,43.0,0.6160714285714286,0.6231884057971014,Pittsburg,Contra Costa,Pittsburg Unified,07617880735407,High Schools (Public),False,790.0,729.0,92.3,265.0,36.4,750.0,60.8,40.0,75.0,297.0,8.0,36.0,3529.0,2371.0,0.67186171720034,2571.1,2521.6,49.32,15.95
PITTSBURG HIGH SCHOOL,2019,110.0,68.0,36.0,0.6181818181818182,0.5294117647058824,Pittsburg,Contra Costa,Pittsburg Unified,07617880735407,High Schools (Public),False,797.0,733.0,92.0,292.0,39.8,735.0,52.9,35.0,53.0,266.0,6.0,29.0,3573.0,2314.0,0.6476350405821438,2550.6,2515.6,40.34,16.38
PITTSBURG HIGH SCHOOL,2020,119.0,93.0,57.0,0.7815126050420168,0.6129032258064516,Pittsburg,Contra Costa,Pittsburg Unified,07617880735407,High Schools (Public),False,872.0,797.0,91.4,338.0,42.4,811.0,54.7,54.0,72.0,280.0,9.0,29.0,3604.0,2356.0,0.6537180910099889,2528.5,2523.0,34.61,20.64
PITTSBURG HIGH SCHOOL,2021,118.0,74.0,35.0,0.6271186440677966,0.47297297297297297,Pittsburg,Contra Costa,Pittsburg Unified,07617880735407,High Schools (Public),False,841.0,758.0,90.1,316.0,41.7,767.0,56.5,32.0,65.0,297.0,13.0,26.0,3688.0,2619.0,0.7101409978308026,,,,
PITTSBURG HIGH SCHOOL,2022,99.0,58.0,33.0,0.5858585858585859,0.5689655172413793,Pittsburg,Contra Costa,Pittsburg Unified,07617880735407,High Schools (Public),False,885.0,806.0,91.1,283.0,35.1,820.0,54.9,32.0,54.0,314.0,18.0,32.0,,,,,,,
PITTSBURG HIGH SCHOOL,2023,161.0,101.0,59.0,0.6273291925465838,0.5841584158415841,Pittsburg,Contra Costa,Pittsburg Unified,07617880735407,High Schools (Public),False,832.0,749.0,90.0,315.0,42.1,766.0,63.3,54.0,71.0,320.0,14.0,26.0,3494.0,2589.0,0.7409845449341729,2539.8,2502.4,39.59,11.98
PITTSBURG HIGH SCHOOL,2024,169.0,115.0,54.0,0.6804733727810651,0.46956521739130436,Pittsburg,Contra Costa,Pittsburg Unified,07617880735407,High Schools (Public),False,939.0,839.0,89.4,300.0,35.8,,,,,,,,3532.0,2690.0,0.7616081540203851,2508.8,2481.3,29.79,10.05
PITTSBURG HIGH SCHOOL,2025,135.0,99.0,45.0,0.7333333333333333,0.45454545454545453,Pittsburg,Contra Costa,Pittsburg Unified,07617880735407,High Schools (Public),False,841.0,737.0,87.6,289.0,39.2,,,,,,,,3403.0,2697.0,0.7925359976491331,2516.5,2483.6,30.9,9.84
PLEASANTON VIRTUAL ACADEMY,2025,5.0,5,,1.0,,Pleasanton,Alameda,Pleasanton Unified,01751010141432,Alternative Schools of Choice,False,19.0,16.0,84.2,10.0,62.5,,,,,,,,138.0,20.0,0.144927536231884,,,,
PROSPECT HIGH SCHOOL,2005,34.0,30.0,16.0,0.8823529411764706,0.5333333333333333,Saratoga,Santa Clara,Campbell Union High,43694014336137,High Schools (Public),False,,,,,,,,,,,,,,,,,,,
PROSPECT HIGH SCHOOL,2006,44.0,44.0,24.0,1.0,0.5454545454545454,Saratoga,Santa Clara,Campbell Union High,43694014336137,High Schools (Public),False,,,,,,,,,,,,,,,,,,,
PROSPECT HIGH SCHOOL,2007,55.0,49.0,27.0,0.8909090909090909,0.5510204081632653,Saratoga,Santa Clara,Campbell Union High,43694014336137,High Schools (Public),False,,,,,,,,,,,,,,,,,,,
PROSPECT HIGH SCHOOL,2008,67.0,61.0,23.0,0.9104477611940298,0.3770491803278688,Saratoga,Santa Clara,Campbell Union High,43694014336137,High Schools (Public),False,,,,,,,,,,,,,,,,,,,
PROSPECT HIGH SCHOOL,2009,52.0,47.0,25.0,0.9038461538461539,0.5319148936170213,Saratoga,Santa Clara,Campbell Union High,43694014336137,High Schools (Public),False,,,,,,,,,,,,,,,,,,,
PROSPECT HIGH SCHOOL,2010,66.0,60.0,33.0,0.9090909090909091,0.55,Saratoga,Santa Clara,Campbell Union High,43694014336137,High Schools (Public),False,,,,,,,,,,,,,,,,,,,
PROSPECT HIGH SCHOOL,2011,55.0,40.0,25.0,0.7272727272727273,0.625,Saratoga,Santa Clara,Campbell Union High,43694014336137,High Schools (Public),False,,,,,,,,,,,,,,,,,,,
PROSPECT HIGH SCHOOL,2012,73.0,54.0,30.0,0.7397260273972602,0.5555555555555556,Saratoga,Santa Clara,Campbell Union High,43694014336137,High Schools (Public),False,,,,,,,,,,,,,,,,,,,
PROSPECT HIGH SCHOOL,2013,75.0,46.0,27.0,0.6133333333333333,0.5869565217391305,Saratoga,Santa Clara,Campbell Union High,43694014336137,High Schools (Public),False,,,,,,,,,,,,,,,,,,,
PROSPECT HIGH SCHOOL,2014,60.0,38.0,19.0,0.6333333333333333,0.5,Saratoga,Santa Clara,Campbell Union High,43694014336137,High Schools (Public),False,,,,,,,,,,,,,1288.0,,,,,,
PROSPECT HIGH SCHOOL,2015,62.0,42.0,27.0,0.6774193548387096,0.6428571428571429,Saratoga,Santa Clara,Campbell Union High,43694014336137,High Schools (Public),False,,,,,,226.0,63.3,22.0,30.0,64.0,11.0,16.0,1343.0,395.0,0.2941176470588235,,,,
PROSPECT HIGH SCHOOL,2016,83.0,55.0,28.0,0.6626506024096386,0.509090909090909,Saratoga,Santa Clara,Campbell Union High,43694014336137,High Schools (Public),False,,,,,,287.0,74.9,23.0,46.0,112.0,14.0,20.0,1474.0,384.0,0.2605156037991858,2624.7,2607.1,68.0,43.0
PROSPECT HIGH SCHOOL,2017,83.0,50.0,25.0,0.6024096385542169,0.5,Saratoga,Santa Clara,Campbell Union High,43694014336137,High Schools (Public),False,306.0,285.0,93.1,156.0,54.7,284.0,79.6,20.0,40.0,130.0,11.0,25.0,1467.0,318.0,0.2167689161554192,2645.8,2616.0,76.0,49.0
PROSPECT HIGH SCHOOL,2018,110.0,76.0,44.0,0.6909090909090909,0.5789473684210527,Saratoga,Santa Clara,Campbell Union High,43694014336137,High Schools (Public),False,334.0,286.0,85.6,191.0,66.8,287.0,83.6,41.0,32.0,109.0,19.0,39.0,1469.0,425.0,0.2893124574540504,2634.1,2614.7,71.07,47.8
PROSPECT HIGH SCHOOL,2019,102.0,69.0,31.0,0.6764705882352942,0.4492753623188406,Saratoga,Santa Clara,Campbell Union High,43694014336137,High Schools (Public),False,365.0,332.0,91.0,207.0,62.3,341.0,78.3,26.0,42.0,157.0,14.0,28.0,1555.0,435.0,0.2797427652733119,2635.4,2615.0,69.65,45.8
PROSPECT HIGH SCHOOL,2020,94.0,67.0,30.0,0.7127659574468085,0.44776119402985076,Saratoga,Santa Clara,Campbell Union High,43694014336137,High Schools (Public),False,339.0,308.0,90.9,219.0,71.1,311.0,81.4,26.0,50.0,127.0,13.0,37.0,1549.0,463.0,0.2989025177533893,2632.9,2619.7,69.19,47.69
PROSPECT HIGH SCHOOL,2021,118.0,79.0,31.0,0.6694915254237288,0.3924050632911392,Saratoga,Santa Clara,Campbell Union High,43694014336137,High Schools (Public),False,343.0,313.0,91.3,218.0,69.6,313.0,76.7,27.0,41.0,130.0,14.0,28.0,1573.0,457.0,0.2905276541640178,,,,
PROSPECT HIGH SCHOOL,2022,141.0,84.0,44.0,0.5957446808510638,0.5238095238095238,Saratoga,Santa Clara,Campbell Union High,43694014336137,High Schools (Public),False,365.0,345.0,94.5,237.0,68.7,348.0,78.2,43.0,47.0,132.0,16.0,34.0,,,,2660.6,2677.6,76.4,65.84
PROSPECT HIGH SCHOOL,2023,126.0,94.0,42.0,0.746031746031746,0.44680851063829785,Saratoga,Santa Clara,Campbell Union High,43694014336137,High Schools (Public),False,345.0,323.0,93.6,212.0,65.6,325.0,82.8,36.0,46.0,139.0,14.0,34.0,1459.0,653.0,0.4475668265935572,2636.6,2619.7,69.3,48.97
PROSPECT HIGH SCHOOL,2024,130.0,89.0,45.0,0.6846153846153846,0.5056179775280899,Saratoga,Santa Clara,Campbell Union High,43694014336137,High Schools (Public),False,377.0,353.0,93.6,216.0,61.2,,,,,,,,1492.0,721.0,0.4832439678284182,2610.9,2599.3,62.3,45.41
PROSPECT HIGH SCHOOL,2025,129.0,104.0,46.0,0.8062015503875969,0.4423076923076923,Saratoga,Santa Clara,Campbell Union High,43694014336137,High Schools (Public),False,360.0,351.0,97.5,226.0,64.4,,,,,,,,1460.0,719.0,0.4924657534246575,2627.5,2609.7,63.99,46.39
PUBLIC SAFETY ACADEMY,2017,12.0,8.0,3.0,0.6666666666666666,0.375,Fairfield,Solano,Fairfield-Suisun Unified,48705400125310,Alternative Schools of Choice,False,43.0,42.0,97.7,29.0,69.0,42.0,69.0,4.0,6.0,10.0,1.0,8.0,668.0,346.0,0.5179640718562875,2679.7,2671.3,91.0,79.0
PUBLIC SAFETY ACADEMY,2018,13.0,6.0,3.0,0.46153846153846156,0.5,Fairfield,Solano,Fairfield-Suisun Unified,48705400125310,Alternative Schools of Choice,False,47.0,47.0,100.0,33.0,70.2,47.0,83.0,3.0,8.0,24.0,0.0,4.0,710.0,379.0,0.5338028169014084,2626.3,2588.5,74.0,30.0
PUBLIC SAFETY ACADEMY,2019,17.0,13.0,7.0,0.7647058823529411,0.5384615384615384,Fairfield,Solano,Fairfield-Suisun Unified,48705400125310,Alternative Schools of Choice,False,78.0,78.0,100.0,53.0,67.9,79.0,69.6,6.0,10.0,35.0,3.0,1.0,732.0,366.0,0.5,2643.1,2609.2,79.76,40.96
PUBLIC SAFETY ACADEMY,2020,12.0,5.0,4.0,0.4166666666666667,0.8,Fairfield,Solano,Fairfield-Suisun Unified,48705400125310,Alternative Schools of Choice,False,52.0,51.0,98.1,33.0,64.7,51.0,66.7,4.0,4.0,22.0,1.0,3.0,740.0,323.0,0.4364864864864864,2662.9,2616.8,82.76,44.83
PUBLIC SAFETY ACADEMY,2021,15.0,13.0,7.0,0.8666666666666667,0.5384615384615384,Fairfield,Solano,Fairfield-Suisun Unified,48705400125310,Alternative Schools of Choice,False,55.0,55.0,100.0,35.0,63.6,55.0,63.6,7.0,4.0,19.0,4.0,1.0,748.0,328.0,0.4385026737967914,,,,
PUBLIC SAFETY ACADEMY,2022,7.0,3,,0.42857142857142855,,Fairfield,Solano,Fairfield-Suisun Unified,48705400125310,Alternative Schools of Choice,False,53.0,53.0,100.0,32.0,60.4,53.0,60.4,2.0,3.0,24.0,2.0,1.0,,,,2674.0,2605.8,87.93,37.93
PUBLIC SAFETY ACADEMY,2023,9.0,7.0,4.0,0.7777777777777778,0.5714285714285714,Fairfield,Solano,Fairfield-Suisun Unified,48705400125310,Alternative Schools of Choice,False,39.0,39.0,100.0,27.0,69.2,40.0,67.5,4.0,3.0,17.0,0.0,3.0,746.0,290.0,0.388739946380697,2690.0,2647.4,88.0,64.0
PUBLIC SAFETY ACADEMY,2024,13.0,10.0,6.0,0.7692307692307693,0.6,Fairfield,Solano,Fairfield-Suisun Unified,48705400125310,Alternative Schools of Choice,False,59.0,58.0,98.3,44.0,75.9,,,,,,,,739.0,363.0,0.4912043301759134,2675.7,2626.3,91.94,50.0
PUBLIC SAFETY ACADEMY,2025,13.0,10.0,5.0,0.7692307692307693,0.5,Fairfield,Solano,Fairfield-Suisun Unified,48705400125310,Alternative Schools of Choice,False,48.0,48.0,100.0,36.0,75.0,,,,,,,,745.0,392.0,0.5261744966442953,2705.0,2658.4,91.84,61.22
RANCHO COTATE HIGH SCHOOL,2005,58.0,51.0,25.0,0.8793103448275862,0.49019607843137253,Rohnert Park,Sonoma,Cotati-Rohnert Park Unified,49738824935482,High Schools (Public),False,,,,,,,,,,,,,,,,,,,
RANCHO COTATE HIGH SCHOOL,2006,31.0,28.0,12.0,0.9032258064516129,0.42857142857142855,Rohnert Park,Sonoma,Cotati-Rohnert Park Unified,49738824935482,High Schools (Public),False,,,,,,,,,,,,,,,,,,,
RANCHO COTATE HIGH SCHOOL,2007,31.0,27.0,14.0,0.8709677419354839,0.5185185185185185,Rohnert Park,Sonoma,Cotati-Rohnert Park Unified,49738824935482,High Schools (Public),False,,,,,,,,,,,,,,,,,,,
RANCHO COTATE HIGH SCHOOL,2008,25.0,24.0,13.0,0.96,0.5416666666666666,Rohnert Park,Sonoma,Cotati-Rohnert Park Unified,49738824935482,High Schools (Public),False,,,,,,,,,,,,,,,,,,,
RANCHO COTATE HIGH SCHOOL,2009,20.0,19.0,8.0,0.95,0.42105263157894735,Rohnert Park,Sonoma,Cotati-Rohnert Park Unified,49738824935482,High Schools (Public),False,,,,,,,,,,,,,,,,,,,
RANCHO COTATE HIGH SCHOOL,2010,19.0,19.0,11.0,1.0,0.5789473684210527,Rohnert Park,Sonoma,Cotati-Rohnert Park Unified,49738824935482,High Schools (Public),False,,,,,,,,,,,,,,,,,,,
RANCHO COTATE HIGH SCHOOL,2011,23.0,18.0,11.0,0.782608695652174,0.6111111111111112,Rohnert Park,Sonoma,Cotati-Rohnert Park Unified,49738824935482,High Schools (Public),False,,,,,,,,,,,,,,,,,,,
RANCHO COTATE HIGH SCHOOL,2012,28.0,24.0,9.0,0.8571428571428571,0.375,Rohnert Park,Sonoma,Cotati-Rohnert Park Unified,49738824935482,High Schools (Public),False,,,,,,,,,,,,,,,,,,,
RANCHO COTATE HIGH SCHOOL,2013,24.0,18.0,13.0,0.75,0.7222222222222222,Rohnert Park,Sonoma,Cotati-Rohnert Park Unified,49738824935482,High Schools (Public),False,,,,,,,,,,,,,,,,,,,
RANCHO COTATE HIGH SCHOOL,2014,25.0,20.0,10.0,0.8,0.5,Rohnert Park,Sonoma,Cotati-Rohnert Park Unified,49738824935482,High Schools (Public),False,,,,,,,,,,,,,1489.0,,,,,,
RANCHO COTATE HIGH SCHOOL,2015,27.0,15.0,6.0,0.5555555555555556,0.4,Rohnert Park,Sonoma,Cotati-Rohnert Park Unified,49738824935482,High Schools (Public),False,,,,,,314.0,65.3,6.0,33.0,151.0,3.0,12.0,1450.0,544.0,0.3751724137931034,,,,
RANCHO COTATE HIGH SCHOOL,2016,35.0,24.0,14.0,0.6857142857142857,0.5833333333333334,Rohnert Park,Sonoma,Cotati-Rohnert Park Unified,49738824935482,High Schools (Public),False,,,,,,326.0,63.8,12.0,36.0,144.0,2.0,14.0,1426.0,430.0,0.3015427769985975,2560.7,2530.6,45.0,19.0
RANCHO COTATE HIGH SCHOOL,2017,29.0,13.0,6.0,0.4482758620689655,0.46153846153846156,Rohnert Park,Sonoma,Cotati-Rohnert Park Unified,49738824935482,High Schools (Public),False,297.0,262.0,88.2,111.0,42.4,268.0,67.2,6.0,41.0,124.0,2.0,7.0,1448.0,482.0,0.3328729281767956,2564.0,2529.3,48.0,20.0
RANCHO COTATE HIGH SCHOOL,2018,49.0,32.0,14.0,0.6530612244897959,0.4375,Rohnert Park,Sonoma,Cotati-Rohnert Park Unified,49738824935482,High Schools (Public),False,369.0,315.0,85.4,138.0,43.8,319.0,70.8,11.0,32.0,155.0,6.0,22.0,1493.0,591.0,0.3958472873409243,2591.0,2547.6,58.08,22.75
RANCHO COTATE HIGH SCHOOL,2019,26.0,15.0,10.0,0.5769230769230769,0.6666666666666666,Rohnert Park,Sonoma,Cotati-Rohnert Park Unified,49738824935482,High Schools (Public),False,301.0,275.0,91.4,106.0,38.5,308.0,67.2,9.0,32.0,158.0,1.0,7.0,1505.0,568.0,0.3774086378737541,2567.3,2546.5,49.85,26.3
RANCHO COTATE HIGH SCHOOL,2020,24.0,16.0,7.0,0.6666666666666666,0.4375,Rohnert Park,Sonoma,Cotati-Rohnert Park Unified,49738824935482,High Schools (Public),False,330.0,308.0,93.3,202.0,65.6,311.0,61.4,7.0,15.0,155.0,3.0,11.0,1463.0,548.0,0.3745727956254272,2574.2,2520.5,48.27,17.15
RANCHO COTATE HIGH SCHOOL,2021,26.0,12.0,9.0,0.46153846153846156,0.75,Rohnert Park,Sonoma,Cotati-Rohnert Park Unified,49738824935482,High Schools (Public),False,303.0,283.0,93.4,38.0,13.4,278.0,61.2,9.0,17.0,126.0,2.0,16.0,1475.0,612.0,0.4149152542372881,,,,
RANCHO COTATE HIGH SCHOOL,2022,37.0,18.0,7.0,0.4864864864864865,0.3888888888888889,Rohnert Park,Sonoma,Cotati-Rohnert Park Unified,49738824935482,High Schools (Public),False,389.0,360.0,92.5,99.0,27.5,363.0,54.3,7.0,30.0,146.0,5.0,9.0,,,,2593.4,2523.6,56.48,11.17
RANCHO COTATE HIGH SCHOOL,2023,46.0,28.0,17.0,0.6086956521739131,0.6071428571428571,Rohnert Park,Sonoma,Cotati-Rohnert Park Unified,49738824935482,High Schools (Public),False,369.0,336.0,91.1,152.0,45.2,336.0,67.3,16.0,40.0,157.0,1.0,12.0,1611.0,572.0,0.3550589695841092,2542.4,2501.3,39.52,9.97
RANCHO COTATE HIGH SCHOOL,2024,43.0,35.0,11.0,0.813953488372093,0.3142857142857143,Rohnert Park,Sonoma,Cotati-Rohnert Park Unified,49738824935482,High Schools (Public),False,365.0,332.0,91.0,136.0,41.0,,,,,,,,1674.0,657.0,0.3924731182795699,2571.7,2520.0,52.59,12.36
RANCHO COTATE HIGH SCHOOL,2025,46.0,34.0,14.0,0.7391304347826086,0.4117647058823529,Rohnert Park,Sonoma,Cotati-Rohnert Park Unified,49738824935482,High Schools (Public),False,429.0,394.0,91.8,144.0,36.5,,,,,,,,1755.0,826.0,0.4706552706552706,2561.2,2507.2,43.78,11.51
RAOUL WALLENBERG TRADITIONAL,2005,64.0,57.0,41.0,0.890625,0.7192982456140351,San Francisco,San Francisco,San Francisco Unified,38684783830205,High Schools (Public),False,,,,,,,,,,,,,,,,,,,
RAOUL WALLENBERG TRADITIONAL,2006,65.0,53.0,33.0,0.8153846153846154,0.6226415094339622,San Francisco,San Francisco,San Francisco Unified,38684783830205,High Schools (Public),False,,,,,,,,,,,,,,,,,,,
RAOUL WALLENBERG TRADITIONAL,2007,37.0,35.0,26.0,0.9459459459459459,0.7428571428571429,San Francisco,San Francisco,San Francisco Unified,38684783830205,High Schools (Public),False,,,,,,,,,,,,,,,,,,,
RAOUL WALLENBERG TRADITIONAL,2008,47.0,38.0,20.0,0.8085106382978723,0.5263157894736842,San Francisco,San Francisco,San Francisco Unified,38684783830205,High Schools (Public),False,,,,,,,,,,,,,,,,,,,
RAOUL WALLENBERG TRADITIONAL,2009,49.0,35.0,17.0,0.7142857142857143,0.4857142857142857,San Francisco,San Francisco,San Francisco Unified,38684783830205,High Schools (Public),False,,,,,,,,,,,,,,,,,,,
RAOUL WALLENBERG TRADITIONAL,2010,48.0,39.0,27.0,0.8125,0.6923076923076923,San Francisco,San Francisco,San Francisco Unified,38684783830205,High Schools (Public),False,,,,,,,,,,,,,,,,,,,
RAOUL WALLENBERG TRADITIONAL,2011,54.0,37.0,25.0,0.6851851851851852,0.6756756756756757,San Francisco,San Francisco,San Francisco Unified,38684783830205,High Schools (Public),False,,,,,,,,,,,,,,,,,,,
RAOUL WALLENBERG TRADITIONAL,2012,62.0,38.0,28.0,0.6129032258064516,0.7368421052631579,San Francisco,San Francisco,San Francisco Unified,38684783830205,High Schools (Public),False,,,,,,,,,,,,,,,,,,,
RAOUL WALLENBERG TRADITIONAL,2013,79.0,61.0,53.0,0.7721518987341772,0.8688524590163934,San Francisco,San Francisco,San Francisco Unified,38684783830205,High Schools (Public),False,,,,,,,,,,,,,,,,,,,
RAOUL WALLENBERG TRADITIONAL,2014,93.0,59.0,46.0,0.6344086021505376,0.7796610169491526,San Francisco,San Francisco,San Francisco Unified,38684783830205,High Schools (Public),False,,,,,,,,,,,,,661.0,,,,,,
RAOUL WALLENBERG TRADITIONAL,2015,81.0,47.0,30.0,0.5802469135802469,0.6382978723404256,San Francisco,San Francisco,San Francisco Unified,38684783830205,High Schools (Public),False,,,,,,143.0,88.1,26.0,30.0,60.0,6.0,4.0,639.0,444.0,0.6948356807511737,,,,
RAOUL WALLENBERG TRADITIONAL,2016,77.0,52.0,37.0,0.6753246753246753,0.7115384615384616,San Francisco,San Francisco,San Francisco Unified,38684783830205,High Schools (Public),False,,,,,,134.0,85.1,30.0,30.0,37.0,9.0,8.0,636.0,385.0,0.6053459119496856,2615.5,2607.9,61.0,52.0
RAOUL WALLENBERG TRADITIONAL,2017,80.0,52.0,30.0,0.65,0.5769230769230769,San Francisco,San Francisco,San Francisco Unified,38684783830205,High Schools (Public),False,153.0,136.0,88.9,99.0,72.8,136.0,81.6,28.0,31.0,37.0,13.0,2.0,639.0,353.0,0.5524256651017214,2633.2,2606.1,72.0,46.0
RAOUL WALLENBERG TRADITIONAL,2018,82.0,56.0,38.0,0.6829268292682927,0.6785714285714286,San Francisco,San Francisco,San Francisco Unified,38684783830205,High Schools (Public),False,139.0,130.0,93.5,84.0,64.6,130.0,89.2,38.0,31.0,28.0,11.0,8.0,637.0,341.0,0.5353218210361067,2636.8,2623.3,71.72,57.86
RAOUL WALLENBERG TRADITIONAL,2019,80.0,51.0,33.0,0.6375,0.6470588235294118,San Francisco,San Francisco,San Francisco Unified,38684783830205,High Schools (Public),False,138.0,131.0,94.9,105.0,80.2,133.0,85.0,31.0,35.0,27.0,13.0,7.0,626.0,326.0,0.5207667731629393,2617.4,2606.4,71.22,45.71
RAOUL WALLENBERG TRADITIONAL,2020,71.0,47.0,27.0,0.6619718309859155,0.574468085106383,San Francisco,San Francisco,San Francisco Unified,38684783830205,High Schools (Public),False,155.0,142.0,91.6,90.0,63.4,142.0,71.8,24.0,21.0,27.0,21.0,9.0,677.0,329.0,0.4859675036927622,2621.6,2624.2,66.43,55.1
RAOUL WALLENBERG TRADITIONAL,2021,88.0,59.0,27.0,0.6704545454545454,0.4576271186440678,San Francisco,San Francisco,San Francisco Unified,38684783830205,High Schools (Public),False,154.0,144.0,93.5,98.0,68.1,145.0,73.8,26.0,42.0,26.0,4.0,9.0,659.0,308.0,0.4673748103186646,,,,
RAOUL WALLENBERG TRADITIONAL,2022,82.0,50.0,26.0,0.6097560975609756,0.52,San Francisco,San Francisco,San Francisco Unified,38684783830205,High Schools (Public),False,161.0,151.0,93.8,102.0,67.5,152.0,82.2,25.0,41.0,34.0,14.0,11.0,,,,,,,
RAOUL WALLENBERG TRADITIONAL,2023,71.0,57.0,39.0,0.8028169014084507,0.6842105263157895,San Francisco,San Francisco,San Francisco Unified,38684783830205,High Schools (Public),False,147.0,134.0,91.2,84.0,62.7,135.0,85.2,38.0,18.0,45.0,4.0,10.0,549.0,271.0,0.4936247723132969,2636.8,2593.2,73.81,49.18
RAOUL WALLENBERG TRADITIONAL,2024,67.0,48.0,27.0,0.7164179104477612,0.5625,San Francisco,San Francisco,San Francisco Unified,38684783830205,High Schools (Public),False,123.0,108.0,87.8,79.0,73.1,,,,,,,,551.0,249.0,0.4519056261343013,2630.7,2585.6,72.5,37.17
RAOUL WALLENBERG TRADITIONAL,2025,56.0,43.0,28.0,0.7678571428571429,0.6511627906976745,San Francisco,San Francisco,San Francisco Unified,38684783830205,High Schools (Public),False,127.0,107.0,84.3,70.0,65.4,,,,,,,,522.0,265.0,0.5076628352490421,2574.2,2574.8,49.54,42.06
REALM CHARTER HIGH SCHOOL,2015,12.0,7.0,6.0,0.5833333333333334,0.8571428571428571,Berkeley,Alameda,,,,,,,,,,,,,,,,,,,,,,,
REALM CHARTER HIGH SCHOOL,2016,22.0,12.0,6.0,0.5454545454545454,0.5,Berkeley,Alameda,,,,,,,,,,,,,,,,,,,,,,,
REALM CHARTER HIGH SCHOOL,2017,15.0,8.0,7.0,0.5333333333333333,0.875,Berkeley,Alameda,,,,,,,,,,,,,,,,,,,,,,,
REALM CHARTER HIGH SCHOOL,2018,27.0,13.0,8.0,0.48148148148148145,0.6153846153846154,Berkeley,Alameda,,,,,,,,,,,,,,,,,,,,,,,
REALM CHARTER HIGH SCHOOL,2019,17.0,10.0,6.0,0.5882352941176471,0.6,Berkeley,Alameda,,,,,,,,,,,,,,,,,,,,,,,
REDWOOD HIGH SCHOOL,2005,132.0,124.0,56.0,0.9393939393939394,0.45161290322580644,Larkspur,Marin,Tamalpais Union High,21654822132587,High Schools (Public),False,,,,,,,,,,,,,,,,,,,
REDWOOD HIGH SCHOOL,2006,170.0,153.0,77.0,0.9,0.5032679738562091,Larkspur,Marin,Tamalpais Union High,21654822132587,High Schools (Public),False,,,,,,,,,,,,,,,,,,,
REDWOOD HIGH SCHOOL,2007,148.0,138.0,41.0,0.9324324324324325,0.2971014492753623,Larkspur,Marin,Tamalpais Union High,21654822132587,High Schools (Public),False,,,,,,,,,,,,,,,,,,,
REDWOOD HIGH SCHOOL,2008,163.0,157.0,63.0,0.9631901840490797,0.4012738853503185,Larkspur,Marin,Tamalpais Union High,21654822132587,High Schools (Public),False,,,,,,,,,,,,,,,,,,,
REDWOOD HIGH SCHOOL,2009,166.0,148.0,62.0,0.891566265060241,0.4189189189189189,Larkspur,Marin,Tamalpais Union High,21654822132587,High Schools (Public),False,,,,,,,,,,,,,,,,,,,
REDWOOD HIGH SCHOOL,2010,174.0,160.0,63.0,0.9195402298850575,0.39375,Larkspur,Marin,Tamalpais Union High,21654822132587,High Schools (Public),False,,,,,,,,,,,,,,,,,,,
REDWOOD HIGH SCHOOL,2011,153.0,118.0,41.0,0.7712418300653595,0.3474576271186441,Larkspur,Marin,Tamalpais Union High,21654822132587,High Schools (Public),False,,,,,,,,,,,,,,,,,,,
REDWOOD HIGH SCHOOL,2012,183.0,125.0,49.0,0.6830601092896175,0.392,Larkspur,Marin,Tamalpais Union High,21654822132587,High Schools (Public),False,,,,,,,,,,,,,,,,,,,
REDWOOD HIGH SCHOOL,2013,187.0,120.0,51.0,0.6417112299465241,0.425,Larkspur,Marin,Tamalpais Union High,21654822132587,High Schools (Public),False,,,,,,,,,,,,,,,,,,,
REDWOOD HIGH SCHOOL,2014,192.0,123.0,57.0,0.640625,0.4634146341463415,Larkspur,Marin,Tamalpais Union High,21654822132587,High Schools (Public),False,,,,,,,,,,,,,1604.0,,,,,,
REDWOOD HIGH SCHOOL,2015,167.0,102.0,40.0,0.6107784431137725,0.39215686274509803,Larkspur,Marin,Tamalpais Union High,21654822132587,High Schools (Public),False,,,,,,345.0,79.1,29.0,41.0,50.0,28.0,125.0,1661.0,79.0,0.0475617098133654,,,,
REDWOOD HIGH SCHOOL,2016,195.0,128.0,56.0,0.6564102564102564,0.4375,Larkspur,Marin,Tamalpais Union High,21654822132587,High Schools (Public),False,,,,,,393.0,82.2,54.0,30.0,65.0,34.0,140.0,1770.0,78.0,0.0440677966101694,2671.3,2679.6,84.0,70.0
REDWOOD HIGH SCHOOL,2017,201.0,133.0,60.0,0.6616915422885572,0.45112781954887216,Larkspur,Marin,Tamalpais Union High,21654822132587,High Schools (Public),False,398.0,388.0,97.5,258.0,66.5,397.0,78.8,55.0,37.0,64.0,27.0,130.0,1809.0,91.0,0.0503040353786622,2662.9,2669.6,77.0,67.0
REDWOOD HIGH SCHOOL,2018,238.0,137.0,54.0,0.5756302521008403,0.39416058394160586,Larkspur,Marin,Tamalpais Union High,21654822132587,High Schools (Public),False,427.0,407.0,95.3,331.0,81.3,415.0,86.0,51.0,42.0,65.0,35.0,164.0,1836.0,159.0,0.0866013071895424,2662.0,2655.9,80.71,65.72
REDWOOD HIGH SCHOOL,2019,228.0,126.0,65.0,0.5526315789473685,0.5158730158730159,Larkspur,Marin,Tamalpais Union High,21654822132587,High Schools (Public),False,445.0,436.0,98.0,378.0,86.7,440.0,87.5,63.0,42.0,81.0,28.0,171.0,1928.0,150.0,0.0778008298755186,2642.3,2665.8,75.06,66.44
REDWOOD HIGH SCHOOL,2020,207.0,122.0,60.0,0.5893719806763285,0.4918032786885246,Larkspur,Marin,Tamalpais Union High,21654822132587,High Schools (Public),False,413.0,407.0,98.5,329.0,80.8,416.0,86.8,56.0,33.0,93.0,34.0,145.0,1947.0,160.0,0.0821777092963533,2646.0,2664.6,73.96,65.07
REDWOOD HIGH SCHOOL,2021,263.0,140.0,69.0,0.532319391634981,0.4928571428571429,Larkspur,Marin,Tamalpais Union High,21654822132587,High Schools (Public),False,461.0,457.0,99.1,390.0,85.3,458.0,88.4,64.0,48.0,78.0,25.0,190.0,1986.0,154.0,0.0775427995971802,,,,
REDWOOD HIGH SCHOOL,2022,283.0,151.0,70.0,0.5335689045936396,0.46357615894039733,Larkspur,Marin,Tamalpais Union High,21654822132587,High Schools (Public),False,484.0,480.0,99.2,355.0,74.0,484.0,85.1,63.0,54.0,67.0,33.0,195.0,,,,2676.0,2667.7,81.21,66.67
REDWOOD HIGH SCHOOL,2023,272.0,159.0,60.0,0.5845588235294118,0.37735849056603776,Larkspur,Marin,Tamalpais Union High,21654822132587,High Schools (Public),False,474.0,466.0,98.3,345.0,74.0,466.0,87.3,57.0,50.0,63.0,37.0,200.0,1862.0,150.0,0.0805585392051557,2671.9,2672.6,83.2,67.14
REDWOOD HIGH SCHOOL,2024,291.0,169.0,68.0,0.5807560137457045,0.40236686390532544,Larkspur,Marin,Tamalpais Union High,21654822132587,High Schools (Public),False,469.0,467.0,99.6,389.0,83.3,,,,,,,,1785.0,163.0,0.0913165266106442,2666.9,2661.4,79.63,64.88
REDWOOD HIGH SCHOOL,2025,258.0,164.0,73.0,0.6356589147286822,0.4451219512195122,Larkspur,Marin,Tamalpais Union High,21654822132587,High Schools (Public),False,415.0,410.0,98.8,364.0,88.8,,,,,,,,1722.0,141.0,0.0818815331010452,2649.1,2659.1,73.77,61.71
RICHMOND CA COLLEGE PREPRATORY,2011,9.0,6.0,5.0,0.6666666666666666,0.8333333333333334,Richmond,Contra Costa,West Contra Costa Unified,07617960132100,K-12 Schools (Public),True,,,,,,,,,,,,,,,,,,,
RICHMOND CA COLLEGE PREPRATORY,2012,22.0,14.0,7.0,0.6363636363636364,0.5,Richmond,Contra Costa,West Contra Costa Unified,07617960132100,K-12 Schools (Public),True,,,,,,,,,,,,,,,,,,,
RICHMOND CA COLLEGE PREPRATORY,2013,25.0,11.0,10.0,0.44,0.9090909090909091,Richmond,Contra Costa,West Contra Costa Unified,07617960132100,K-12 Schools (Public),True,,,,,,,,,,,,,,,,,,,
RICHMOND CA COLLEGE PREPRATORY,2014,17.0,11.0,8.0,0.6470588235294118,0.7272727272727273,Richmond,Contra Costa,West Contra Costa Unified,07617960132100,K-12 Schools (Public),True,,,,,,,,,,,,,,,,,,,
RICHMOND CA COLLEGE PREPRATORY,2015,24.0,13.0,7.0,0.5416666666666666,0.5384615384615384,Richmond,Contra Costa,West Contra Costa Unified,07617960132100,K-12 Schools (Public),True,,,,,,,,,,,,,,,,,,,
RICHMOND HIGH SCHOOL,2005,23.0,20.0,16.0,0.8695652173913043,0.8,Richmond,Contra Costa,West Contra Costa Unified,07617960735902,High Schools (Public),False,,,,,,,,,,,,,,,,,,,
RICHMOND HIGH SCHOOL,2006,25.0,21.0,11.0,0.84,0.5238095238095238,Richmond,Contra Costa,West Contra Costa Unified,07617960735902,High Schools (Public),False,,,,,,,,,,,,,,,,,,,
RICHMOND HIGH SCHOOL,2007,21.0,20.0,12.0,0.9523809523809523,0.6,Richmond,Contra Costa,West Contra Costa Unified,07617960735902,High Schools (Public),False,,,,,,,,,,,,,,,,,,,
RICHMOND HIGH SCHOOL,2008,29.0,25.0,16.0,0.8620689655172413,0.64,Richmond,Contra Costa,West Contra Costa Unified,07617960735902,High Schools (Public),False,,,,,,,,,,,,,,,,,,,
RICHMOND HIGH SCHOOL,2009,29.0,22.0,11.0,0.7586206896551724,0.5,Richmond,Contra Costa,West Contra Costa Unified,07617960735902,High Schools (Public),False,,,,,,,,,,,,,,,,,,,
RICHMOND HIGH SCHOOL,2010,27.0,24.0,13.0,0.8888888888888888,0.5416666666666666,Richmond,Contra Costa,West Contra Costa Unified,07617960735902,High Schools (Public),False,,,,,,,,,,,,,,,,,,,
RICHMOND HIGH SCHOOL,2011,45.0,38.0,25.0,0.8444444444444444,0.6578947368421053,Richmond,Contra Costa,West Contra Costa Unified,07617960735902,High Schools (Public),False,,,,,,,,,,,,,,,,,,,
RICHMOND HIGH SCHOOL,2012,45.0,40.0,24.0,0.8888888888888888,0.6,Richmond,Contra Costa,West Contra Costa Unified,07617960735902,High Schools (Public),False,,,,,,,,,,,,,,,,,,,
RICHMOND HIGH SCHOOL,2013,71.0,43.0,26.0,0.6056338028169014,0.6046511627906976,Richmond,Contra Costa,West Contra Costa Unified,07617960735902,High Schools (Public),False,,,,,,,,,,,,,,,,,,,
RICHMOND HIGH SCHOOL,2014,72.0,40.0,24.0,0.5555555555555556,0.6,Richmond,Contra Costa,West Contra Costa Unified,07617960735902,High Schools (Public),False,,,,,,,,,,,,,1491.0,,,,,,
RICHMOND HIGH SCHOOL,2015,64.0,32.0,18.0,0.5,0.5625,Richmond,Contra Costa,West Contra Costa Unified,07617960735902,High Schools (Public),False,,,,,,326.0,57.1,13.0,38.0,127.0,0.0,8.0,1486.0,1383.0,0.930686406460296,,,,
RICHMOND HIGH SCHOOL,2016,63.0,24.0,17.0,0.38095238095238093,0.7083333333333334,Richmond,Contra Costa,West Contra Costa Unified,07617960735902,High Schools (Public),False,,,,,,311.0,55.0,14.0,40.0,113.0,3.0,1.0,1528.0,1412.0,0.9240837696335078,2526.7,2494.6,30.0,8.0
RICHMOND HIGH SCHOOL,2017,66.0,36.0,23.0,0.5454545454545454,0.6388888888888888,Richmond,Contra Costa,West Contra Costa Unified,07617960735902,High Schools (Public),False,378.0,303.0,80.2,112.0,37.0,321.0,52.3,21.0,40.0,103.0,3.0,1.0,1590.0,1479.0,0.930188679245283,2540.2,2496.7,40.0,10.0
RICHMOND HIGH SCHOOL,2018,78.0,49.0,30.0,0.6282051282051282,0.6122448979591837,Richmond,Contra Costa,West Contra Costa Unified,07617960735902,High Schools (Public),False,371.0,294.0,79.2,115.0,39.1,309.0,51.1,22.0,46.0,83.0,4.0,3.0,1511.0,1286.0,0.8510919920582396,2519.0,2483.0,29.82,8.78
RICHMOND HIGH SCHOOL,2019,96.0,56.0,31.0,0.5833333333333334,0.5535714285714286,Richmond,Contra Costa,West Contra Costa Unified,07617960735902,High Schools (Public),False,392.0,328.0,83.7,134.0,40.9,340.0,53.8,24.0,44.0,108.0,4.0,3.0,1567.0,1405.0,0.8966177409061902,2533.4,2498.0,34.44,10.47
RICHMOND HIGH SCHOOL,2020,64.0,52.0,22.0,0.8125,0.4230769230769231,Richmond,Contra Costa,West Contra Costa Unified,07617960735902,High Schools (Public),False,364.0,276.0,75.8,86.0,31.2,285.0,49.5,21.0,32.0,81.0,5.0,2.0,1494.0,1328.0,0.8888888888888888,2538.7,2509.7,39.94,15.87
RICHMOND HIGH SCHOOL,2021,95.0,72.0,37.0,0.7578947368421053,0.5138888888888888,Richmond,Contra Costa,West Contra Costa Unified,07617960735902,High Schools (Public),False,347.0,291.0,83.9,122.0,41.9,297.0,49.2,37.0,34.0,66.0,1.0,8.0,1511.0,1297.0,0.8583719391131701,,,,
RICHMOND HIGH SCHOOL,2022,87.0,70.0,22.0,0.8045977011494253,0.3142857142857143,Richmond,Contra Costa,West Contra Costa Unified,07617960735902,High Schools (Public),False,411.0,339.0,82.5,126.0,37.2,358.0,52.5,21.0,56.0,97.0,9.0,5.0,,,,,,,
RICHMOND HIGH SCHOOL,2023,59.0,50.0,25.0,0.847457627118644,0.5,Richmond,Contra Costa,West Contra Costa Unified,07617960735902,High Schools (Public),False,365.0,296.0,81.1,96.0,32.4,304.0,49.0,25.0,30.0,88.0,3.0,3.0,1431.0,905.0,0.6324248777078966,2519.4,2463.9,32.84,4.94
RICHMOND HIGH SCHOOL,2024,66.0,52.0,17.0,0.7878787878787878,0.3269230769230769,Richmond,Contra Costa,West Contra Costa Unified,07617960735902,High Schools (Public),False,360.0,290.0,80.6,101.0,34.8,,,,,,,,1341.0,1082.0,0.8068605518269948,2548.4,2467.9,43.92,5.02
RICHMOND HIGH SCHOOL,2025,69.0,58.0,25.0,0.8405797101449275,0.43103448275862066,Richmond,Contra Costa,West Contra Costa Unified,07617960735902,High Schools (Public),False,373.0,282.0,75.6,89.0,31.6,,,,,,,,1280.0,1239.0,0.96796875,2493.7,2450.7,26.95,6.73
RIO VISTA HIGH SCHOOL,2005,7.0,5.0,3.0,0.7142857142857143,0.6,Rio Vista,Solano,River Delta Joint Unified,34674134835302,High Schools (Public),False,,,,,,,,,,,,,,,,,,,
RIO VISTA HIGH SCHOOL,2006,8.0,6,,0.75,,Rio Vista,Solano,River Delta Joint Unified,34674134835302,High Schools (Public),False,,,,,,,,,,,,,,,,,,,
RIO VISTA HIGH SCHOOL,2007,13.0,13.0,6.0,1.0,0.46153846153846156,Rio Vista,Solano,River Delta Joint Unified,34674134835302,High Schools (Public),False,,,,,,,,,,,,,,,,,,,
RIO VISTA HIGH SCHOOL,2008,7.0,6.0,3.0,0.8571428571428571,0.5,Rio Vista,Solano,River Delta Joint Unified,34674134835302,High Schools (Public),False,,,,,,,,,,,,,,,,,,,
RIO VISTA HIGH SCHOOL,2009,23.0,20.0,10.0,0.8695652173913043,0.5,Rio Vista,Solano,River Delta Joint Unified,34674134835302,High Schools (Public),False,,,,,,,,,,,,,,,,,,,
RIO VISTA HIGH SCHOOL,2010,13.0,13.0,7.0,1.0,0.5384615384615384,Rio Vista,Solano,River Delta Joint Unified,34674134835302,High Schools (Public),False,,,,,,,,,,,,,,,,,,,
RIO VISTA HIGH SCHOOL,2011,5.0,4,,0.8,,Rio Vista,Solano,River Delta Joint Unified,34674134835302,High Schools (Public),False,,,,,,,,,,,,,,,,,,,
RIO VISTA HIGH SCHOOL,2012,16.0,13.0,11.0,0.8125,0.8461538461538461,Rio Vista,Solano,River Delta Joint Unified,34674134835302,High Schools (Public),False,,,,,,,,,,,,,,,,,,,
RIO VISTA HIGH SCHOOL,2013,16.0,7.0,4.0,0.4375,0.5714285714285714,Rio Vista,Solano,River Delta Joint Unified,34674134835302,High Schools (Public),False,,,,,,,,,,,,,,,,,,,
RIO VISTA HIGH SCHOOL,2014,16.0,6.0,4.0,0.375,0.6666666666666666,Rio Vista,Solano,River Delta Joint Unified,34674134835302,High Schools (Public),False,,,,,,,,,,,,,356.0,,,,,,
RIO VISTA HIGH SCHOOL,2015,15.0,8.0,6.0,0.5333333333333333,0.75,Rio Vista,Solano,River Delta Joint Unified,34674134835302,High Schools (Public),False,,,,,,81.0,65.4,6.0,12.0,27.0,2.0,6.0,365.0,149.0,0.4082191780821917,,,,
RIO VISTA HIGH SCHOOL,2016,9.0,9.0,6.0,1.0,0.6666666666666666,Rio Vista,Solano,River Delta Joint Unified,34674134835302,High Schools (Public),False,,,,,,79.0,68.4,6.0,9.0,37.0,0.0,2.0,381.0,173.0,0.4540682414698163,2567.2,2514.7,46.0,15.0
RIO VISTA HIGH SCHOOL,2017,17.0,11.0,8.0,0.6470588235294118,0.7272727272727273,Rio Vista,Solano,River Delta Joint Unified,34674134835302,High Schools (Public),False,96.0,92.0,95.8,36.0,39.1,93.0,50.5,8.0,15.0,21.0,1.0,2.0,375.0,169.0,0.4506666666666666,2611.1,2573.9,66.0,23.0
RIO VISTA HIGH SCHOOL,2018,10.0,4,,0.4,,Rio Vista,Solano,River Delta Joint Unified,34674134835302,High Schools (Public),False,68.0,64.0,94.1,31.0,48.4,64.0,65.6,2.0,12.0,22.0,4.0,2.0,385.0,188.0,0.4883116883116883,2603.3,2573.7,61.9,30.16
RIO VISTA HIGH SCHOOL,2019,22.0,14.0,8.0,0.6363636363636364,0.5714285714285714,Rio Vista,Solano,River Delta Joint Unified,34674134835302,High Schools (Public),False,106.0,98.0,92.5,52.0,53.1,99.0,61.6,7.0,22.0,28.0,2.0,2.0,413.0,206.0,0.4987893462469733,2562.6,2529.5,43.48,17.39
RIO VISTA HIGH SCHOOL,2020,11.0,9.0,4.0,0.8181818181818182,0.4444444444444444,Rio Vista,Solano,River Delta Joint Unified,34674134835302,High Schools (Public),False,95.0,93.0,97.9,35.0,37.6,93.0,52.7,3.0,17.0,21.0,2.0,6.0,404.0,207.0,0.5123762376237624,2554.1,2503.7,40.66,13.04
RIO VISTA HIGH SCHOOL,2021,19.0,14.0,3.0,0.7368421052631579,0.21428571428571427,Rio Vista,Solano,River Delta Joint Unified,34674134835302,High Schools (Public),False,97.0,91.0,93.8,47.0,51.6,91.0,54.9,3.0,18.0,24.0,0.0,5.0,389.0,184.0,0.4730077120822622,,,,
RIO VISTA HIGH SCHOOL,2022,20.0,15.0,7.0,0.75,0.4666666666666667,Rio Vista,Solano,River Delta Joint Unified,34674134835302,High Schools (Public),False,102.0,98.0,96.1,53.0,54.1,99.0,56.6,7.0,23.0,21.0,0.0,5.0,,,,,,,
RIO VISTA HIGH SCHOOL,2023,18.0,13.0,5.0,0.7222222222222222,0.38461538461538464,Rio Vista,Solano,River Delta Joint Unified,34674134835302,High Schools (Public),False,91.0,87.0,95.6,40.0,46.0,88.0,56.8,5.0,12.0,26.0,0.0,7.0,367.0,183.0,0.4986376021798365,2550.2,2485.0,45.24,6.25
RIO VISTA HIGH SCHOOL,2024,22.0,21.0,10.0,0.9545454545454546,0.47619047619047616,Rio Vista,Solano,River Delta Joint Unified,34674134835302,High Schools (Public),False,81.0,73.0,90.1,45.0,61.6,,,,,,,,350.0,254.0,0.7257142857142858,2535.7,2490.0,31.71,10.98
RIO VISTA HIGH SCHOOL,2025,10.0,10,,1.0,,Rio Vista,Solano,River Delta Joint Unified,34674134835302,High Schools (Public),False,93.0,86.0,92.5,39.0,45.3,,,,,,,,317.0,228.0,0.7192429022082019,2445.4,2479.1,3.66,7.32
ROBERTO CRUZ LEADERSHIP ACDMY,2019,17.0,6,,0.35294117647058826,,San Jose,Santa Clara,East Side Union High,43694270131995,High Schools (Public),True,63.0,47.0,74.6,23.0,48.9,52.0,59.6,0.0,7.0,24.0,0.0,0.0,270.0,225.0,0.8333333333333334,2458.9,2480.1,15.63,9.38
ROBERTO CRUZ LEADERSHIP ACDMY,2020,14.0,11.0,7.0,0.7857142857142857,0.6363636363636364,San Jose,Santa Clara,East Side Union High,43694270131995,High Schools (Public),True,75.0,68.0,90.7,27.0,39.7,68.0,55.9,6.0,5.0,26.0,1.0,0.0,258.0,207.0,0.8023255813953488,2503.9,2491.2,30.14,9.72
ROBERTO CRUZ LEADERSHIP ACDMY,2021,18.0,10.0,5.0,0.5555555555555556,0.5,San Jose,Santa Clara,East Side Union High,43694270131995,High Schools (Public),True,60.0,51.0,85.0,25.0,49.0,51.0,74.5,5.0,6.0,26.0,1.0,0.0,259.0,123.0,0.4749034749034749,,,,
ROBERTO CRUZ LEADERSHIP ACDMY,2022,8.0,5,,0.625,,San Jose,Santa Clara,East Side Union High,43694270131995,High Schools (Public),True,61.0,56.0,91.8,20.0,35.7,56.0,44.6,2.0,6.0,16.0,1.0,0.0,,,,,,,
ROBERTO CRUZ LEADERSHIP ACDMY,2023,7.0,6,,0.8571428571428571,,San Jose,Santa Clara,East Side Union High,43694270131995,High Schools (Public),True,70.0,65.0,92.9,20.0,30.8,67.0,50.7,0.0,9.0,21.0,3.0,1.0,264.0,216.0,0.8181818181818182,2473.8,2420.4,15.07,2.74
ROBERTO CRUZ LEADERSHIP ACDMY,2024,11.0,9.0,3.0,0.8181818181818182,0.3333333333333333,San Jose,Santa Clara,East Side Union High,43694270131995,High Schools (Public),True,65.0,59.0,90.8,31.0,52.5,,,,,,,,242.0,201.0,0.8305785123966942,2500.2,2478.9,26.47,2.94
ROBERTO CRUZ LEADERSHIP ACDMY,2025,16.0,12.0,3.0,0.75,0.25,San Jose,Santa Clara,East Side Union High,43694270131995,High Schools (Public),True,76.0,68.0,89.5,34.0,50.0,,,,,,,,261.0,230.0,0.8812260536398467,2506.7,2449.4,29.17,4.17
ROBERTSON HIGH SCH VISTA ALTERNATVE,2022,6.0,6.0,5.0,1.0,0.8333333333333334,Fremont,Alameda,Fremont Unified,01611760130435,Alternative Schools of Choice,False,49.0,36.0,73.5,2.0,5.6,42.0,54.8,5.0,1.0,16.0,0.0,1.0,,,,,,,
ROBERTSON HIGH SCH VISTA ALTERNATVE,2023,5.0,3,,0.6,,Fremont,Alameda,Fremont Unified,01611760130435,Alternative Schools of Choice,False,37.0,24.0,64.9,12.0,50.0,28.0,78.6,2.0,3.0,16.0,1.0,0.0,58.0,24.0,0.4137931034482758,,,,
ROBERTSON HIGH SCH VISTA ALTERNATVE,2024,5.0,4,,0.8,,Fremont,Alameda,Fremont Unified,01611760130435,Alternative Schools of Choice,False,24.0,17.0,70.8,8.0,47.1,,,,,,,,41.0,16.0,0.3902439024390244,2596.7,2641.9,41.67,50.0
ROBERTSON HIGH SCH VISTA ALTERNATVE,2025,5.0,,,,,Fremont,Alameda,Fremont Unified,01611760130435,Alternative Schools of Choice,False,22.0,20.0,90.9,6.0,30.0,,,,,,,,39.0,22.0,0.5641025641025641,2635.5,2568.6,72.22,38.89
ROSELAND COLLEGIATE PREP,2018,16.0,9.0,8.0,0.5625,0.8888888888888888,Santa Rosa,Sonoma,,,,,,,,,,,,,,,,,,,,,,,
ROSELAND COLLEGIATE PREP,2019,12.0,6.0,4.0,0.5,0.6666666666666666,Santa Rosa,Sonoma,,,,,,,,,,,,,,,,,,,,,,,
ROSELAND COLLEGIATE PREP,2020,12.0,9.0,6.0,0.75,0.6666666666666666,Santa Rosa,Sonoma,,,,,,,,,,,,,,,,,,,,,,,
ROSELAND COLLEGIATE PREP,2021,13.0,10.0,3.0,0.7692307692307693,0.3,Santa Rosa,Sonoma,,,,,,,,,,,,,,,,,,,,,,,
ROSELAND COLLEGIATE PREP,2022,10.0,5.0,4.0,0.5,0.8,Santa Rosa,Sonoma,,,,,,,,,,,,,,,,,,,,,,,
ROSELAND COLLEGIATE PREP,2023,27.0,20.0,9.0,0.7407407407407407,0.45,Santa Rosa,Sonoma,,,,,,,,,,,,,,,,,,,,,,,
ROSELAND COLLEGIATE PREP,2024,26.0,21.0,8.0,0.8076923076923077,0.38095238095238093,Santa Rosa,Sonoma,,,,,,,,,,,,,,,,,,,,,,,
ROSELAND COLLEGIATE PREP,2025,13.0,11.0,5.0,0.8461538461538461,0.45454545454545453,Santa Rosa,Sonoma,,,,,,,,,,,,,,,,,,,,,,,
ROSELAND UNIVERSITY PREP,2008,11.0,10.0,3.0,0.9090909090909091,0.3,Santa Rosa,Sonoma,,,,,,,,,,,,,,,,,,,,,,,
ROSELAND UNIVERSITY PREP,2010,7.0,4,,0.5714285714285714,,Santa Rosa,Sonoma,,,,,,,,,,,,,,,,,,,,,,,
ROSELAND UNIVERSITY PREP,2011,9.0,7.0,4.0,0.7777777777777778,0.5714285714285714,Santa Rosa,Sonoma,,,,,,,,,,,,,,,,,,,,,,,
ROSELAND UNIVERSITY PREP,2012,6.0,5.0,4.0,0.8333333333333334,0.8,Santa Rosa,Sonoma,,,,,,,,,,,,,,,,,,,,,,,
ROSELAND UNIVERSITY PREP,2013,20.0,13.0,9.0,0.65,0.6923076923076923,Santa Rosa,Sonoma,,,,,,,,,,,,,,,,,,,,,,,
ROSELAND UNIVERSITY PREP,2014,21.0,15.0,9.0,0.7142857142857143,0.6,Santa Rosa,Sonoma,,,,,,,,,,,,,,,,,,,,,,,
ROSELAND UNIVERSITY PREP,2015,29.0,17.0,9.0,0.5862068965517241,0.5294117647058824,Santa Rosa,Sonoma,,,,,,,,,,,,,,,,,,,,,,,
ROSELAND UNIVERSITY PREP,2016,25.0,22.0,12.0,0.88,0.5454545454545454,Santa Rosa,Sonoma,,,,,,,,,,,,,,,,,,,,,,,
ROSELAND UNIVERSITY PREP,2017,29.0,18.0,10.0,0.6206896551724138,0.5555555555555556,Santa Rosa,Sonoma,,,,,,,,,,,,,,,,,,,,,,,
ROSELAND UNIVERSITY PREP,2018,34.0,21.0,14.0,0.6176470588235294,0.6666666666666666,Santa Rosa,Sonoma,,,,,,,,,,,,,,,,,,,,,,,
ROSELAND UNIVERSITY PREP,2019,29.0,24.0,16.0,0.8275862068965517,0.6666666666666666,Santa Rosa,Sonoma,,,,,,,,,,,,,,,,,,,,,,,
ROSELAND UNIVERSITY PREP,2020,31.0,24.0,15.0,0.7741935483870968,0.625,Santa Rosa,Sonoma,,,,,,,,,,,,,,,,,,,,,,,
ROSELAND UNIVERSITY PREP,2021,37.0,30.0,14.0,0.8108108108108109,0.4666666666666667,Santa Rosa,Sonoma,,,,,,,,,,,,,,,,,,,,,,,
ROSELAND UNIVERSITY PREP,2022,37.0,28.0,14.0,0.7567567567567568,0.5,Santa Rosa,Sonoma,,,,,,,,,,,,,,,,,,,,,,,
ROSELAND UNIVERSITY PREP,2023,35.0,28.0,19.0,0.8,0.6785714285714286,Santa Rosa,Sonoma,,,,,,,,,,,,,,,,,,,,,,,
ROSELAND UNIVERSITY PREP,2024,33.0,21.0,10.0,0.6363636363636364,0.47619047619047616,Santa Rosa,Sonoma,,,,,,,,,,,,,,,,,,,,,,,
ROSELAND UNIVERSITY PREP,2025,21.0,17.0,12.0,0.8095238095238095,0.7058823529411765,Santa Rosa,Sonoma,,,,,,,,,,,,,,,,,,,,,,,
RUTH ASAWA SCHOOL OF THE ARTS,2005,41.0,33.0,16.0,0.8048780487804879,0.48484848484848486,San Francisco,San Francisco,San Francisco Unified,38684783830387,Alternative Schools of Choice,False,,,,,,,,,,,,,,,,,,,
RUTH ASAWA SCHOOL OF THE ARTS,2006,51.0,45.0,25.0,0.8823529411764706,0.5555555555555556,San Francisco,San Francisco,San Francisco Unified,38684783830387,Alternative Schools of Choice,False,,,,,,,,,,,,,,,,,,,
RUTH ASAWA SCHOOL OF THE ARTS,2007,66.0,62.0,33.0,0.9393939393939394,0.532258064516129,San Francisco,San Francisco,San Francisco Unified,38684783830387,Alternative Schools of Choice,False,,,,,,,,,,,,,,,,,,,
RUTH ASAWA SCHOOL OF THE ARTS,2008,60.0,51.0,29.0,0.85,0.5686274509803921,San Francisco,San Francisco,San Francisco Unified,38684783830387,Alternative Schools of Choice,False,,,,,,,,,,,,,,,,,,,
RUTH ASAWA SCHOOL OF THE ARTS,2009,83.0,71.0,30.0,0.8554216867469879,0.4225352112676056,San Francisco,San Francisco,San Francisco Unified,38684783830387,Alternative Schools of Choice,False,,,,,,,,,,,,,,,,,,,
RUTH ASAWA SCHOOL OF THE ARTS,2010,77.0,66.0,34.0,0.8571428571428571,0.5151515151515151,San Francisco,San Francisco,San Francisco Unified,38684783830387,Alternative Schools of Choice,False,,,,,,,,,,,,,,,,,,,
RUTH ASAWA SCHOOL OF THE ARTS,2011,78.0,59.0,36.0,0.7564102564102564,0.6101694915254238,San Francisco,San Francisco,San Francisco Unified,38684783830387,Alternative Schools of Choice,False,,,,,,,,,,,,,,,,,,,
RUTH ASAWA SCHOOL OF THE ARTS,2012,73.0,54.0,23.0,0.7397260273972602,0.42592592592592593,San Francisco,San Francisco,San Francisco Unified,38684783830387,Alternative Schools of Choice,False,,,,,,,,,,,,,,,,,,,
RUTH ASAWA SCHOOL OF THE ARTS,2013,42.0,27.0,13.0,0.6428571428571429,0.48148148148148145,San Francisco,San Francisco,San Francisco Unified,38684783830387,Alternative Schools of Choice,False,,,,,,,,,,,,,,,,,,,
RUTH ASAWA SCHOOL OF THE ARTS,2014,89.0,65.0,34.0,0.7303370786516854,0.5230769230769231,San Francisco,San Francisco,San Francisco Unified,38684783830387,Alternative Schools of Choice,False,,,,,,,,,,,,,619.0,,,,,,
RUTH ASAWA SCHOOL OF THE ARTS,2015,62.0,42.0,18.0,0.6774193548387096,0.42857142857142855,San Francisco,San Francisco,San Francisco Unified,38684783830387,Alternative Schools of Choice,False,,,,,,140.0,77.1,14.0,16.0,19.0,5.0,54.0,624.0,167.0,0.2676282051282051,,,,
RUTH ASAWA SCHOOL OF THE ARTS,2016,62.0,40.0,19.0,0.6451612903225806,0.475,San Francisco,San Francisco,San Francisco Unified,38684783830387,Alternative Schools of Choice,False,,,,,,130.0,75.4,18.0,13.0,25.0,13.0,29.0,614.0,128.0,0.2084690553745928,2666.5,2631.5,87.0,55.0
RUTH ASAWA SCHOOL OF THE ARTS,2017,80.0,51.0,21.0,0.6375,0.4117647058823529,San Francisco,San Francisco,San Francisco Unified,38684783830387,Alternative Schools of Choice,False,146.0,136.0,93.2,110.0,80.9,137.0,83.2,20.0,22.0,22.0,11.0,39.0,664.0,137.0,0.2063253012048193,2675.5,2649.0,87.0,67.0
RUTH ASAWA SCHOOL OF THE ARTS,2018,87.0,42.0,23.0,0.4827586206896552,0.5476190476190477,San Francisco,San Francisco,San Francisco Unified,38684783830387,Alternative Schools of Choice,False,151.0,138.0,91.4,98.0,71.0,141.0,85.8,22.0,22.0,25.0,9.0,43.0,756.0,178.0,0.2354497354497354,2686.4,2656.2,88.15,63.91
RUTH ASAWA SCHOOL OF THE ARTS,2019,76.0,62.0,40.0,0.8157894736842105,0.6451612903225806,San Francisco,San Francisco,San Francisco Unified,38684783830387,Alternative Schools of Choice,False,155.0,149.0,96.1,126.0,84.6,149.0,81.9,37.0,10.0,24.0,11.0,40.0,795.0,148.0,0.1861635220125786,2637.9,2664.0,69.57,67.63
RUTH ASAWA SCHOOL OF THE ARTS,2020,118.0,92.0,49.0,0.7796610169491526,0.532608695652174,San Francisco,San Francisco,San Francisco Unified,38684783830387,Alternative Schools of Choice,False,190.0,186.0,97.9,170.0,91.4,188.0,78.7,39.0,24.0,31.0,8.0,46.0,809.0,156.0,0.1928306551297898,2636.6,2626.3,68.85,54.71
RUTH ASAWA SCHOOL OF THE ARTS,2021,136.0,95.0,44.0,0.6985294117647058,0.4631578947368421,San Francisco,San Francisco,San Francisco Unified,38684783830387,Alternative Schools of Choice,False,205.0,199.0,97.1,182.0,91.5,197.0,84.3,40.0,29.0,23.0,13.0,61.0,776.0,155.0,0.1997422680412371,,,,
RUTH ASAWA SCHOOL OF THE ARTS,2022,107.0,67.0,31.0,0.6261682242990654,0.4626865671641791,San Francisco,San Francisco,San Francisco Unified,38684783830387,Alternative Schools of Choice,False,185.0,179.0,96.8,148.0,82.7,180.0,79.4,27.0,25.0,28.0,13.0,50.0,,,,,,,
RUTH ASAWA SCHOOL OF THE ARTS,2023,127.0,88.0,40.0,0.6929133858267716,0.45454545454545453,San Francisco,San Francisco,San Francisco Unified,38684783830387,Alternative Schools of Choice,False,169.0,165.0,97.6,147.0,89.1,167.0,88.0,36.0,27.0,19.0,14.0,51.0,679.0,127.0,0.187039764359352,2691.7,2650.0,88.39,62.12
RUTH ASAWA SCHOOL OF THE ARTS,2024,108.0,72.0,42.0,0.6666666666666666,0.5833333333333334,San Francisco,San Francisco,San Francisco Unified,38684783830387,Alternative Schools of Choice,False,175.0,165.0,94.3,138.0,83.6,,,,,,,,680.0,124.0,0.1823529411764705,2666.8,2628.3,84.17,52.76
RUTH ASAWA SCHOOL OF THE ARTS,2025,128.0,102.0,53.0,0.796875,0.5196078431372549,San Francisco,San Francisco,San Francisco Unified,38684783830387,Alternative Schools of Choice,False,181.0,175.0,96.7,153.0,87.4,,,,,,,,680.0,151.0,0.2220588235294117,2674.1,2647.8,83.78,59.42
SAINT HELENA HIGH SCHOOL,2005,28.0,26.0,9.0,0.9285714285714286,0.34615384615384615,Saint Helena,Napa,Saint Helena Unified,28662902837102,High Schools (Public),False,,,,,,,,,,,,,,,,,,,
SAINT HELENA HIGH SCHOOL,2006,23.0,23.0,11.0,1.0,0.4782608695652174,Saint Helena,Napa,Saint Helena Unified,28662902837102,High Schools (Public),False,,,,,,,,,,,,,,,,,,,
SAINT HELENA HIGH SCHOOL,2007,27.0,25.0,11.0,0.9259259259259259,0.44,Saint Helena,Napa,Saint Helena Unified,28662902837102,High Schools (Public),False,,,,,,,,,,,,,,,,,,,
SAINT HELENA HIGH SCHOOL,2008,30.0,28.0,12.0,0.9333333333333333,0.42857142857142855,Saint Helena,Napa,Saint Helena Unified,28662902837102,High Schools (Public),False,,,,,,,,,,,,,,,,,,,
SAINT HELENA HIGH SCHOOL,2009,17.0,11.0,5.0,0.6470588235294118,0.45454545454545453,Saint Helena,Napa,Saint Helena Unified,28662902837102,High Schools (Public),False,,,,,,,,,,,,,,,,,,,
SAINT HELENA HIGH SCHOOL,2010,25.0,23.0,7.0,0.92,0.30434782608695654,Saint Helena,Napa,Saint Helena Unified,28662902837102,High Schools (Public),False,,,,,,,,,,,,,,,,,,,
SAINT HELENA HIGH SCHOOL,2011,23.0,16.0,5.0,0.6956521739130435,0.3125,Saint Helena,Napa,Saint Helena Unified,28662902837102,High Schools (Public),False,,,,,,,,,,,,,,,,,,,
SAINT HELENA HIGH SCHOOL,2012,25.0,14.0,6.0,0.56,0.42857142857142855,Saint Helena,Napa,Saint Helena Unified,28662902837102,High Schools (Public),False,,,,,,,,,,,,,,,,,,,
SAINT HELENA HIGH SCHOOL,2013,22.0,11.0,6.0,0.5,0.5454545454545454,Saint Helena,Napa,Saint Helena Unified,28662902837102,High Schools (Public),False,,,,,,,,,,,,,,,,,,,
SAINT HELENA HIGH SCHOOL,2014,30.0,11.0,10.0,0.36666666666666664,0.9090909090909091,Saint Helena,Napa,Saint Helena Unified,28662902837102,High Schools (Public),False,,,,,,,,,,,,,503.0,,,,,,
SAINT HELENA HIGH SCHOOL,2015,28.0,13.0,4.0,0.4642857142857143,0.3076923076923077,Saint Helena,Napa,Saint Helena Unified,28662902837102,High Schools (Public),False,,,,,,118.0,73.7,4.0,17.0,45.0,4.0,17.0,507.0,185.0,0.3648915187376725,,,,
SAINT HELENA HIGH SCHOOL,2016,24.0,14.0,6.0,0.5833333333333334,0.42857142857142855,Saint Helena,Napa,Saint Helena Unified,28662902837102,High Schools (Public),False,,,,,,121.0,81.0,6.0,19.0,53.0,3.0,17.0,475.0,149.0,0.3136842105263158,2661.8,2596.8,86.0,40.0
SAINT HELENA HIGH SCHOOL,2017,24.0,13.0,7.0,0.5416666666666666,0.5384615384615384,Saint Helena,Napa,Saint Helena Unified,28662902837102,High Schools (Public),False,119.0,109.0,91.6,48.0,44.0,109.0,79.8,6.0,15.0,50.0,7.0,9.0,469.0,44.0,0.0938166311300639,2669.4,2609.0,87.0,48.0
SAINT HELENA HIGH SCHOOL,2018,23.0,13.0,7.0,0.5652173913043478,0.5384615384615384,Saint Helena,Napa,Saint Helena Unified,28662902837102,High Schools (Public),False,101.0,95.0,94.1,54.0,56.8,95.0,80.0,7.0,18.0,34.0,0.0,17.0,467.0,156.0,0.3340471092077088,2688.9,2627.5,90.0,50.0
SAINT HELENA HIGH SCHOOL,2019,35.0,17.0,12.0,0.4857142857142857,0.7058823529411765,Saint Helena,Napa,Saint Helena Unified,28662902837102,High Schools (Public),False,121.0,109.0,90.1,58.0,53.2,110.0,85.5,12.0,18.0,38.0,4.0,22.0,497.0,170.0,0.3420523138832998,2689.6,2601.3,92.66,42.73
SAINT HELENA HIGH SCHOOL,2020,25.0,16.0,8.0,0.64,0.5,Saint Helena,Napa,Saint Helena Unified,28662902837102,High Schools (Public),False,112.0,104.0,92.9,50.0,48.1,106.0,76.4,8.0,7.0,46.0,4.0,16.0,482.0,180.0,0.3734439834024896,2676.8,2605.0,87.27,42.2
SAINT HELENA HIGH SCHOOL,2021,35.0,17.0,9.0,0.4857142857142857,0.5294117647058824,Saint Helena,Napa,Saint Helena Unified,28662902837102,High Schools (Public),False,117.0,102.0,87.2,67.0,65.7,101.0,77.2,10.0,12.0,38.0,2.0,16.0,480.0,176.0,0.3666666666666666,,,,
SAINT HELENA HIGH SCHOOL,2022,27.0,17.0,13.0,0.6296296296296297,0.7647058823529411,Saint Helena,Napa,Saint Helena Unified,28662902837102,High Schools (Public),False,120.0,111.0,92.5,59.0,53.2,112.0,77.7,10.0,7.0,53.0,3.0,14.0,,,,2670.9,2580.6,82.69,31.73
SAINT HELENA HIGH SCHOOL,2023,25.0,16.0,6.0,0.64,0.375,Saint Helena,Napa,Saint Helena Unified,28662902837102,High Schools (Public),False,115.0,105.0,91.3,54.0,51.4,105.0,74.3,6.0,10.0,46.0,2.0,14.0,443.0,148.0,0.3340857787810384,2652.5,2571.6,74.55,30.91
SAINT HELENA HIGH SCHOOL,2024,26.0,20.0,7.0,0.7692307692307693,0.35,Saint Helena,Napa,Saint Helena Unified,28662902837102,High Schools (Public),False,116.0,112.0,96.6,57.0,50.9,,,,,,,,421.0,134.0,0.3182897862232779,2650.6,2574.2,75.86,34.19
SAINT HELENA HIGH SCHOOL,2025,27.0,20.0,6.0,0.7407407407407407,0.3,Saint Helena,Napa,Saint Helena Unified,28662902837102,High Schools (Public),False,99.0,93.0,93.9,56.0,60.2,,,,,,,,416.0,153.0,0.3677884615384615,2639.3,2577.5,68.09,37.89
SAN FRANCISCO FLEX ACADEMY,2013,7.0,3,,0.42857142857142855,,San Francisco,San Francisco,,,,,,,,,,,,,,,,,,,,,,,
SAN FRANCISCO FLEX ACADEMY,2014,6.0,4,,0.6666666666666666,,San Francisco,San Francisco,,,,,,,,,,,,,,,,,,,,,,,
SAN FRANCISCO FLEX ACADEMY,2015,5.0,,,,,San Francisco,San Francisco,,,,,,,,,,,,,,,,,,,,,,,
SAN FRANCISCO INTERNATIONAL HS,2013,28.0,13.0,9.0,0.4642857142857143,0.6923076923076923,San Francisco,San Francisco,,,,,,,,,,,,,,,,,,,,,,,
SAN FRANCISCO INTERNATIONAL HS,2014,41.0,20.0,11.0,0.4878048780487805,0.55,San Francisco,San Francisco,,,,,,,,,,,,,,,,,,,,,,,
SAN FRANCISCO INTERNATIONAL HS,2015,39.0,20.0,12.0,0.5128205128205128,0.6,San Francisco,San Francisco,,,,,,,,,,,,,,,,,,,,,,,
SAN FRANCISCO INTERNATIONAL HS,2016,26.0,11.0,3.0,0.4230769230769231,0.2727272727272727,San Francisco,San Francisco,,,,,,,,,,,,,,,,,,,,,,,
SAN FRANCISCO INTERNATIONAL HS,2017,19.0,12.0,4.0,0.631578947368421,0.3333333333333333,San Francisco,San Francisco,,,,,,,,,,,,,,,,,,,,,,,
SAN FRANCISCO INTERNATIONAL HS,2018,20.0,9.0,5.0,0.45,0.5555555555555556,San Francisco,San Francisco,,,,,,,,,,,,,,,,,,,,,,,
SAN FRANCISCO INTERNATIONAL HS,2019,26.0,14.0,9.0,0.5384615384615384,0.6428571428571429,San Francisco,San Francisco,,,,,,,,,,,,,,,,,,,,,,,
SAN FRANCISCO INTERNATIONAL HS,2020,16.0,12.0,4.0,0.75,0.3333333333333333,San Francisco,San Francisco,,,,,,,,,,,,,,,,,,,,,,,
SAN FRANCISCO INTERNATIONAL HS,2021,17.0,14,,0.8235294117647058,,San Francisco,San Francisco,,,,,,,,,,,,,,,,,,,,,,,
SAN FRANCISCO INTERNATIONAL HS,2022,18.0,14.0,5.0,0.7777777777777778,0.35714285714285715,San Francisco,San Francisco,,,,,,,,,,,,,,,,,,,,,,,
SAN FRANCISCO INTERNATIONAL HS,2023,12.0,12.0,12.0,1.0,1.0,San Francisco,San Francisco,,,,,,,,,,,,,,,,,,,,,,,
SAN FRANCISCO INTERNATIONAL HS,2024,24.0,23.0,13.0,0.9583333333333334,0.5652173913043478,San Francisco,San Francisco,,,,,,,,,,,,,,,,,,,,,,,
SAN FRANCISCO INTERNATIONAL HS,2025,30.0,28.0,21.0,0.9333333333333333,0.75,San Francisco,San Francisco,,,,,,,,,,,,,,,,,,,,,,,
SAN JOSE HIGH SCHOOL,2005,57.0,48.0,31.0,0.8421052631578947,0.6458333333333334,San Jose,Santa Clara,San Jose Unified,43696664337200,High Schools (Public),False,,,,,,,,,,,,,,,,,,,
SAN JOSE HIGH SCHOOL,2006,42.0,39.0,28.0,0.9285714285714286,0.717948717948718,San Jose,Santa Clara,San Jose Unified,43696664337200,High Schools (Public),False,,,,,,,,,,,,,,,,,,,
SAN JOSE HIGH SCHOOL,2007,23.0,22.0,13.0,0.9565217391304348,0.5909090909090909,San Jose,Santa Clara,San Jose Unified,43696664337200,High Schools (Public),False,,,,,,,,,,,,,,,,,,,
SAN JOSE HIGH SCHOOL,2008,24.0,22.0,13.0,0.9166666666666666,0.5909090909090909,San Jose,Santa Clara,San Jose Unified,43696664337200,High Schools (Public),False,,,,,,,,,,,,,,,,,,,
SAN JOSE HIGH SCHOOL,2009,24.0,19.0,10.0,0.7916666666666666,0.5263157894736842,San Jose,Santa Clara,San Jose Unified,43696664337200,High Schools (Public),False,,,,,,,,,,,,,,,,,,,
SAN JOSE HIGH SCHOOL,2010,21.0,19.0,15.0,0.9047619047619048,0.7894736842105263,San Jose,Santa Clara,San Jose Unified,43696664337200,High Schools (Public),False,,,,,,,,,,,,,,,,,,,
SAN JOSE HIGH SCHOOL,2011,38.0,32.0,20.0,0.8421052631578947,0.625,San Jose,Santa Clara,San Jose Unified,43696664337200,High Schools (Public),False,,,,,,,,,,,,,,,,,,,
SAN JOSE HIGH SCHOOL,2012,47.0,35.0,21.0,0.7446808510638298,0.6,San Jose,Santa Clara,San Jose Unified,43696664337200,High Schools (Public),False,,,,,,,,,,,,,,,,,,,
SAN JOSE HIGH SCHOOL,2013,48.0,33.0,20.0,0.6875,0.6060606060606061,San Jose,Santa Clara,San Jose Unified,43696664337200,High Schools (Public),False,,,,,,,,,,,,,,,,,,,
SAN JOSE HIGH SCHOOL,2014,63.0,48.0,26.0,0.7619047619047619,0.5416666666666666,San Jose,Santa Clara,San Jose Unified,43696664337200,High Schools (Public),False,,,,,,,,,,,,,1126.0,,,,,,
SAN JOSE HIGH SCHOOL,2015,54.0,39.0,25.0,0.7222222222222222,0.6410256410256411,San Jose,Santa Clara,San Jose Unified,43696664337200,High Schools (Public),False,,,,,,200.0,63.0,16.0,25.0,77.0,3.0,5.0,1034.0,718.0,0.6943907156673114,,,,
SAN JOSE HIGH SCHOOL,2016,55.0,32.0,16.0,0.5818181818181818,0.5,San Jose,Santa Clara,San Jose Unified,43696664337200,High Schools (Public),False,,,,,,199.0,70.4,15.0,35.0,82.0,5.0,3.0,1059.0,773.0,0.7299338999055713,2579.3,2537.5,49.0,21.0
SAN JOSE HIGH SCHOOL,2017,68.0,38.0,16.0,0.5588235294117647,0.42105263157894735,San Jose,Santa Clara,San Jose Unified,43696664337200,High Schools (Public),False,260.0,236.0,90.8,116.0,49.2,240.0,61.7,13.0,38.0,87.0,6.0,4.0,1101.0,819.0,0.7438692098092643,2572.7,2532.2,45.0,20.0
SAN JOSE HIGH SCHOOL,2018,56.0,35.0,17.0,0.625,0.4857142857142857,San Jose,Santa Clara,San Jose Unified,43696664337200,High Schools (Public),False,240.0,219.0,91.3,90.0,41.1,223.0,55.2,13.0,21.0,86.0,0.0,3.0,1021.0,789.0,0.7727717923604309,2539.8,2490.8,36.68,11.79
SAN JOSE HIGH SCHOOL,2019,43.0,30.0,15.0,0.6976744186046512,0.5,San Jose,Santa Clara,San Jose Unified,43696664337200,High Schools (Public),False,226.0,214.0,94.7,0.0,0.0,217.0,59.0,14.0,27.0,81.0,4.0,2.0,1054.0,756.0,0.7172675521821632,2544.7,2502.4,36.32,13.98
SAN JOSE HIGH SCHOOL,2020,43.0,26.0,14.0,0.6046511627906976,0.5384615384615384,San Jose,Santa Clara,San Jose Unified,43696664337200,High Schools (Public),False,257.0,235.0,91.4,102.0,43.4,239.0,62.8,14.0,22.0,107.0,3.0,4.0,1009.0,744.0,0.7373637264618434,2540.2,2494.5,39.23,14.56
SAN JOSE HIGH SCHOOL,2021,39.0,27.0,13.0,0.6923076923076923,0.48148148148148145,San Jose,Santa Clara,San Jose Unified,43696664337200,High Schools (Public),False,212.0,194.0,91.5,86.0,44.3,198.0,57.6,12.0,21.0,77.0,1.0,3.0,994.0,613.0,0.6167002012072434,,,,
SAN JOSE HIGH SCHOOL,2022,36.0,29.0,12.0,0.8055555555555556,0.41379310344827586,San Jose,Santa Clara,San Jose Unified,43696664337200,High Schools (Public),False,243.0,221.0,90.9,66.0,29.9,221.0,59.7,8.0,25.0,85.0,7.0,7.0,,,,2563.3,2523.6,46.7,18.78
SAN JOSE HIGH SCHOOL,2023,43.0,25.0,9.0,0.5813953488372093,0.36,San Jose,Santa Clara,San Jose Unified,43696664337200,High Schools (Public),False,216.0,180.0,83.3,39.0,21.7,179.0,65.4,8.0,30.0,74.0,2.0,3.0,934.0,632.0,0.6766595289079229,2549.3,2498.4,42.79,14.21
SAN JOSE HIGH SCHOOL,2024,37.0,29.0,8.0,0.7837837837837838,0.27586206896551724,San Jose,Santa Clara,San Jose Unified,43696664337200,High Schools (Public),False,214.0,190.0,88.8,28.0,14.7,,,,,,,,907.0,659.0,0.7265711135611908,2540.2,2484.1,40.08,9.09
SAN JOSE HIGH SCHOOL,2025,16.0,13.0,6.0,0.8125,0.46153846153846156,San Jose,Santa Clara,San Jose Unified,43696664337200,High Schools (Public),False,175.0,142.0,81.1,7.0,4.9,,,,,,,,874.0,611.0,0.6990846681922197,2534.5,2472.4,41.14,8.62
SAN LEANDRO HIGH SCHOOL,2005,74.0,61.0,43.0,0.8243243243243243,0.7049180327868853,San Leandro,Alameda,San Leandro Unified,01612910137588,High Schools (Public),False,,,,,,,,,,,,,,,,,,,
SAN LEANDRO HIGH SCHOOL,2006,107.0,95.0,64.0,0.8878504672897196,0.6736842105263158,San Leandro,Alameda,San Leandro Unified,01612910137588,High Schools (Public),False,,,,,,,,,,,,,,,,,,,
SAN LEANDRO HIGH SCHOOL,2007,111.0,90.0,54.0,0.8108108108108109,0.6,San Leandro,Alameda,San Leandro Unified,01612910137588,High Schools (Public),False,,,,,,,,,,,,,,,,,,,
SAN LEANDRO HIGH SCHOOL,2008,117.0,95.0,55.0,0.811965811965812,0.5789473684210527,San Leandro,Alameda,San Leandro Unified,01612910137588,High Schools (Public),False,,,,,,,,,,,,,,,,,,,
SAN LEANDRO HIGH SCHOOL,2009,109.0,92.0,49.0,0.8440366972477065,0.532608695652174,San Leandro,Alameda,San Leandro Unified,01612910137588,High Schools (Public),False,,,,,,,,,,,,,,,,,,,
SAN LEANDRO HIGH SCHOOL,2010,109.0,89.0,59.0,0.8165137614678899,0.6629213483146067,San Leandro,Alameda,San Leandro Unified,01612910137588,High Schools (Public),False,,,,,,,,,,,,,,,,,,,
SAN LEANDRO HIGH SCHOOL,2011,97.0,83.0,53.0,0.8556701030927835,0.6385542168674698,San Leandro,Alameda,San Leandro Unified,01612910137588,High Schools (Public),False,,,,,,,,,,,,,,,,,,,
SAN LEANDRO HIGH SCHOOL,2012,151.0,92.0,66.0,0.609271523178808,0.717391304347826,San Leandro,Alameda,San Leandro Unified,01612910137588,High Schools (Public),False,,,,,,,,,,,,,,,,,,,
SAN LEANDRO HIGH SCHOOL,2013,97.0,61.0,42.0,0.6288659793814433,0.6885245901639344,San Leandro,Alameda,San Leandro Unified,01612910137588,High Schools (Public),False,,,,,,,,,,,,,,,,,,,
SAN LEANDRO HIGH SCHOOL,2014,160.0,102.0,63.0,0.6375,0.6176470588235294,San Leandro,Alameda,San Leandro Unified,01612910137588,High Schools (Public),False,,,,,,,,,,,,,2631.0,,,,,,
SAN LEANDRO HIGH SCHOOL,2015,135.0,91.0,63.0,0.674074074074074,0.6923076923076923,San Leandro,Alameda,San Leandro Unified,01612910137588,High Schools (Public),False,,,,,,573.0,71.6,58.0,84.0,219.0,25.0,24.0,2601.0,1563.0,0.6009227220299884,,,,
SAN LEANDRO HIGH SCHOOL,2016,136.0,100.0,69.0,0.7352941176470589,0.69,San Leandro,Alameda,San Leandro Unified,01612910137588,High Schools (Public),False,,,,,,528.0,76.1,59.0,78.0,226.0,16.0,23.0,2597.0,1611.0,0.620331151328456,2583.9,2517.3,53.0,20.0
SAN LEANDRO HIGH SCHOOL,2017,108.0,59.0,32.0,0.5462962962962963,0.5423728813559322,San Leandro,Alameda,San Leandro Unified,01612910137588,High Schools (Public),False,574.0,509.0,88.7,195.0,38.3,517.0,71.0,30.0,89.0,219.0,5.0,24.0,2608.0,1505.0,0.5770705521472392,2597.7,2546.4,60.0,25.0
SAN LEANDRO HIGH SCHOOL,2018,151.0,94.0,58.0,0.6225165562913907,0.6170212765957447,San Leandro,Alameda,San Leandro Unified,01612910137588,High Schools (Public),False,654.0,616.0,94.2,249.0,40.4,631.0,72.7,57.0,76.0,278.0,20.0,28.0,2657.0,1599.0,0.6018065487391795,2591.5,2536.6,55.02,22.1
SAN LEANDRO HIGH SCHOOL,2019,155.0,85.0,47.0,0.5483870967741935,0.5529411764705883,San Leandro,Alameda,San Leandro Unified,01612910137588,High Schools (Public),False,635.0,585.0,92.1,260.0,44.4,596.0,69.3,44.0,82.0,245.0,16.0,26.0,2652.0,1547.0,0.5833333333333334,2575.8,2530.0,49.41,20.93
SAN LEANDRO HIGH SCHOOL,2020,121.0,81.0,44.0,0.6694214876033058,0.5432098765432098,San Leandro,Alameda,San Leandro Unified,01612910137588,High Schools (Public),False,631.0,572.0,90.6,0.0,0.0,578.0,65.7,42.0,62.0,241.0,18.0,17.0,2711.0,1523.0,0.5617853190704537,2590.5,2522.6,57.27,19.48
SAN LEANDRO HIGH SCHOOL,2021,136.0,94.0,59.0,0.6911764705882353,0.6276595744680851,San Leandro,Alameda,San Leandro Unified,01612910137588,High Schools (Public),False,576.0,548.0,95.1,227.0,41.4,562.0,63.7,59.0,77.0,195.0,11.0,16.0,2697.0,1537.0,0.5698924731182796,,,,
SAN LEANDRO HIGH SCHOOL,2022,168.0,108.0,63.0,0.6428571428571429,0.5833333333333334,San Leandro,Alameda,San Leandro Unified,01612910137588,High Schools (Public),False,680.0,639.0,94.0,309.0,48.4,646.0,68.6,61.0,98.0,240.0,11.0,33.0,,,,,,,
SAN LEANDRO HIGH SCHOOL,2023,134.0,86.0,50.0,0.6417910447761194,0.5813953488372093,San Leandro,Alameda,San Leandro Unified,01612910137588,High Schools (Public),False,596.0,548.0,91.9,258.0,47.1,555.0,67.9,50.0,78.0,211.0,8.0,30.0,2566.0,1806.0,0.7038191738113796,2583.7,2559.9,54.73,26.98
SAN LEANDRO HIGH SCHOOL,2024,173.0,122.0,66.0,0.7052023121387283,0.5409836065573771,San Leandro,Alameda,San Leandro Unified,01612910137588,High Schools (Public),False,612.0,569.0,93.0,239.0,42.0,,,,,,,,2488.0,1716.0,0.6897106109324759,2552.5,2502.9,41.91,17.54
SAN LEANDRO HIGH SCHOOL,2025,155.0,123.0,65.0,0.7935483870967742,0.5284552845528455,San Leandro,Alameda,San Leandro Unified,01612910137588,High Schools (Public),False,589.0,550.0,93.4,268.0,48.7,,,,,,,,2510.0,1891.0,0.7533864541832669,2560.8,2519.2,44.76,20.22
SAN LORENZO HIGH SCHOOL,2005,30.0,27.0,17.0,0.9,0.6296296296296297,San Lorenzo,Alameda,San Lorenzo Unified,01613090137810,High Schools (Public),False,,,,,,,,,,,,,,,,,,,
SAN LORENZO HIGH SCHOOL,2006,42.0,37.0,21.0,0.8809523809523809,0.5675675675675675,San Lorenzo,Alameda,San Lorenzo Unified,01613090137810,High Schools (Public),False,,,,,,,,,,,,,,,,,,,
SAN LORENZO HIGH SCHOOL,2007,45.0,38.0,19.0,0.8444444444444444,0.5,San Lorenzo,Alameda,San Lorenzo Unified,01613090137810,High Schools (Public),False,,,,,,,,,,,,,,,,,,,
SAN LORENZO HIGH SCHOOL,2008,52.0,43.0,30.0,0.8269230769230769,0.6976744186046512,San Lorenzo,Alameda,San Lorenzo Unified,01613090137810,High Schools (Public),False,,,,,,,,,,,,,,,,,,,
SAN LORENZO HIGH SCHOOL,2009,60.0,53.0,31.0,0.8833333333333333,0.5849056603773585,San Lorenzo,Alameda,San Lorenzo Unified,01613090137810,High Schools (Public),False,,,,,,,,,,,,,,,,,,,
SAN LORENZO HIGH SCHOOL,2010,38.0,35.0,23.0,0.9210526315789473,0.6571428571428571,San Lorenzo,Alameda,San Lorenzo Unified,01613090137810,High Schools (Public),False,,,,,,,,,,,,,,,,,,,
SAN LORENZO HIGH SCHOOL,2011,54.0,38.0,27.0,0.7037037037037037,0.7105263157894737,San Lorenzo,Alameda,San Lorenzo Unified,01613090137810,High Schools (Public),False,,,,,,,,,,,,,,,,,,,
SAN LORENZO HIGH SCHOOL,2012,37.0,28.0,19.0,0.7567567567567568,0.6785714285714286,San Lorenzo,Alameda,San Lorenzo Unified,01613090137810,High Schools (Public),False,,,,,,,,,,,,,,,,,,,
SAN LORENZO HIGH SCHOOL,2013,48.0,31.0,23.0,0.6458333333333334,0.7419354838709677,San Lorenzo,Alameda,San Lorenzo Unified,01613090137810,High Schools (Public),False,,,,,,,,,,,,,,,,,,,
SAN LORENZO HIGH SCHOOL,2014,68.0,41.0,26.0,0.6029411764705882,0.6341463414634146,San Lorenzo,Alameda,San Lorenzo Unified,01613090137810,High Schools (Public),False,,,,,,,,,,,,,1469.0,,,,,,
SAN LORENZO HIGH SCHOOL,2015,59.0,27.0,19.0,0.4576271186440678,0.7037037037037037,San Lorenzo,Alameda,San Lorenzo Unified,01613090137810,High Schools (Public),False,,,,,,338.0,70.7,16.0,46.0,166.0,5.0,6.0,1407.0,1073.0,0.7626154939587776,,,,
SAN LORENZO HIGH SCHOOL,2016,46.0,31.0,21.0,0.6739130434782609,0.6774193548387096,San Lorenzo,Alameda,San Lorenzo Unified,01613090137810,High Schools (Public),False,,,,,,266.0,63.9,19.0,31.0,113.0,4.0,3.0,1386.0,1061.0,0.7655122655122655,2561.3,2525.4,41.0,18.0
SAN LORENZO HIGH SCHOOL,2017,57.0,34.0,25.0,0.5964912280701754,0.7352941176470589,San Lorenzo,Alameda,San Lorenzo Unified,01613090137810,High Schools (Public),False,298.0,267.0,89.6,101.0,37.8,279.0,62.4,23.0,25.0,112.0,9.0,5.0,1394.0,1065.0,0.7639885222381636,2556.2,2552.7,43.0,27.0
SAN LORENZO HIGH SCHOOL,2018,59.0,33.0,19.0,0.559322033898305,0.5757575757575758,San Lorenzo,Alameda,San Lorenzo Unified,01613090137810,High Schools (Public),False,309.0,287.0,92.9,124.0,43.2,292.0,61.3,18.0,32.0,115.0,8.0,6.0,1412.0,962.0,0.6813031161473088,2518.8,2507.9,25.31,14.98
SAN LORENZO HIGH SCHOOL,2019,61.0,38.0,27.0,0.6229508196721312,0.7105263157894737,San Lorenzo,Alameda,San Lorenzo Unified,01613090137810,High Schools (Public),False,320.0,279.0,87.2,114.0,40.9,286.0,58.4,27.0,27.0,107.0,3.0,3.0,1349.0,884.0,0.6553002223869533,2551.2,2519.1,41.43,16.14
SAN LORENZO HIGH SCHOOL,2020,63.0,47.0,24.0,0.746031746031746,0.5106382978723404,San Lorenzo,Alameda,San Lorenzo Unified,01613090137810,High Schools (Public),False,290.0,261.0,90.0,120.0,46.0,272.0,50.0,23.0,42.0,62.0,2.0,7.0,1334.0,880.0,0.6596701649175413,2566.0,2525.6,47.18,22.22
SAN LORENZO HIGH SCHOOL,2021,58.0,41.0,18.0,0.7068965517241379,0.43902439024390244,San Lorenzo,Alameda,San Lorenzo Unified,01613090137810,High Schools (Public),False,346.0,314.0,90.8,120.0,38.2,314.0,55.1,18.0,43.0,98.0,6.0,8.0,1327.0,804.0,0.6058779201205727,,,,
SAN LORENZO HIGH SCHOOL,2022,54.0,36.0,19.0,0.6666666666666666,0.5277777777777778,San Lorenzo,Alameda,San Lorenzo Unified,01613090137810,High Schools (Public),False,307.0,278.0,90.6,115.0,41.4,286.0,54.2,18.0,27.0,95.0,7.0,8.0,,,,,,,
SAN LORENZO HIGH SCHOOL,2023,49.0,33.0,17.0,0.673469387755102,0.5151515151515151,San Lorenzo,Alameda,San Lorenzo Unified,01613090137810,High Schools (Public),False,345.0,294.0,85.2,93.0,31.6,303.0,52.8,15.0,29.0,112.0,4.0,0.0,1186.0,1053.0,0.887858347386172,2529.7,2484.9,33.46,12.55
SAN LORENZO HIGH SCHOOL,2024,44.0,31.0,16.0,0.7045454545454546,0.5161290322580645,San Lorenzo,Alameda,San Lorenzo Unified,01613090137810,High Schools (Public),False,344.0,270.0,78.5,102.0,37.8,,,,,,,,1136.0,971.0,0.8547535211267606,2529.3,2494.4,36.43,11.86
SAN LORENZO HIGH SCHOOL,2025,44.0,30.0,17.0,0.6818181818181818,0.5666666666666667,San Lorenzo,Alameda,San Lorenzo Unified,01613090137810,High Schools (Public),False,316.0,253.0,80.1,87.0,34.4,,,,,,,,1029.0,839.0,0.815354713313897,2499.4,2476.1,21.46,7.5
SAN MARIN HIGH SCHOOL,2005,49.0,46.0,21.0,0.9387755102040817,0.45652173913043476,Novato,Marin,Novato Unified,21654172133056,High Schools (Public),False,,,,,,,,,,,,,,,,,,,
SAN MARIN HIGH SCHOOL,2006,72.0,69.0,43.0,0.9583333333333334,0.6231884057971014,Novato,Marin,Novato Unified,21654172133056,High Schools (Public),False,,,,,,,,,,,,,,,,,,,
SAN MARIN HIGH SCHOOL,2007,57.0,51.0,31.0,0.8947368421052632,0.6078431372549019,Novato,Marin,Novato Unified,21654172133056,High Schools (Public),False,,,,,,,,,,,,,,,,,,,
SAN MARIN HIGH SCHOOL,2008,69.0,65.0,26.0,0.9420289855072463,0.4,Novato,Marin,Novato Unified,21654172133056,High Schools (Public),False,,,,,,,,,,,,,,,,,,,
SAN MARIN HIGH SCHOOL,2009,68.0,65.0,29.0,0.9558823529411765,0.4461538461538462,Novato,Marin,Novato Unified,21654172133056,High Schools (Public),False,,,,,,,,,,,,,,,,,,,
SAN MARIN HIGH SCHOOL,2010,59.0,54.0,18.0,0.9152542372881356,0.3333333333333333,Novato,Marin,Novato Unified,21654172133056,High Schools (Public),False,,,,,,,,,,,,,,,,,,,
SAN MARIN HIGH SCHOOL,2011,50.0,37.0,20.0,0.74,0.5405405405405406,Novato,Marin,Novato Unified,21654172133056,High Schools (Public),False,,,,,,,,,,,,,,,,,,,
SAN MARIN HIGH SCHOOL,2012,41.0,28.0,12.0,0.6829268292682927,0.42857142857142855,Novato,Marin,Novato Unified,21654172133056,High Schools (Public),False,,,,,,,,,,,,,,,,,,,
SAN MARIN HIGH SCHOOL,2013,60.0,45.0,23.0,0.75,0.5111111111111111,Novato,Marin,Novato Unified,21654172133056,High Schools (Public),False,,,,,,,,,,,,,,,,,,,
SAN MARIN HIGH SCHOOL,2014,50.0,33.0,12.0,0.66,0.36363636363636365,Novato,Marin,Novato Unified,21654172133056,High Schools (Public),False,,,,,,,,,,,,,932.0,,,,,,
SAN MARIN HIGH SCHOOL,2015,51.0,35.0,24.0,0.6862745098039216,0.6857142857142857,Novato,Marin,Novato Unified,21654172133056,High Schools (Public),False,,,,,,215.0,72.1,18.0,35.0,64.0,7.0,31.0,1020.0,223.0,0.2186274509803921,,,,
SAN MARIN HIGH SCHOOL,2016,63.0,43.0,18.0,0.6825396825396826,0.4186046511627907,Novato,Marin,Novato Unified,21654172133056,High Schools (Public),False,,,,,,251.0,76.9,16.0,40.0,89.0,6.0,42.0,1076.0,219.0,0.2035315985130111,2597.7,2568.3,63.0,33.0
SAN MARIN HIGH SCHOOL,2017,68.0,41.0,20.0,0.6029411764705882,0.4878048780487805,Novato,Marin,Novato Unified,21654172133056,High Schools (Public),False,229.0,221.0,96.5,107.0,48.4,224.0,75.9,20.0,31.0,69.0,8.0,42.0,1051.0,183.0,0.1741198858230256,2626.8,2600.4,68.0,42.0
SAN MARIN HIGH SCHOOL,2018,65.0,42.0,21.0,0.6461538461538462,0.5,Novato,Marin,Novato Unified,21654172133056,High Schools (Public),False,264.0,246.0,93.2,129.0,52.4,246.0,82.1,20.0,31.0,99.0,12.0,40.0,1100.0,291.0,0.2645454545454545,2611.6,2588.9,62.89,41.8
SAN MARIN HIGH SCHOOL,2019,85.0,58.0,36.0,0.6823529411764706,0.6206896551724138,Novato,Marin,Novato Unified,21654172133056,High Schools (Public),False,266.0,255.0,95.9,163.0,63.9,256.0,80.1,36.0,44.0,72.0,15.0,38.0,1135.0,272.0,0.239647577092511,2621.4,2610.6,68.48,47.27
SAN MARIN HIGH SCHOOL,2020,81.0,59.0,41.0,0.7283950617283951,0.6949152542372882,Novato,Marin,Novato Unified,21654172133056,High Schools (Public),False,259.0,247.0,95.4,140.0,56.7,249.0,81.9,41.0,38.0,83.0,7.0,35.0,1127.0,297.0,0.2635314995563442,2605.9,2609.1,60.08,44.44
SAN MARIN HIGH SCHOOL,2021,91.0,58.0,29.0,0.6373626373626373,0.5,Novato,Marin,Novato Unified,21654172133056,High Schools (Public),False,260.0,252.0,96.9,187.0,74.2,256.0,81.3,28.0,36.0,79.0,9.0,56.0,1132.0,274.0,0.2420494699646643,,,,
SAN MARIN HIGH SCHOOL,2022,111.0,65.0,28.0,0.5855855855855856,0.4307692307692308,Novato,Marin,Novato Unified,21654172133056,High Schools (Public),False,291.0,275.0,94.5,205.0,74.5,274.0,83.6,28.0,48.0,103.0,14.0,36.0,,,,2609.4,2592.5,63.28,40.74
SAN MARIN HIGH SCHOOL,2023,101.0,65.0,30.0,0.6435643564356436,0.46153846153846156,Novato,Marin,Novato Unified,21654172133056,High Schools (Public),False,248.0,242.0,97.6,151.0,62.4,248.0,85.9,28.0,45.0,91.0,10.0,39.0,1144.0,229.0,0.2001748251748251,2628.4,2602.9,72.22,45.92
SAN MARIN HIGH SCHOOL,2024,92.0,61.0,29.0,0.6630434782608695,0.47540983606557374,Novato,Marin,Novato Unified,21654172133056,High Schools (Public),False,285.0,268.0,94.0,186.0,69.4,,,,,,,,1186.0,280.0,0.236087689713322,2631.4,2594.2,69.92,39.85
SAN MARIN HIGH SCHOOL,2025,116.0,79.0,31.0,0.6810344827586207,0.3924050632911392,Novato,Marin,Novato Unified,21654172133056,High Schools (Public),False,301.0,295.0,98.0,199.0,67.5,,,,,,,,1250.0,446.0,0.3568,2617.7,2581.8,65.58,40.0
SAN MATEO HIGH SCHOOL,2005,94.0,75.0,44.0,0.7978723404255319,0.5866666666666667,San Mateo,San Mateo,San Mateo Union High,41690474136370,High Schools (Public),False,,,,,,,,,,,,,,,,,,,
SAN MATEO HIGH SCHOOL,2006,106.0,101.0,63.0,0.9528301886792453,0.6237623762376238,San Mateo,San Mateo,San Mateo Union High,41690474136370,High Schools (Public),False,,,,,,,,,,,,,,,,,,,
SAN MATEO HIGH SCHOOL,2007,102.0,93.0,55.0,0.9117647058823529,0.5913978494623656,San Mateo,San Mateo,San Mateo Union High,41690474136370,High Schools (Public),False,,,,,,,,,,,,,,,,,,,
SAN MATEO HIGH SCHOOL,2008,97.0,85.0,44.0,0.8762886597938144,0.5176470588235295,San Mateo,San Mateo,San Mateo Union High,41690474136370,High Schools (Public),False,,,,,,,,,,,,,,,,,,,
SAN MATEO HIGH SCHOOL,2009,109.0,95.0,51.0,0.8715596330275229,0.5368421052631579,San Mateo,San Mateo,San Mateo Union High,41690474136370,High Schools (Public),False,,,,,,,,,,,,,,,,,,,
SAN MATEO HIGH SCHOOL,2010,82.0,72.0,43.0,0.8780487804878049,0.5972222222222222,San Mateo,San Mateo,San Mateo Union High,41690474136370,High Schools (Public),False,,,,,,,,,,,,,,,,,,,
SAN MATEO HIGH SCHOOL,2011,81.0,68.0,39.0,0.8395061728395061,0.5735294117647058,San Mateo,San Mateo,San Mateo Union High,41690474136370,High Schools (Public),False,,,,,,,,,,,,,,,,,,,
SAN MATEO HIGH SCHOOL,2012,102.0,72.0,37.0,0.7058823529411765,0.5138888888888888,San Mateo,San Mateo,San Mateo Union High,41690474136370,High Schools (Public),False,,,,,,,,,,,,,,,,,,,
SAN MATEO HIGH SCHOOL,2013,113.0,90.0,42.0,0.7964601769911505,0.4666666666666667,San Mateo,San Mateo,San Mateo Union High,41690474136370,High Schools (Public),False,,,,,,,,,,,,,,,,,,,
SAN MATEO HIGH SCHOOL,2014,114.0,78.0,41.0,0.6842105263157895,0.5256410256410257,San Mateo,San Mateo,San Mateo Union High,41690474136370,High Schools (Public),False,,,,,,,,,,,,,1469.0,,,,,,
SAN MATEO HIGH SCHOOL,2015,127.0,81.0,40.0,0.6377952755905512,0.49382716049382713,San Mateo,San Mateo,San Mateo Union High,41690474136370,High Schools (Public),False,,,,,,333.0,76.3,28.0,23.0,128.0,29.0,46.0,1555.0,509.0,0.3273311897106109,,,,
SAN MATEO HIGH SCHOOL,2016,120.0,88.0,41.0,0.7333333333333333,0.4659090909090909,San Mateo,San Mateo,San Mateo Union High,41690474136370,High Schools (Public),False,,,,,,328.0,80.2,40.0,36.0,122.0,21.0,44.0,1615.0,450.0,0.2786377708978328,2637.8,2621.8,70.0,48.0
SAN MATEO HIGH SCHOOL,2017,133.0,88.0,37.0,0.6616541353383458,0.42045454545454547,San Mateo,San Mateo,San Mateo Union High,41690474136370,High Schools (Public),False,402.0,337.0,83.8,206.0,61.1,347.0,79.3,36.0,46.0,127.0,19.0,47.0,1670.0,478.0,0.2862275449101796,2649.3,2623.6,76.0,53.0
SAN MATEO HIGH SCHOOL,2018,144.0,94.0,42.0,0.6527777777777778,0.44680851063829785,San Mateo,San Mateo,San Mateo Union High,41690474136370,High Schools (Public),False,407.0,368.0,90.4,237.0,64.4,371.0,81.4,42.0,36.0,138.0,19.0,67.0,1665.0,608.0,0.3651651651651652,2611.3,2593.2,64.5,42.26
SAN MATEO HIGH SCHOOL,2019,157.0,98.0,44.0,0.6242038216560509,0.4489795918367347,San Mateo,San Mateo,San Mateo Union High,41690474136370,High Schools (Public),False,394.0,349.0,88.6,238.0,68.2,367.0,78.2,42.0,46.0,137.0,19.0,43.0,1713.0,614.0,0.3584354932866316,2613.9,2606.4,61.08,44.91
SAN MATEO HIGH SCHOOL,2020,161.0,129.0,60.0,0.8012422360248447,0.46511627906976744,San Mateo,San Mateo,San Mateo Union High,41690474136370,High Schools (Public),False,435.0,388.0,89.2,234.0,60.3,398.0,80.2,57.0,43.0,145.0,19.0,55.0,1741.0,612.0,0.3515221137277426,2639.4,2625.9,68.05,50.25
SAN MATEO HIGH SCHOOL,2021,155.0,103.0,61.0,0.6645161290322581,0.5922330097087378,San Mateo,San Mateo,San Mateo Union High,41690474136370,High Schools (Public),False,403.0,356.0,88.3,261.0,73.3,366.0,77.9,58.0,25.0,133.0,10.0,59.0,1671.0,573.0,0.3429084380610412,,,,
SAN MATEO HIGH SCHOOL,2022,205.0,148.0,73.0,0.7219512195121951,0.49324324324324326,San Mateo,San Mateo,San Mateo Union High,41690474136370,High Schools (Public),False,449.0,402.0,89.5,250.0,62.2,416.0,76.9,72.0,29.0,141.0,14.0,64.0,,,,,,,
SAN MATEO HIGH SCHOOL,2023,166.0,129.0,58.0,0.7771084337349398,0.4496124031007752,San Mateo,San Mateo,San Mateo Union High,41690474136370,High Schools (Public),False,414.0,362.0,87.4,203.0,56.1,372.0,79.6,58.0,38.0,122.0,22.0,56.0,1613.0,474.0,0.2938623682579045,2633.3,2611.8,68.35,44.85
SAN MATEO HIGH SCHOOL,2024,182.0,133.0,68.0,0.7307692307692307,0.5112781954887218,San Mateo,San Mateo,San Mateo Union High,41690474136370,High Schools (Public),False,445.0,399.0,89.7,245.0,61.4,,,,,,,,1578.0,445.0,0.2820025348542458,2613.9,2581.0,58.76,38.08
SAN MATEO HIGH SCHOOL,2025,164.0,131.0,51.0,0.7987804878048781,0.3893129770992366,San Mateo,San Mateo,San Mateo Union High,41690474136370,High Schools (Public),False,392.0,358.0,91.3,215.0,60.1,,,,,,,,1557.0,593.0,0.3808606294155427,2619.1,2601.3,66.46,42.86
SAN RAFAEL HIGH SCHOOL,2005,46.0,44.0,18.0,0.9565217391304348,0.4090909090909091,San Rafael,Marin,San Rafael City High,21654662133262,High Schools (Public),False,,,,,,,,,,,,,,,,,,,
SAN RAFAEL HIGH SCHOOL,2006,52.0,49.0,22.0,0.9423076923076923,0.4489795918367347,San Rafael,Marin,San Rafael City High,21654662133262,High Schools (Public),False,,,,,,,,,,,,,,,,,,,
SAN RAFAEL HIGH SCHOOL,2007,56.0,48.0,25.0,0.8571428571428571,0.5208333333333334,San Rafael,Marin,San Rafael City High,21654662133262,High Schools (Public),False,,,,,,,,,,,,,,,,,,,
SAN RAFAEL HIGH SCHOOL,2008,54.0,50.0,27.0,0.9259259259259259,0.54,San Rafael,Marin,San Rafael City High,21654662133262,High Schools (Public),False,,,,,,,,,,,,,,,,,,,
SAN RAFAEL HIGH SCHOOL,2009,45.0,40.0,12.0,0.8888888888888888,0.3,San Rafael,Marin,San Rafael City High,21654662133262,High Schools (Public),False,,,,,,,,,,,,,,,,,,,
SAN RAFAEL HIGH SCHOOL,2010,47.0,41.0,16.0,0.8723404255319149,0.3902439024390244,San Rafael,Marin,San Rafael City High,21654662133262,High Schools (Public),False,,,,,,,,,,,,,,,,,,,
SAN RAFAEL HIGH SCHOOL,2011,50.0,38.0,20.0,0.76,0.5263157894736842,San Rafael,Marin,San Rafael City High,21654662133262,High Schools (Public),False,,,,,,,,,,,,,,,,,,,
SAN RAFAEL HIGH SCHOOL,2012,45.0,29.0,12.0,0.6444444444444445,0.41379310344827586,San Rafael,Marin,San Rafael City High,21654662133262,High Schools (Public),False,,,,,,,,,,,,,,,,,,,
SAN RAFAEL HIGH SCHOOL,2013,50.0,33.0,17.0,0.66,0.5151515151515151,San Rafael,Marin,San Rafael City High,21654662133262,High Schools (Public),False,,,,,,,,,,,,,,,,,,,
SAN RAFAEL HIGH SCHOOL,2014,64.0,44.0,19.0,0.6875,0.4318181818181818,San Rafael,Marin,San Rafael City High,21654662133262,High Schools (Public),False,,,,,,,,,,,,,1100.0,,,,,,
SAN RAFAEL HIGH SCHOOL,2015,70.0,50.0,25.0,0.7142857142857143,0.5,San Rafael,Marin,San Rafael City High,21654662133262,High Schools (Public),False,,,,,,207.0,70.5,19.0,31.0,68.0,7.0,21.0,1210.0,649.0,0.5363636363636364,,,,
SAN RAFAEL HIGH SCHOOL,2016,69.0,45.0,18.0,0.6521739130434783,0.4,San Rafael,Marin,San Rafael City High,21654662133262,High Schools (Public),False,,,,,,254.0,69.3,17.0,43.0,79.0,8.0,29.0,1228.0,690.0,0.5618892508143323,2593.1,2564.4,58.0,33.0
SAN RAFAEL HIGH SCHOOL,2017,61.0,32.0,17.0,0.5245901639344263,0.53125,San Rafael,Marin,San Rafael City High,21654662133262,High Schools (Public),False,298.0,237.0,79.5,125.0,52.7,242.0,78.1,16.0,41.0,103.0,6.0,23.0,1294.0,755.0,0.5834621329211747,2585.2,2574.8,52.0,36.0
SAN RAFAEL HIGH SCHOOL,2018,79.0,43.0,22.0,0.5443037974683544,0.5116279069767442,San Rafael,Marin,San Rafael City High,21654662133262,High Schools (Public),False,305.0,244.0,80.0,154.0,63.1,250.0,84.4,22.0,48.0,95.0,16.0,30.0,1333.0,844.0,0.6331582895723931,2593.4,2572.1,57.71,33.45
SAN RAFAEL HIGH SCHOOL,2019,89.0,49.0,26.0,0.550561797752809,0.5306122448979592,San Rafael,Marin,San Rafael City High,21654662133262,High Schools (Public),False,332.0,258.0,77.7,146.0,56.6,265.0,77.4,23.0,41.0,91.0,12.0,38.0,1333.0,829.0,0.6219054763690923,2567.5,2564.0,49.83,33.11
SAN RAFAEL HIGH SCHOOL,2020,75.0,59.0,25.0,0.7866666666666666,0.423728813559322,San Rafael,Marin,San Rafael City High,21654662133262,High Schools (Public),False,412.0,278.0,67.5,140.0,50.4,286.0,73.4,26.0,44.0,106.0,9.0,25.0,1379.0,837.0,0.6069615663524293,2543.6,2544.2,45.82,28.67
SAN RAFAEL HIGH SCHOOL,2021,92.0,60.0,32.0,0.6521739130434783,0.5333333333333333,San Rafael,Marin,San Rafael City High,21654662133262,High Schools (Public),False,340.0,270.0,79.4,156.0,57.8,280.0,80.7,30.0,45.0,117.0,12.0,22.0,1298.0,772.0,0.5947611710323575,,,,
SAN RAFAEL HIGH SCHOOL,2022,107.0,74.0,28.0,0.6915887850467289,0.3783783783783784,San Rafael,Marin,San Rafael City High,21654662133262,High Schools (Public),False,335.0,296.0,88.4,175.0,59.1,300.0,75.7,28.0,54.0,108.0,17.0,20.0,,,,2594.7,2591.2,58.1,40.24
SAN RAFAEL HIGH SCHOOL,2023,89.0,66.0,28.0,0.7415730337078652,0.42424242424242425,San Rafael,Marin,San Rafael City High,21654662133262,High Schools (Public),False,341.0,281.0,82.4,166.0,59.1,283.0,80.9,29.0,47.0,113.0,17.0,23.0,1265.0,871.0,0.6885375494071146,2565.5,2531.0,46.49,22.74
SAN RAFAEL HIGH SCHOOL,2024,90.0,70.0,36.0,0.7777777777777778,0.5142857142857142,San Rafael,Marin,San Rafael City High,21654662133262,High Schools (Public),False,345.0,271.0,78.6,154.0,56.8,,,,,,,,1302.0,915.0,0.7027649769585254,2528.6,2506.5,38.96,19.61
SAN RAFAEL HIGH SCHOOL,2025,81.0,65.0,32.0,0.8024691358024691,0.49230769230769234,San Rafael,Marin,San Rafael City High,21654662133262,High Schools (Public),False,312.0,247.0,79.2,135.0,54.7,,,,,,,,1332.0,962.0,0.7222222222222222,2577.5,2542.5,55.6,26.05
SAN RAMON VALLEY HIGH SCHOOL,2005,139.0,130.0,66.0,0.935251798561151,0.5076923076923077,Danville,Contra Costa,San Ramon Valley Unified,07618040736504,High Schools (Public),False,,,,,,,,,,,,,,,,,,,
SAN RAMON VALLEY HIGH SCHOOL,2006,188.0,180.0,101.0,0.9574468085106383,0.5611111111111111,Danville,Contra Costa,San Ramon Valley Unified,07618040736504,High Schools (Public),False,,,,,,,,,,,,,,,,,,,
SAN RAMON VALLEY HIGH SCHOOL,2007,177.0,159.0,77.0,0.8983050847457628,0.48427672955974843,Danville,Contra Costa,San Ramon Valley Unified,07618040736504,High Schools (Public),False,,,,,,,,,,,,,,,,,,,
SAN RAMON VALLEY HIGH SCHOOL,2008,179.0,172.0,72.0,0.9608938547486033,0.4186046511627907,Danville,Contra Costa,San Ramon Valley Unified,07618040736504,High Schools (Public),False,,,,,,,,,,,,,,,,,,,
SAN RAMON VALLEY HIGH SCHOOL,2009,163.0,149.0,80.0,0.9141104294478528,0.5369127516778524,Danville,Contra Costa,San Ramon Valley Unified,07618040736504,High Schools (Public),False,,,,,,,,,,,,,,,,,,,
SAN RAMON VALLEY HIGH SCHOOL,2010,206.0,194.0,86.0,0.941747572815534,0.44329896907216493,Danville,Contra Costa,San Ramon Valley Unified,07618040736504,High Schools (Public),False,,,,,,,,,,,,,,,,,,,
SAN RAMON VALLEY HIGH SCHOOL,2011,195.0,148.0,77.0,0.7589743589743589,0.5202702702702703,Danville,Contra Costa,San Ramon Valley Unified,07618040736504,High Schools (Public),False,,,,,,,,,,,,,,,,,,,
SAN RAMON VALLEY HIGH SCHOOL,2012,179.0,110.0,57.0,0.6145251396648045,0.5181818181818182,Danville,Contra Costa,San Ramon Valley Unified,07618040736504,High Schools (Public),False,,,,,,,,,,,,,,,,,,,
SAN RAMON VALLEY HIGH SCHOOL,2013,176.0,111.0,61.0,0.6306818181818182,0.5495495495495496,Danville,Contra Costa,San Ramon Valley Unified,07618040736504,High Schools (Public),False,,,,,,,,,,,,,,,,,,,
SAN RAMON VALLEY HIGH SCHOOL,2014,176.0,110.0,58.0,0.625,0.5272727272727272,Danville,Contra Costa,San Ramon Valley Unified,07618040736504,High Schools (Public),False,,,,,,,,,,,,,2204.0,,,,,,
SAN RAMON VALLEY HIGH SCHOOL,2015,210.0,122.0,47.0,0.580952380952381,0.38524590163934425,Danville,Contra Costa,San Ramon Valley Unified,07618040736504,High Schools (Public),False,,,,,,552.0,86.8,38.0,83.0,109.0,60.0,189.0,2182.0,40.0,0.0183318056828597,,,,
SAN RAMON VALLEY HIGH SCHOOL,2016,179.0,109.0,50.0,0.6089385474860335,0.45871559633027525,Danville,Contra Costa,San Ramon Valley Unified,07618040736504,High Schools (Public),False,,,,,,495.0,92.9,50.0,97.0,99.0,35.0,179.0,2103.0,41.0,0.0194959581550166,2632.6,2657.4,72.0,66.0
SAN RAMON VALLEY HIGH SCHOOL,2017,191.0,107.0,62.0,0.5602094240837696,0.5794392523364486,Danville,Contra Costa,San Ramon Valley Unified,07618040736504,High Schools (Public),False,498.0,493.0,99.0,398.0,80.7,495.0,89.5,58.0,76.0,80.0,38.0,191.0,2061.0,41.0,0.0198932557011159,2660.9,2680.2,78.0,72.0
SAN RAMON VALLEY HIGH SCHOOL,2018,196.0,100.0,47.0,0.5102040816326531,0.47,Danville,Contra Costa,San Ramon Valley Unified,07618040736504,High Schools (Public),False,516.0,499.0,96.7,381.0,76.4,503.0,89.3,48.0,71.0,101.0,46.0,183.0,2077.0,97.0,0.0467019740009629,2622.1,2603.0,68.82,45.69
SAN RAMON VALLEY HIGH SCHOOL,2019,167.0,96.0,41.0,0.5748502994011976,0.4270833333333333,Danville,Contra Costa,San Ramon Valley Unified,07618040736504,High Schools (Public),False,499.0,486.0,97.4,369.0,75.9,489.0,89.0,41.0,84.0,111.0,44.0,155.0,2094.0,84.0,0.0401146131805157,2663.1,2646.9,81.53,56.22
SAN RAMON VALLEY HIGH SCHOOL,2020,190.0,122.0,60.0,0.6421052631578947,0.4918032786885246,Danville,Contra Costa,San Ramon Valley Unified,07618040736504,High Schools (Public),False,517.0,504.0,97.5,396.0,78.6,506.0,88.9,57.0,83.0,117.0,42.0,151.0,2062.0,74.0,0.0358874878758486,2655.2,2664.5,80.18,70.89
SAN RAMON VALLEY HIGH SCHOOL,2021,194.0,101.0,41.0,0.520618556701031,0.40594059405940597,Danville,Contra Costa,San Ramon Valley Unified,07618040736504,High Schools (Public),False,504.0,491.0,97.4,366.0,74.5,495.0,88.9,39.0,70.0,109.0,37.0,185.0,2112.0,85.0,0.0402462121212121,,,,
SAN RAMON VALLEY HIGH SCHOOL,2022,206.0,108.0,45.0,0.5242718446601942,0.4166666666666667,Danville,Contra Costa,San Ramon Valley Unified,07618040736504,High Schools (Public),False,522.0,513.0,98.3,370.0,72.1,516.0,89.0,44.0,67.0,125.0,34.0,189.0,,,,,,,
SAN RAMON VALLEY HIGH SCHOOL,2023,181.0,100.0,45.0,0.5524861878453039,0.45,Danville,Contra Costa,San Ramon Valley Unified,07618040736504,High Schools (Public),False,450.0,435.0,96.7,296.0,68.0,443.0,88.3,43.0,67.0,109.0,22.0,150.0,1981.0,107.0,0.0540131246845027,2676.9,2657.9,84.39,59.06
SAN RAMON VALLEY HIGH SCHOOL,2024,225.0,135.0,63.0,0.6,0.4666666666666667,Danville,Contra Costa,San Ramon Valley Unified,07618040736504,High Schools (Public),False,526.0,506.0,96.2,355.0,70.2,,,,,,,,2024.0,111.0,0.0548418972332015,2620.6,2597.1,68.78,42.86
SAN RAMON VALLEY HIGH SCHOOL,2025,188.0,113.0,54.0,0.601063829787234,0.4778761061946903,Danville,Contra Costa,San Ramon Valley Unified,07618040736504,High Schools (Public),False,457.0,439.0,96.1,307.0,69.9,,,,,,,,2036.0,116.0,0.0569744597249508,2655.1,2614.3,78.47,46.03
SANTA CLARA HIGH SCHOOL,2005,56.0,50.0,28.0,0.8928571428571429,0.56,Santa Clara,Santa Clara,Santa Clara Unified,43696744330122,High Schools (Public),False,,,,,,,,,,,,,,,,,,,
SANTA CLARA HIGH SCHOOL,2006,79.0,71.0,40.0,0.8987341772151899,0.5633802816901409,Santa Clara,Santa Clara,Santa Clara Unified,43696744330122,High Schools (Public),False,,,,,,,,,,,,,,,,,,,
SANTA CLARA HIGH SCHOOL,2007,57.0,52.0,29.0,0.9122807017543859,0.5576923076923077,Santa Clara,Santa Clara,Santa Clara Unified,43696744330122,High Schools (Public),False,,,,,,,,,,,,,,,,,,,
SANTA CLARA HIGH SCHOOL,2008,57.0,46.0,22.0,0.8070175438596491,0.4782608695652174,Santa Clara,Santa Clara,Santa Clara Unified,43696744330122,High Schools (Public),False,,,,,,,,,,,,,,,,,,,
SANTA CLARA HIGH SCHOOL,2009,85.0,72.0,26.0,0.8470588235294118,0.3611111111111111,Santa Clara,Santa Clara,Santa Clara Unified,43696744330122,High Schools (Public),False,,,,,,,,,,,,,,,,,,,
SANTA CLARA HIGH SCHOOL,2010,62.0,47.0,23.0,0.7580645161290323,0.48936170212765956,Santa Clara,Santa Clara,Santa Clara Unified,43696744330122,High Schools (Public),False,,,,,,,,,,,,,,,,,,,
SANTA CLARA HIGH SCHOOL,2011,79.0,61.0,31.0,0.7721518987341772,0.5081967213114754,Santa Clara,Santa Clara,Santa Clara Unified,43696744330122,High Schools (Public),False,,,,,,,,,,,,,,,,,,,
SANTA CLARA HIGH SCHOOL,2012,92.0,60.0,40.0,0.6521739130434783,0.6666666666666666,Santa Clara,Santa Clara,Santa Clara Unified,43696744330122,High Schools (Public),False,,,,,,,,,,,,,,,,,,,
SANTA CLARA HIGH SCHOOL,2013,83.0,56.0,32.0,0.6746987951807228,0.5714285714285714,Santa Clara,Santa Clara,Santa Clara Unified,43696744330122,High Schools (Public),False,,,,,,,,,,,,,,,,,,,
SANTA CLARA HIGH SCHOOL,2014,93.0,56.0,27.0,0.6021505376344086,0.48214285714285715,Santa Clara,Santa Clara,Santa Clara Unified,43696744330122,High Schools (Public),False,,,,,,,,,,,,,1830.0,,,,,,
SANTA CLARA HIGH SCHOOL,2015,102.0,54.0,27.0,0.5294117647058824,0.5,Santa Clara,Santa Clara,Santa Clara Unified,43696744330122,High Schools (Public),False,,,,,,407.0,66.3,25.0,62.0,140.0,16.0,27.0,1911.0,764.0,0.3997906855049712,,,,
SANTA CLARA HIGH SCHOOL,2016,120.0,75.0,37.0,0.625,0.49333333333333335,Santa Clara,Santa Clara,Santa Clara Unified,43696744330122,High Schools (Public),False,,,,,,426.0,73.2,37.0,58.0,177.0,13.0,27.0,1971.0,817.0,0.4145104008117706,2553.9,2570.5,43.0,32.0
SANTA CLARA HIGH SCHOOL,2017,124.0,73.0,41.0,0.5887096774193549,0.5616438356164384,Santa Clara,Santa Clara,Santa Clara Unified,43696744330122,High Schools (Public),False,447.0,407.0,91.1,174.0,42.8,417.0,73.9,39.0,56.0,163.0,15.0,35.0,2035.0,769.0,0.3778869778869779,2630.9,2608.3,73.0,43.0
SANTA CLARA HIGH SCHOOL,2018,131.0,65.0,35.0,0.4961832061068702,0.5384615384615384,Santa Clara,Santa Clara,Santa Clara Unified,43696744330122,High Schools (Public),False,475.0,436.0,91.8,225.0,51.6,450.0,82.7,34.0,68.0,207.0,22.0,41.0,2033.0,906.0,0.4456468273487457,2633.0,2596.9,72.78,42.68
SANTA CLARA HIGH SCHOOL,2019,114.0,72.0,40.0,0.631578947368421,0.5555555555555556,Santa Clara,Santa Clara,Santa Clara Unified,43696744330122,High Schools (Public),False,434.0,399.0,91.9,178.0,44.6,404.0,81.2,38.0,53.0,190.0,10.0,37.0,1967.0,785.0,0.3990849008642603,2609.3,2586.9,59.45,34.0
SANTA CLARA HIGH SCHOOL,2020,135.0,96.0,57.0,0.7111111111111111,0.59375,Santa Clara,Santa Clara,Santa Clara Unified,43696744330122,High Schools (Public),False,462.0,420.0,90.9,231.0,55.0,426.0,81.5,56.0,54.0,203.0,11.0,23.0,2034.0,780.0,0.3834808259587021,2634.7,2601.9,69.95,40.69
SANTA CLARA HIGH SCHOOL,2021,191.0,130.0,62.0,0.680628272251309,0.47692307692307695,Santa Clara,Santa Clara,Santa Clara Unified,43696744330122,High Schools (Public),False,481.0,459.0,95.4,268.0,58.4,464.0,78.9,59.0,75.0,176.0,19.0,37.0,2030.0,861.0,0.4241379310344828,,,,
SANTA CLARA HIGH SCHOOL,2022,151.0,98.0,47.0,0.6490066225165563,0.47959183673469385,Santa Clara,Santa Clara,Santa Clara Unified,43696744330122,High Schools (Public),False,460.0,427.0,92.8,252.0,59.0,435.0,80.0,45.0,69.0,189.0,13.0,32.0,,,,2632.3,2634.8,66.37,52.62
SANTA CLARA HIGH SCHOOL,2023,156.0,109.0,50.0,0.6987179487179487,0.45871559633027525,Santa Clara,Santa Clara,Santa Clara Unified,43696744330122,High Schools (Public),False,443.0,409.0,92.3,229.0,56.0,415.0,85.3,47.0,70.0,196.0,12.0,29.0,1849.0,784.0,0.4240129799891833,2633.8,2602.6,68.45,40.98
SANTA CLARA HIGH SCHOOL,2024,153.0,112.0,50.0,0.7320261437908496,0.44642857142857145,Santa Clara,Santa Clara,Santa Clara Unified,43696744330122,High Schools (Public),False,459.0,418.0,91.1,234.0,56.0,,,,,,,,1732.0,455.0,0.2627020785219399,2647.5,2615.8,74.47,46.3
SANTA CLARA HIGH SCHOOL,2025,157.0,129.0,65.0,0.821656050955414,0.5038759689922481,Santa Clara,Santa Clara,Santa Clara Unified,43696744330122,High Schools (Public),False,485.0,459.0,94.6,250.0,54.5,,,,,,,,1663.0,393.0,0.2363199037883343,2652.4,2609.8,72.65,45.1
SANTA ROSA HIGH SCHOOL,2005,68.0,61.0,26.0,0.8970588235294118,0.4262295081967213,Santa Rosa,Sonoma,Santa Rosa High,49709204936803,High Schools (Public),False,,,,,,,,,,,,,,,,,,,
SANTA ROSA HIGH SCHOOL,2006,83.0,76.0,37.0,0.9156626506024096,0.4868421052631579,Santa Rosa,Sonoma,Santa Rosa High,49709204936803,High Schools (Public),False,,,,,,,,,,,,,,,,,,,
SANTA ROSA HIGH SCHOOL,2007,91.0,83.0,40.0,0.9120879120879121,0.4819277108433735,Santa Rosa,Sonoma,Santa Rosa High,49709204936803,High Schools (Public),False,,,,,,,,,,,,,,,,,,,
SANTA ROSA HIGH SCHOOL,2008,82.0,71.0,37.0,0.8658536585365854,0.5211267605633803,Santa Rosa,Sonoma,Santa Rosa High,49709204936803,High Schools (Public),False,,,,,,,,,,,,,,,,,,,
SANTA ROSA HIGH SCHOOL,2009,72.0,63.0,24.0,0.875,0.38095238095238093,Santa Rosa,Sonoma,Santa Rosa High,49709204936803,High Schools (Public),False,,,,,,,,,,,,,,,,,,,
SANTA ROSA HIGH SCHOOL,2010,73.0,64.0,24.0,0.8767123287671232,0.375,Santa Rosa,Sonoma,Santa Rosa High,49709204936803,High Schools (Public),False,,,,,,,,,,,,,,,,,,,
SANTA ROSA HIGH SCHOOL,2011,62.0,40.0,22.0,0.6451612903225806,0.55,Santa Rosa,Sonoma,Santa Rosa High,49709204936803,High Schools (Public),False,,,,,,,,,,,,,,,,,,,
SANTA ROSA HIGH SCHOOL,2012,95.0,63.0,34.0,0.6631578947368421,0.5396825396825397,Santa Rosa,Sonoma,Santa Rosa High,49709204936803,High Schools (Public),False,,,,,,,,,,,,,,,,,,,
SANTA ROSA HIGH SCHOOL,2013,58.0,36.0,21.0,0.6206896551724138,0.5833333333333334,Santa Rosa,Sonoma,Santa Rosa High,49709204936803,High Schools (Public),False,,,,,,,,,,,,,,,,,,,
SANTA ROSA HIGH SCHOOL,2014,60.0,35.0,21.0,0.5833333333333334,0.6,Santa Rosa,Sonoma,Santa Rosa High,49709204936803,High Schools (Public),False,,,,,,,,,,,,,1983.0,,,,,,
SANTA ROSA HIGH SCHOOL,2015,69.0,38.0,25.0,0.5507246376811594,0.6578947368421053,Santa Rosa,Sonoma,Santa Rosa High,49709204936803,High Schools (Public),False,,,,,,431.0,72.2,24.0,22.0,222.0,9.0,34.0,2005.0,778.0,0.3880299251870324,,,,
SANTA ROSA HIGH SCHOOL,2016,73.0,49.0,16.0,0.6712328767123288,0.32653061224489793,Santa Rosa,Sonoma,Santa Rosa High,49709204936803,High Schools (Public),False,,,,,,433.0,73.2,17.0,30.0,222.0,3.0,45.0,1988.0,611.0,0.3073440643863179,2609.2,2564.5,65.0,31.0
SANTA ROSA HIGH SCHOOL,2017,60.0,41.0,19.0,0.6833333333333333,0.4634146341463415,Santa Rosa,Sonoma,Santa Rosa High,49709204936803,High Schools (Public),False,450.0,404.0,89.8,127.0,31.4,422.0,66.4,18.0,27.0,196.0,7.0,32.0,2022.0,673.0,0.3328387734915924,2612.4,2584.4,65.0,38.0
SANTA ROSA HIGH SCHOOL,2018,55.0,31.0,19.0,0.5636363636363636,0.6129032258064516,Santa Rosa,Sonoma,Santa Rosa High,49709204936803,High Schools (Public),False,473.0,418.0,88.4,159.0,38.0,426.0,71.8,19.0,10.0,241.0,8.0,28.0,1991.0,799.0,0.401305876443998,2587.8,2557.5,54.42,30.11
SANTA ROSA HIGH SCHOOL,2019,76.0,50.0,26.0,0.6578947368421053,0.52,Santa Rosa,Sonoma,Santa Rosa High,49709204936803,High Schools (Public),False,473.0,392.0,82.9,129.0,32.9,413.0,72.4,25.0,36.0,195.0,11.0,32.0,1948.0,727.0,0.3732032854209445,,,,
SANTA ROSA HIGH SCHOOL,2020,74.0,50.0,24.0,0.6756756756756757,0.48,Santa Rosa,Sonoma,Santa Rosa High,49709204936803,High Schools (Public),False,469.0,402.0,85.7,136.0,33.8,408.0,71.3,22.0,30.0,211.0,2.0,26.0,1911.0,590.0,0.3087388801674516,2612.8,2557.4,61.98,32.37
SANTA ROSA HIGH SCHOOL,2021,65.0,43.0,25.0,0.6615384615384615,0.5813953488372093,Santa Rosa,Sonoma,Santa Rosa High,49709204936803,High Schools (Public),False,407.0,329.0,80.8,2.0,0.6,342.0,64.6,22.0,12.0,146.0,5.0,36.0,1872.0,716.0,0.3824786324786324,,,,
SANTA ROSA HIGH SCHOOL,2022,80.0,43.0,18.0,0.5375,0.4186046511627907,Santa Rosa,Sonoma,Santa Rosa High,49709204936803,High Schools (Public),False,480.0,425.0,88.5,112.0,26.4,427.0,71.9,17.0,35.0,223.0,5.0,27.0,,,,,,,
SANTA ROSA HIGH SCHOOL,2023,68.0,42.0,19.0,0.6176470588235294,0.4523809523809524,Santa Rosa,Sonoma,Santa Rosa High,49709204936803,High Schools (Public),False,390.0,335.0,85.9,119.0,35.5,342.0,73.1,18.0,31.0,181.0,4.0,16.0,1682.0,651.0,0.3870392390011891,2585.1,2530.2,50.96,22.42
SANTA ROSA HIGH SCHOOL,2024,52.0,35.0,19.0,0.6730769230769231,0.5428571428571428,Santa Rosa,Sonoma,Santa Rosa High,49709204936803,High Schools (Public),False,403.0,359.0,89.1,140.0,39.0,,,,,,,,1636.0,617.0,0.3771393643031784,2574.5,2546.4,49.85,27.95
SANTA ROSA HIGH SCHOOL,2025,53.0,39.0,21.0,0.7358490566037735,0.5384615384615384,Santa Rosa,Sonoma,Santa Rosa High,49709204936803,High Schools (Public),False,352.0,325.0,92.3,139.0,42.8,,,,,,,,1553.0,906.0,0.583386992916935,2587.7,2542.8,55.59,24.14
SANTA TERESA HIGH SCHOOL,2005,69.0,63.0,30.0,0.9130434782608695,0.47619047619047616,San Jose,Santa Clara,East Side Union High,43694274330023,High Schools (Public),False,,,,,,,,,,,,,,,,,,,
SANTA TERESA HIGH SCHOOL,2006,84.0,72.0,42.0,0.8571428571428571,0.5833333333333334,San Jose,Santa Clara,East Side Union High,43694274330023,High Schools (Public),False,,,,,,,,,,,,,,,,,,,
SANTA TERESA HIGH SCHOOL,2007,85.0,77.0,46.0,0.9058823529411765,0.5974025974025974,San Jose,Santa Clara,East Side Union High,43694274330023,High Schools (Public),False,,,,,,,,,,,,,,,,,,,
SANTA TERESA HIGH SCHOOL,2008,78.0,66.0,38.0,0.8461538461538461,0.5757575757575758,San Jose,Santa Clara,East Side Union High,43694274330023,High Schools (Public),False,,,,,,,,,,,,,,,,,,,
SANTA TERESA HIGH SCHOOL,2009,76.0,57.0,29.0,0.75,0.5087719298245614,San Jose,Santa Clara,East Side Union High,43694274330023,High Schools (Public),False,,,,,,,,,,,,,,,,,,,
SANTA TERESA HIGH SCHOOL,2010,85.0,75.0,37.0,0.8823529411764706,0.49333333333333335,San Jose,Santa Clara,East Side Union High,43694274330023,High Schools (Public),False,,,,,,,,,,,,,,,,,,,
SANTA TERESA HIGH SCHOOL,2011,89.0,63.0,43.0,0.7078651685393258,0.6825396825396826,San Jose,Santa Clara,East Side Union High,43694274330023,High Schools (Public),False,,,,,,,,,,,,,,,,,,,
SANTA TERESA HIGH SCHOOL,2012,88.0,73.0,48.0,0.8295454545454546,0.6575342465753424,San Jose,Santa Clara,East Side Union High,43694274330023,High Schools (Public),False,,,,,,,,,,,,,,,,,,,
SANTA TERESA HIGH SCHOOL,2013,72.0,47.0,31.0,0.6527777777777778,0.6595744680851063,San Jose,Santa Clara,East Side Union High,43694274330023,High Schools (Public),False,,,,,,,,,,,,,,,,,,,
SANTA TERESA HIGH SCHOOL,2014,123.0,76.0,48.0,0.6178861788617886,0.631578947368421,San Jose,Santa Clara,East Side Union High,43694274330023,High Schools (Public),False,,,,,,,,,,,,,2271.0,,,,,,
SANTA TERESA HIGH SCHOOL,2015,122.0,66.0,36.0,0.5409836065573771,0.5454545454545454,San Jose,Santa Clara,East Side Union High,43694274330023,High Schools (Public),False,,,,,,527.0,72.7,36.0,69.0,209.0,23.0,46.0,2306.0,462.0,0.2003469210754553,,,,
SANTA TERESA HIGH SCHOOL,2016,116.0,78.0,49.0,0.6724137931034483,0.6282051282051282,San Jose,Santa Clara,East Side Union High,43694274330023,High Schools (Public),False,,,,,,492.0,74.2,43.0,81.0,196.0,21.0,24.0,2227.0,466.0,0.2092501122586439,2636.8,2626.5,73.0,49.0
SANTA TERESA HIGH SCHOOL,2017,138.0,85.0,61.0,0.6159420289855072,0.7176470588235294,San Jose,Santa Clara,East Side Union High,43694274330023,High Schools (Public),False,525.0,483.0,92.0,264.0,54.7,495.0,78.6,61.0,78.0,208.0,17.0,25.0,2207.0,464.0,0.2102401449932034,2648.3,2630.7,76.0,54.0
SANTA TERESA HIGH SCHOOL,2018,159.0,100.0,63.0,0.6289308176100629,0.63,San Jose,Santa Clara,East Side Union High,43694274330023,High Schools (Public),False,575.0,538.0,93.6,298.0,55.4,540.0,83.3,62.0,100.0,234.0,17.0,37.0,2220.0,521.0,0.2346846846846846,2654.7,2627.3,77.14,50.65
SANTA TERESA HIGH SCHOOL,2019,121.0,68.0,43.0,0.5619834710743802,0.6323529411764706,San Jose,Santa Clara,East Side Union High,43694274330023,High Schools (Public),False,523.0,498.0,95.2,293.0,58.8,506.0,79.2,40.0,83.0,226.0,12.0,40.0,2145.0,460.0,0.2144522144522144,2637.3,2612.2,72.84,44.74
SANTA TERESA HIGH SCHOOL,2020,148.0,111.0,68.0,0.75,0.6126126126126126,San Jose,Santa Clara,East Side Union High,43694274330023,High Schools (Public),False,536.0,499.0,93.1,289.0,57.9,502.0,77.3,66.0,74.0,206.0,15.0,27.0,2180.0,446.0,0.2045871559633027,2639.8,2629.3,72.16,50.93
SANTA TERESA HIGH SCHOOL,2021,134.0,90.0,46.0,0.6716417910447762,0.5111111111111111,San Jose,Santa Clara,East Side Union High,43694274330023,High Schools (Public),False,548.0,485.0,88.5,284.0,58.6,494.0,76.7,41.0,81.0,209.0,17.0,31.0,2177.0,458.0,0.2103812586127698,,,,
SANTA TERESA HIGH SCHOOL,2022,165.0,91.0,54.0,0.5515151515151515,0.5934065934065934,San Jose,Santa Clara,East Side Union High,43694274330023,High Schools (Public),False,524.0,494.0,94.3,309.0,62.6,507.0,80.9,53.0,85.0,226.0,12.0,34.0,,,,2657.9,2667.1,78.12,63.67
SANTA TERESA HIGH SCHOOL,2023,189.0,133.0,73.0,0.7037037037037037,0.5488721804511278,San Jose,Santa Clara,East Side Union High,43694274330023,High Schools (Public),False,548.0,516.0,94.2,301.0,58.3,521.0,81.0,71.0,83.0,218.0,20.0,30.0,2196.0,315.0,0.1434426229508196,2644.0,2619.0,74.03,51.69
SANTA TERESA HIGH SCHOOL,2024,165.0,117.0,58.0,0.7090909090909091,0.49572649572649574,San Jose,Santa Clara,East Side Union High,43694274330023,High Schools (Public),False,520.0,485.0,93.3,299.0,61.6,,,,,,,,2181.0,484.0,0.2219165520403484,2637.6,2612.6,74.06,45.37
SANTA TERESA HIGH SCHOOL,2025,159.0,125.0,51.0,0.7861635220125787,0.408,San Jose,Santa Clara,East Side Union High,43694274330023,High Schools (Public),False,536.0,507.0,94.6,315.0,62.1,,,,,,,,2134.0,595.0,0.2788191190253046,2626.6,2604.6,67.84,43.25
SARATOGA HIGH SCHOOL,2005,209.0,200.0,117.0,0.9569377990430622,0.585,Saratoga,Santa Clara,Los Gatos-Saratoga Union High,43695344337762,High Schools (Public),False,,,,,,,,,,,,,,,,,,,
SARATOGA HIGH SCHOOL,2006,230.0,216.0,121.0,0.9391304347826087,0.5601851851851852,Saratoga,Santa Clara,Los Gatos-Saratoga Union High,43695344337762,High Schools (Public),False,,,,,,,,,,,,,,,,,,,
SARATOGA HIGH SCHOOL,2007,231.0,220.0,134.0,0.9523809523809523,0.6090909090909091,Saratoga,Santa Clara,Los Gatos-Saratoga Union High,43695344337762,High Schools (Public),False,,,,,,,,,,,,,,,,,,,
SARATOGA HIGH SCHOOL,2008,214.0,202.0,107.0,0.9439252336448598,0.5297029702970297,Saratoga,Santa Clara,Los Gatos-Saratoga Union High,43695344337762,High Schools (Public),False,,,,,,,,,,,,,,,,,,,
SARATOGA HIGH SCHOOL,2009,234.0,224.0,120.0,0.9572649572649573,0.5357142857142857,Saratoga,Santa Clara,Los Gatos-Saratoga Union High,43695344337762,High Schools (Public),False,,,,,,,,,,,,,,,,,,,
SARATOGA HIGH SCHOOL,2010,236.0,217.0,104.0,0.9194915254237288,0.4792626728110599,Saratoga,Santa Clara,Los Gatos-Saratoga Union High,43695344337762,High Schools (Public),False,,,,,,,,,,,,,,,,,,,
SARATOGA HIGH SCHOOL,2011,218.0,166.0,74.0,0.7614678899082569,0.4457831325301205,Saratoga,Santa Clara,Los Gatos-Saratoga Union High,43695344337762,High Schools (Public),False,,,,,,,,,,,,,,,,,,,
SARATOGA HIGH SCHOOL,2012,240.0,205.0,95.0,0.8541666666666666,0.4634146341463415,Saratoga,Santa Clara,Los Gatos-Saratoga Union High,43695344337762,High Schools (Public),False,,,,,,,,,,,,,,,,,,,
SARATOGA HIGH SCHOOL,2013,252.0,197.0,71.0,0.7817460317460317,0.3604060913705584,Saratoga,Santa Clara,Los Gatos-Saratoga Union High,43695344337762,High Schools (Public),False,,,,,,,,,,,,,,,,,,,
SARATOGA HIGH SCHOOL,2014,237.0,169.0,61.0,0.7130801687763713,0.3609467455621302,Saratoga,Santa Clara,Los Gatos-Saratoga Union High,43695344337762,High Schools (Public),False,,,,,,,,,,,,,1428.0,,,,,,
SARATOGA HIGH SCHOOL,2015,256.0,198.0,69.0,0.7734375,0.3484848484848485,Saratoga,Santa Clara,Los Gatos-Saratoga Union High,43695344337762,High Schools (Public),False,,,,,,363.0,79.9,45.0,25.0,48.0,42.0,130.0,1378.0,11.0,0.0079825834542815,,,,
SARATOGA HIGH SCHOOL,2016,243.0,197.0,61.0,0.8106995884773662,0.3096446700507614,Saratoga,Santa Clara,Los Gatos-Saratoga Union High,43695344337762,High Schools (Public),False,,,,,,329.0,85.7,58.0,18.0,38.0,40.0,128.0,1324.0,9.0,0.0067975830815709,2716.8,2753.9,95.0,91.0
SARATOGA HIGH SCHOOL,2017,246.0,187.0,40.0,0.7601626016260162,0.21390374331550802,Saratoga,Santa Clara,Los Gatos-Saratoga Union High,43695344337762,High Schools (Public),False,344.0,336.0,97.7,317.0,94.3,337.0,85.8,38.0,37.0,38.0,27.0,149.0,1358.0,9.0,0.0066273932253313,2695.5,2755.6,87.0,90.0
SARATOGA HIGH SCHOOL,2018,242.0,167.0,59.0,0.6900826446280992,0.3532934131736527,Saratoga,Santa Clara,Los Gatos-Saratoga Union High,43695344337762,High Schools (Public),False,330.0,323.0,97.9,279.0,86.4,326.0,93.6,60.0,26.0,55.0,33.0,131.0,1354.0,26.0,0.0192023633677991,2700.7,2725.4,86.05,82.59
SARATOGA HIGH SCHOOL,2019,227.0,156.0,56.0,0.6872246696035242,0.358974358974359,Saratoga,Santa Clara,Los Gatos-Saratoga Union High,43695344337762,High Schools (Public),False,307.0,304.0,99.0,274.0,90.1,308.0,87.3,50.0,13.0,53.0,30.0,123.0,1371.0,26.0,0.0189642596644784,2712.2,2752.7,92.2,88.26
SARATOGA HIGH SCHOOL,2020,262.0,208.0,82.0,0.7938931297709924,0.3942307692307692,Saratoga,Santa Clara,Los Gatos-Saratoga Union High,43695344337762,High Schools (Public),False,366.0,356.0,97.3,297.0,83.4,357.0,90.2,77.0,22.0,49.0,31.0,143.0,1368.0,29.0,0.0211988304093567,2725.9,2760.5,93.71,90.63
SARATOGA HIGH SCHOOL,2021,263.0,175.0,47.0,0.6653992395437263,0.26857142857142857,Saratoga,Santa Clara,Los Gatos-Saratoga Union High,43695344337762,High Schools (Public),False,338.0,328.0,97.0,287.0,87.5,328.0,92.1,45.0,15.0,53.0,36.0,153.0,1289.0,44.0,0.0341349883630721,,,,
SARATOGA HIGH SCHOOL,2022,270.0,204.0,67.0,0.7555555555555555,0.3284313725490196,Saratoga,Santa Clara,Los Gatos-Saratoga Union High,43695344337762,High Schools (Public),False,341.0,331.0,97.1,314.0,94.9,334.0,86.2,58.0,12.0,39.0,28.0,151.0,,,,2737.9,2770.4,96.58,91.1
SARATOGA HIGH SCHOOL,2023,238.0,194.0,63.0,0.8151260504201681,0.3247422680412371,Saratoga,Santa Clara,Los Gatos-Saratoga Union High,43695344337762,High Schools (Public),False,311.0,301.0,96.8,271.0,90.0,301.0,92.4,61.0,15.0,56.0,17.0,129.0,1194.0,127.0,0.1063651591289782,2707.6,2757.2,88.17,88.17
SARATOGA HIGH SCHOOL,2024,228.0,180.0,59.0,0.7894736842105263,0.3277777777777778,Saratoga,Santa Clara,Los Gatos-Saratoga Union High,43695344337762,High Schools (Public),False,294.0,281.0,95.6,252.0,89.7,,,,,,,,1198.0,74.0,0.0617696160267111,2685.3,2750.7,85.6,88.8
SARATOGA HIGH SCHOOL,2025,245.0,205.0,53.0,0.8367346938775511,0.25853658536585367,Saratoga,Santa Clara,Los Gatos-Saratoga Union High,43695344337762,High Schools (Public),False,303.0,291.0,96.0,260.0,89.3,,,,,,,,1161.0,40.0,0.0344530577088716,2696.0,2741.3,88.69,84.1
SEQUOIA HIGH SCHOOL,2005,38.0,32.0,20.0,0.8421052631578947,0.625,Redwood City,San Mateo,Sequoia Union High,41690624136693,High Schools (Public),False,,,,,,,,,,,,,,,,,,,
SEQUOIA HIGH SCHOOL,2006,51.0,45.0,33.0,0.8823529411764706,0.7333333333333333,Redwood City,San Mateo,Sequoia Union High,41690624136693,High Schools (Public),False,,,,,,,,,,,,,,,,,,,
SEQUOIA HIGH SCHOOL,2007,43.0,34.0,20.0,0.7906976744186046,0.5882352941176471,Redwood City,San Mateo,Sequoia Union High,41690624136693,High Schools (Public),False,,,,,,,,,,,,,,,,,,,
SEQUOIA HIGH SCHOOL,2008,73.0,66.0,34.0,0.9041095890410958,0.5151515151515151,Redwood City,San Mateo,Sequoia Union High,41690624136693,High Schools (Public),False,,,,,,,,,,,,,,,,,,,
SEQUOIA HIGH SCHOOL,2009,53.0,43.0,22.0,0.8113207547169812,0.5116279069767442,Redwood City,San Mateo,Sequoia Union High,41690624136693,High Schools (Public),False,,,,,,,,,,,,,,,,,,,
SEQUOIA HIGH SCHOOL,2010,53.0,44.0,17.0,0.8301886792452831,0.38636363636363635,Redwood City,San Mateo,Sequoia Union High,41690624136693,High Schools (Public),False,,,,,,,,,,,,,,,,,,,
SEQUOIA HIGH SCHOOL,2011,57.0,44.0,20.0,0.7719298245614035,0.45454545454545453,Redwood City,San Mateo,Sequoia Union High,41690624136693,High Schools (Public),False,,,,,,,,,,,,,,,,,,,
SEQUOIA HIGH SCHOOL,2012,106.0,74.0,43.0,0.6981132075471698,0.581081081081081,Redwood City,San Mateo,Sequoia Union High,41690624136693,High Schools (Public),False,,,,,,,,,,,,,,,,,,,
SEQUOIA HIGH SCHOOL,2013,158.0,76.0,24.0,0.4810126582278481,0.3157894736842105,Redwood City,San Mateo,Sequoia Union High,41690624136693,High Schools (Public),False,,,,,,,,,,,,,,,,,,,
SEQUOIA HIGH SCHOOL,2014,161.0,100.0,36.0,0.6211180124223602,0.36,Redwood City,San Mateo,Sequoia Union High,41690624136693,High Schools (Public),False,,,,,,,,,,,,,2031.0,,,,,,
SEQUOIA HIGH SCHOOL,2015,171.0,95.0,44.0,0.5555555555555556,0.4631578947368421,Redwood City,San Mateo,Sequoia Union High,41690624136693,High Schools (Public),False,,,,,,412.0,73.5,28.0,46.0,145.0,22.0,62.0,2135.0,890.0,0.4168618266978923,,,,
SEQUOIA HIGH SCHOOL,2016,136.0,102.0,41.0,0.75,0.4019607843137255,Redwood City,San Mateo,Sequoia Union High,41690624136693,High Schools (Public),False,,,,,,403.0,77.4,41.0,50.0,140.0,22.0,59.0,2143.0,893.0,0.4167055529631358,2603.6,2580.5,59.0,38.0
SEQUOIA HIGH SCHOOL,2017,145.0,91.0,31.0,0.6275862068965518,0.34065934065934067,Redwood City,San Mateo,Sequoia Union High,41690624136693,High Schools (Public),False,489.0,408.0,83.4,234.0,57.4,415.0,77.8,31.0,59.0,144.0,20.0,69.0,2182.0,822.0,0.3767186067827681,2598.5,2603.3,55.0,44.0
SEQUOIA HIGH SCHOOL,2018,169.0,106.0,46.0,0.6272189349112426,0.4339622641509434,Redwood City,San Mateo,Sequoia Union High,41690624136693,High Schools (Public),False,493.0,427.0,86.6,268.0,62.8,433.0,77.4,45.0,55.0,128.0,35.0,72.0,2133.0,1051.0,0.4927332395686826,2621.0,2606.7,66.87,44.98
SEQUOIA HIGH SCHOOL,2019,141.0,94.0,43.0,0.6666666666666666,0.4574468085106383,Redwood City,San Mateo,Sequoia Union High,41690624136693,High Schools (Public),False,485.0,409.0,84.3,238.0,58.2,413.0,72.6,42.0,47.0,123.0,22.0,66.0,2067.0,1011.0,0.4891146589259796,2595.8,2584.4,54.7,38.48
SEQUOIA HIGH SCHOOL,2020,160.0,115.0,53.0,0.71875,0.4608695652173913,Redwood City,San Mateo,Sequoia Union High,41690624136693,High Schools (Public),False,486.0,437.0,89.9,256.0,58.6,445.0,71.9,52.0,67.0,141.0,17.0,43.0,2041.0,971.0,0.4757471827535521,2607.0,2612.3,59.68,44.93
SEQUOIA HIGH SCHOOL,2021,157.0,98.0,32.0,0.6242038216560509,0.32653061224489793,Redwood City,San Mateo,Sequoia Union High,41690624136693,High Schools (Public),False,495.0,440.0,88.9,264.0,60.0,445.0,73.5,32.0,70.0,149.0,18.0,58.0,2019.0,834.0,0.413075780089153,,,,
SEQUOIA HIGH SCHOOL,2022,152.0,90.0,40.0,0.5921052631578947,0.4444444444444444,Redwood City,San Mateo,Sequoia Union High,41690624136693,High Schools (Public),False,527.0,465.0,88.2,275.0,59.1,474.0,76.2,39.0,88.0,160.0,11.0,63.0,,,,,,,
SEQUOIA HIGH SCHOOL,2023,185.0,132.0,55.0,0.7135135135135136,0.4166666666666667,Redwood City,San Mateo,Sequoia Union High,41690624136693,High Schools (Public),False,480.0,425.0,88.5,266.0,62.6,427.0,80.8,54.0,66.0,146.0,23.0,56.0,1909.0,688.0,0.3603981141959141,2615.2,2589.8,62.77,39.7
SEQUOIA HIGH SCHOOL,2024,182.0,140.0,56.0,0.7692307692307693,0.4,Redwood City,San Mateo,Sequoia Union High,41690624136693,High Schools (Public),False,508.0,439.0,86.4,273.0,62.2,,,,,,,,1903.0,653.0,0.3431424067262217,2619.4,2571.9,65.03,37.99
SEQUOIA HIGH SCHOOL,2025,157.0,119.0,34.0,0.7579617834394905,0.2857142857142857,Redwood City,San Mateo,Sequoia Union High,41690624136693,High Schools (Public),False,464.0,388.0,83.6,238.0,61.3,,,,,,,,1854.0,728.0,0.3926645091693635,2578.8,2547.3,53.75,28.61
SILICON VALLEY FLEX ACADEMY,2016,5.0,4,,0.8,,Morgan Hill,Santa Clara,,,,,,,,,,,,,,,,,,,,,,,
SILVER CREEK HIGH SCHOOL,2005,116.0,101.0,68.0,0.8706896551724138,0.6732673267326733,San Jose,Santa Clara,East Side Union High,43694274337903,High Schools (Public),False,,,,,,,,,,,,,,,,,,,
SILVER CREEK HIGH SCHOOL,2006,113.0,101.0,63.0,0.8938053097345132,0.6237623762376238,San Jose,Santa Clara,East Side Union High,43694274337903,High Schools (Public),False,,,,,,,,,,,,,,,,,,,
SILVER CREEK HIGH SCHOOL,2007,100.0,85.0,49.0,0.85,0.5764705882352941,San Jose,Santa Clara,East Side Union High,43694274337903,High Schools (Public),False,,,,,,,,,,,,,,,,,,,
SILVER CREEK HIGH SCHOOL,2008,93.0,78.0,40.0,0.8387096774193549,0.5128205128205128,San Jose,Santa Clara,East Side Union High,43694274337903,High Schools (Public),False,,,,,,,,,,,,,,,,,,,
SILVER CREEK HIGH SCHOOL,2009,122.0,113.0,70.0,0.9262295081967213,0.6194690265486725,San Jose,Santa Clara,East Side Union High,43694274337903,High Schools (Public),False,,,,,,,,,,,,,,,,,,,
SILVER CREEK HIGH SCHOOL,2010,105.0,92.0,48.0,0.8761904761904762,0.5217391304347826,San Jose,Santa Clara,East Side Union High,43694274337903,High Schools (Public),False,,,,,,,,,,,,,,,,,,,
SILVER CREEK HIGH SCHOOL,2011,94.0,73.0,49.0,0.776595744680851,0.6712328767123288,San Jose,Santa Clara,East Side Union High,43694274337903,High Schools (Public),False,,,,,,,,,,,,,,,,,,,
SILVER CREEK HIGH SCHOOL,2012,104.0,70.0,41.0,0.6730769230769231,0.5857142857142857,San Jose,Santa Clara,East Side Union High,43694274337903,High Schools (Public),False,,,,,,,,,,,,,,,,,,,
SILVER CREEK HIGH SCHOOL,2013,121.0,71.0,48.0,0.5867768595041323,0.676056338028169,San Jose,Santa Clara,East Side Union High,43694274337903,High Schools (Public),False,,,,,,,,,,,,,,,,,,,
SILVER CREEK HIGH SCHOOL,2014,146.0,89.0,54.0,0.6095890410958904,0.6067415730337079,San Jose,Santa Clara,East Side Union High,43694274337903,High Schools (Public),False,,,,,,,,,,,,,2357.0,,,,,,
SILVER CREEK HIGH SCHOOL,2015,146.0,77.0,43.0,0.5273972602739726,0.5584415584415584,San Jose,Santa Clara,East Side Union High,43694274337903,High Schools (Public),False,,,,,,494.0,80.0,37.0,80.0,251.0,13.0,14.0,2465.0,1035.0,0.4198782961460446,,,,
SILVER CREEK HIGH SCHOOL,2016,143.0,97.0,62.0,0.6783216783216783,0.6391752577319587,San Jose,Santa Clara,East Side Union High,43694274337903,High Schools (Public),False,,,,,,489.0,80.8,56.0,72.0,231.0,12.0,24.0,2458.0,1025.0,0.4170056956875508,2638.7,2632.7,74.0,52.0
SILVER CREEK HIGH SCHOOL,2017,149.0,82.0,48.0,0.5503355704697986,0.5853658536585366,San Jose,Santa Clara,East Side Union High,43694274337903,High Schools (Public),False,566.0,517.0,91.3,278.0,53.8,528.0,79.2,44.0,105.0,240.0,15.0,14.0,2498.0,952.0,0.3811048839071257,2626.9,2622.2,69.0,48.0
SILVER CREEK HIGH SCHOOL,2018,218.0,121.0,57.0,0.555045871559633,0.47107438016528924,San Jose,Santa Clara,East Side Union High,43694274337903,High Schools (Public),False,642.0,586.0,91.3,346.0,59.0,594.0,84.5,55.0,134.0,268.0,19.0,26.0,2537.0,1075.0,0.423728813559322,2643.8,2629.0,74.84,53.53
SILVER CREEK HIGH SCHOOL,2019,196.0,124.0,63.0,0.6326530612244898,0.5080645161290323,San Jose,Santa Clara,East Side Union High,43694274337903,High Schools (Public),False,583.0,546.0,93.7,328.0,60.1,558.0,80.6,60.0,100.0,244.0,26.0,20.0,2435.0,949.0,0.3897330595482546,2651.5,2637.0,75.75,55.81
SILVER CREEK HIGH SCHOOL,2020,144.0,111.0,69.0,0.7708333333333334,0.6216216216216216,San Jose,Santa Clara,East Side Union High,43694274337903,High Schools (Public),False,555.0,527.0,95.0,283.0,53.7,534.0,84.3,66.0,88.0,266.0,16.0,14.0,2428.0,926.0,0.3813838550247116,2645.4,2639.2,75.1,53.71
SILVER CREEK HIGH SCHOOL,2021,218.0,144.0,73.0,0.6605504587155964,0.5069444444444444,San Jose,Santa Clara,East Side Union High,43694274337903,High Schools (Public),False,617.0,570.0,92.4,345.0,60.5,576.0,81.3,71.0,77.0,271.0,22.0,27.0,2497.0,901.0,0.3608329995995194,,,,
SILVER CREEK HIGH SCHOOL,2022,198.0,121.0,61.0,0.6111111111111112,0.5041322314049587,San Jose,Santa Clara,East Side Union High,43694274337903,High Schools (Public),False,625.0,596.0,95.4,358.0,60.1,606.0,78.7,60.0,106.0,251.0,31.0,29.0,,,,2663.1,2659.3,80.43,60.74
SILVER CREEK HIGH SCHOOL,2023,207.0,145.0,78.0,0.7004830917874396,0.5379310344827586,San Jose,Santa Clara,East Side Union High,43694274337903,High Schools (Public),False,555.0,524.0,94.4,323.0,61.6,529.0,85.8,78.0,97.0,246.0,16.0,17.0,2315.0,587.0,0.2535637149028077,2630.3,2612.0,69.25,45.98
SILVER CREEK HIGH SCHOOL,2024,180.0,116.0,54.0,0.6444444444444445,0.46551724137931033,San Jose,Santa Clara,East Side Union High,43694274337903,High Schools (Public),False,594.0,569.0,95.8,324.0,56.9,,,,,,,,2184.0,842.0,0.3855311355311355,2610.1,2591.9,61.63,39.22
SILVER CREEK HIGH SCHOOL,2025,176.0,136.0,61.0,0.7727272727272727,0.4485294117647059,San Jose,Santa Clara,East Side Union High,43694274337903,High Schools (Public),False,538.0,510.0,94.8,334.0,65.5,,,,,,,,2139.0,954.0,0.4460028050490883,2628.9,2615.2,70.92,47.17
SKYLINE HIGH SCHOOL,2005,109.0,90.0,60.0,0.8256880733944955,0.6666666666666666,Oakland,Alameda,Oakland Unified,01612590137943,High Schools (Public),False,,,,,,,,,,,,,,,,,,,
SKYLINE HIGH SCHOOL,2006,106.0,93.0,68.0,0.8773584905660378,0.7311827956989247,Oakland,Alameda,Oakland Unified,01612590137943,High Schools (Public),False,,,,,,,,,,,,,,,,,,,
SKYLINE HIGH SCHOOL,2007,105.0,90.0,59.0,0.8571428571428571,0.6555555555555556,Oakland,Alameda,Oakland Unified,01612590137943,High Schools (Public),False,,,,,,,,,,,,,,,,,,,
SKYLINE HIGH SCHOOL,2008,138.0,117.0,80.0,0.8478260869565217,0.6837606837606838,Oakland,Alameda,Oakland Unified,01612590137943,High Schools (Public),False,,,,,,,,,,,,,,,,,,,
SKYLINE HIGH SCHOOL,2009,125.0,102.0,75.0,0.816,0.7352941176470589,Oakland,Alameda,Oakland Unified,01612590137943,High Schools (Public),False,,,,,,,,,,,,,,,,,,,
SKYLINE HIGH SCHOOL,2010,96.0,72.0,51.0,0.75,0.7083333333333334,Oakland,Alameda,Oakland Unified,01612590137943,High Schools (Public),False,,,,,,,,,,,,,,,,,,,
SKYLINE HIGH SCHOOL,2011,137.0,107.0,82.0,0.781021897810219,0.7663551401869159,Oakland,Alameda,Oakland Unified,01612590137943,High Schools (Public),False,,,,,,,,,,,,,,,,,,,
SKYLINE HIGH SCHOOL,2012,114.0,72.0,49.0,0.631578947368421,0.6805555555555556,Oakland,Alameda,Oakland Unified,01612590137943,High Schools (Public),False,,,,,,,,,,,,,,,,,,,
SKYLINE HIGH SCHOOL,2013,119.0,72.0,40.0,0.6050420168067226,0.5555555555555556,Oakland,Alameda,Oakland Unified,01612590137943,High Schools (Public),False,,,,,,,,,,,,,,,,,,,
SKYLINE HIGH SCHOOL,2014,96.0,56.0,40.0,0.5833333333333334,0.7142857142857143,Oakland,Alameda,Oakland Unified,01612590137943,High Schools (Public),False,,,,,,,,,,,,,1781.0,,,,,,
SKYLINE HIGH SCHOOL,2015,85.0,50.0,39.0,0.5882352941176471,0.78,Oakland,Alameda,Oakland Unified,01612590137943,High Schools (Public),False,,,,,,273.0,72.9,31.0,30.0,116.0,4.0,18.0,1845.0,1438.0,0.7794037940379404,,,,
SKYLINE HIGH SCHOOL,2016,74.0,42.0,31.0,0.5675675675675675,0.7380952380952381,Oakland,Alameda,Oakland Unified,01612590137943,High Schools (Public),False,,,,,,247.0,74.5,30.0,34.0,104.0,7.0,9.0,1854.0,1402.0,0.756202804746494,2563.2,2521.0,46.0,16.0
SKYLINE HIGH SCHOOL,2017,89.0,53.0,44.0,0.5955056179775281,0.8301886792452831,Oakland,Alameda,Oakland Unified,01612590137943,High Schools (Public),False,392.0,305.0,77.8,152.0,49.8,312.0,65.4,39.0,36.0,111.0,5.0,13.0,1843.0,1411.0,0.7655995659251221,2553.1,2518.6,40.0,18.0
SKYLINE HIGH SCHOOL,2018,117.0,61.0,48.0,0.5213675213675214,0.7868852459016393,Oakland,Alameda,Oakland Unified,01612590137943,High Schools (Public),False,389.0,330.0,84.8,116.0,35.2,337.0,70.3,45.0,37.0,124.0,12.0,19.0,1756.0,1302.0,0.7414578587699316,2565.8,2479.0,49.2,13.49
SKYLINE HIGH SCHOOL,2019,125.0,67.0,45.0,0.536,0.6716417910447762,Oakland,Alameda,Oakland Unified,01612590137943,High Schools (Public),False,387.0,338.0,87.3,198.0,58.6,347.0,70.0,45.0,57.0,116.0,4.0,21.0,1592.0,1155.0,0.7255025125628141,2573.0,2549.3,45.49,28.32
SKYLINE HIGH SCHOOL,2020,108.0,65.0,37.0,0.6018518518518519,0.5692307692307692,Oakland,Alameda,Oakland Unified,01612590137943,High Schools (Public),False,318.0,275.0,86.5,159.0,57.8,278.0,58.6,38.0,37.0,63.0,12.0,13.0,1577.0,1097.0,0.6956246036778694,2526.3,2493.9,33.33,14.91
SKYLINE HIGH SCHOOL,2021,102.0,84.0,52.0,0.8235294117647058,0.6190476190476191,Oakland,Alameda,Oakland Unified,01612590137943,High Schools (Public),False,317.0,278.0,87.7,169.0,60.8,282.0,65.6,52.0,34.0,68.0,3.0,28.0,1660.0,1152.0,0.6939759036144578,,,,
SKYLINE HIGH SCHOOL,2022,125.0,79.0,48.0,0.632,0.6075949367088608,Oakland,Alameda,Oakland Unified,01612590137943,High Schools (Public),False,336.0,303.0,90.2,198.0,65.3,309.0,72.8,46.0,43.0,106.0,7.0,23.0,,,,,,,
SKYLINE HIGH SCHOOL,2023,121.0,98.0,50.0,0.8099173553719008,0.5102040816326531,Oakland,Alameda,Oakland Unified,01612590137943,High Schools (Public),False,328.0,279.0,85.1,177.0,63.4,280.0,73.6,46.0,38.0,79.0,8.0,35.0,1590.0,1157.0,0.7276729559748427,2579.6,2530.3,50.44,22.12
SKYLINE HIGH SCHOOL,2024,149.0,120.0,63.0,0.8053691275167785,0.525,Oakland,Alameda,Oakland Unified,01612590137943,High Schools (Public),False,355.0,323.0,91.0,229.0,70.9,,,,,,,,1432.0,1095.0,0.7646648044692738,2533.0,2503.0,38.1,19.69
SKYLINE HIGH SCHOOL,2025,121.0,97.0,52.0,0.8016528925619835,0.5360824742268041,Oakland,Alameda,Oakland Unified,01612590137943,High Schools (Public),False,314.0,272.0,86.6,193.0,71.0,,,,,,,,1250.0,950.0,0.76,2566.2,2540.4,45.06,22.58
SOJOURNER TRUTH INDEPENDENT STUDY,2017,6.0,,,,,Oakland,Alameda,,,,,,,,,,,,,,,,,,,,,,,
SOJOURNER TRUTH INDEPENDENT STUDY,2020,7.0,3,,0.42857142857142855,,Oakland,Alameda,,,,,,,,,,,,,,,,,,,,,,,
SOJOURNER TRUTH INDEPENDENT STUDY,2021,6.0,3,,0.5,,Oakland,Alameda,,,,,,,,,,,,,,,,,,,,,,,
SOJOURNER TRUTH INDEPENDENT STUDY,2022,5.0,4,,0.8,,Oakland,Alameda,,,,,,,,,,,,,,,,,,,,,,,
SOJOURNER TRUTH INDEPENDENT STUDY,2023,9.0,3,,0.3333333333333333,,Oakland,Alameda,,,,,,,,,,,,,,,,,,,,,,,
SOJOURNER TRUTH INDEPENDENT STUDY,2024,6.0,5,,0.8333333333333334,,Oakland,Alameda,,,,,,,,,,,,,,,,,,,,,,,
SOJOURNER TRUTH INDEPENDENT STUDY,2025,6.0,3,,0.5,,Oakland,Alameda,,,,,,,,,,,,,,,,,,,,,,,
SONOMA VALLEY HIGH SCHOOL,2005,61.0,55.0,31.0,0.9016393442622951,0.5636363636363636,Sonoma,Sonoma,Sonoma Valley Unified,49709534937256,High Schools (Public),False,,,,,,,,,,,,,,,,,,,
SONOMA VALLEY HIGH SCHOOL,2006,40.0,37.0,16.0,0.925,0.43243243243243246,Sonoma,Sonoma,Sonoma Valley Unified,49709534937256,High Schools (Public),False,,,,,,,,,,,,,,,,,,,
SONOMA VALLEY HIGH SCHOOL,2007,46.0,44.0,20.0,0.9565217391304348,0.45454545454545453,Sonoma,Sonoma,Sonoma Valley Unified,49709534937256,High Schools (Public),False,,,,,,,,,,,,,,,,,,,
SONOMA VALLEY HIGH SCHOOL,2008,58.0,52.0,18.0,0.896551724137931,0.34615384615384615,Sonoma,Sonoma,Sonoma Valley Unified,49709534937256,High Schools (Public),False,,,,,,,,,,,,,,,,,,,
SONOMA VALLEY HIGH SCHOOL,2009,50.0,45.0,23.0,0.9,0.5111111111111111,Sonoma,Sonoma,Sonoma Valley Unified,49709534937256,High Schools (Public),False,,,,,,,,,,,,,,,,,,,
SONOMA VALLEY HIGH SCHOOL,2010,43.0,35.0,16.0,0.813953488372093,0.45714285714285713,Sonoma,Sonoma,Sonoma Valley Unified,49709534937256,High Schools (Public),False,,,,,,,,,,,,,,,,,,,
SONOMA VALLEY HIGH SCHOOL,2011,35.0,27.0,10.0,0.7714285714285715,0.37037037037037035,Sonoma,Sonoma,Sonoma Valley Unified,49709534937256,High Schools (Public),False,,,,,,,,,,,,,,,,,,,
SONOMA VALLEY HIGH SCHOOL,2012,37.0,26.0,7.0,0.7027027027027027,0.2692307692307692,Sonoma,Sonoma,Sonoma Valley Unified,49709534937256,High Schools (Public),False,,,,,,,,,,,,,,,,,,,
SONOMA VALLEY HIGH SCHOOL,2013,46.0,32.0,15.0,0.6956521739130435,0.46875,Sonoma,Sonoma,Sonoma Valley Unified,49709534937256,High Schools (Public),False,,,,,,,,,,,,,,,,,,,
SONOMA VALLEY HIGH SCHOOL,2014,57.0,35.0,16.0,0.6140350877192983,0.45714285714285713,Sonoma,Sonoma,Sonoma Valley Unified,49709534937256,High Schools (Public),False,,,,,,,,,,,,,1329.0,,,,,,
SONOMA VALLEY HIGH SCHOOL,2015,52.0,39.0,21.0,0.75,0.5384615384615384,Sonoma,Sonoma,Sonoma Valley Unified,49709534937256,High Schools (Public),False,,,,,,269.0,67.3,18.0,38.0,94.0,8.0,23.0,1312.0,652.0,0.4969512195121951,,,,
SONOMA VALLEY HIGH SCHOOL,2016,64.0,42.0,19.0,0.65625,0.4523809523809524,Sonoma,Sonoma,Sonoma Valley Unified,49709534937256,High Schools (Public),False,,,,,,260.0,69.6,17.0,30.0,104.0,7.0,23.0,1296.0,640.0,0.4938271604938271,2595.1,2572.9,57.0,31.0
SONOMA VALLEY HIGH SCHOOL,2017,77.0,40.0,20.0,0.5194805194805194,0.5,Sonoma,Sonoma,Sonoma Valley Unified,49709534937256,High Schools (Public),False,265.0,246.0,92.8,139.0,56.5,264.0,70.1,18.0,43.0,96.0,3.0,25.0,1344.0,705.0,0.5245535714285714,2604.4,2595.5,62.0,46.0
SONOMA VALLEY HIGH SCHOOL,2018,76.0,33.0,23.0,0.4342105263157895,0.696969696969697,Sonoma,Sonoma,Sonoma Valley Unified,49709534937256,High Schools (Public),False,299.0,280.0,93.6,126.0,45.0,280.0,73.9,23.0,32.0,124.0,5.0,23.0,1324.0,725.0,0.547583081570997,2611.7,2575.1,62.78,34.29
SONOMA VALLEY HIGH SCHOOL,2019,65.0,31.0,18.0,0.47692307692307695,0.5806451612903226,Sonoma,Sonoma,Sonoma Valley Unified,49709534937256,High Schools (Public),False,277.0,252.0,91.0,135.0,53.6,252.0,71.4,18.0,26.0,105.0,3.0,28.0,1297.0,708.0,0.5458750963762529,2588.8,2574.8,53.33,36.11
SONOMA VALLEY HIGH SCHOOL,2020,72.0,49.0,19.0,0.6805555555555556,0.3877551020408163,Sonoma,Sonoma,Sonoma Valley Unified,49709534937256,High Schools (Public),False,289.0,282.0,97.6,164.0,58.2,285.0,70.2,18.0,46.0,105.0,4.0,27.0,1264.0,676.0,0.5348101265822784,2596.3,2561.3,57.77,29.73
SONOMA VALLEY HIGH SCHOOL,2021,82.0,47.0,22.0,0.573170731707317,0.46808510638297873,Sonoma,Sonoma,Sonoma Valley Unified,49709534937256,High Schools (Public),False,273.0,256.0,93.8,159.0,62.1,256.0,73.0,23.0,37.0,91.0,10.0,26.0,1203.0,510.0,0.4239401496259352,,,,
SONOMA VALLEY HIGH SCHOOL,2022,92.0,50.0,25.0,0.5434782608695652,0.5,Sonoma,Sonoma,Sonoma Valley Unified,49709534937256,High Schools (Public),False,269.0,253.0,94.1,144.0,56.9,258.0,60.1,25.0,44.0,61.0,5.0,20.0,,,,,,,
SONOMA VALLEY HIGH SCHOOL,2023,71.0,49.0,26.0,0.6901408450704225,0.5306122448979592,Sonoma,Sonoma,Sonoma Valley Unified,49709534937256,High Schools (Public),False,277.0,266.0,96.0,133.0,50.0,267.0,68.9,23.0,34.0,101.0,10.0,16.0,1127.0,465.0,0.4125998225377107,2589.4,2526.3,56.27,19.01
SONOMA VALLEY HIGH SCHOOL,2024,70.0,40.0,19.0,0.5714285714285714,0.475,Sonoma,Sonoma,Sonoma Valley Unified,49709534937256,High Schools (Public),False,287.0,275.0,95.8,130.0,47.3,,,,,,,,1125.0,560.0,0.4977777777777777,2582.9,2515.3,51.56,18.75
SONOMA VALLEY HIGH SCHOOL,2025,59.0,52.0,26.0,0.8813559322033898,0.5,Sonoma,Sonoma,Sonoma Valley Unified,49709534937256,High Schools (Public),False,265.0,246.0,92.8,136.0,55.3,,,,,,,,1071.0,351.0,0.3277310924369748,2601.0,2525.0,60.16,19.76
SOUTH SAN FRANCISCO HS,2005,37.0,33.0,20.0,0.8918918918918919,0.6060606060606061,South San Francisco,San Mateo,South San Francisco Unified,41690704137279,High Schools (Public),False,,,,,,,,,,,,,,,,,,,
SOUTH SAN FRANCISCO HS,2006,41.0,37.0,24.0,0.9024390243902439,0.6486486486486487,South San Francisco,San Mateo,South San Francisco Unified,41690704137279,High Schools (Public),False,,,,,,,,,,,,,,,,,,,
SOUTH SAN FRANCISCO HS,2007,43.0,34.0,21.0,0.7906976744186046,0.6176470588235294,South San Francisco,San Mateo,South San Francisco Unified,41690704137279,High Schools (Public),False,,,,,,,,,,,,,,,,,,,
SOUTH SAN FRANCISCO HS,2008,55.0,47.0,26.0,0.8545454545454545,0.5531914893617021,South San Francisco,San Mateo,South San Francisco Unified,41690704137279,High Schools (Public),False,,,,,,,,,,,,,,,,,,,
SOUTH SAN FRANCISCO HS,2009,48.0,38.0,21.0,0.7916666666666666,0.5526315789473685,South San Francisco,San Mateo,South San Francisco Unified,41690704137279,High Schools (Public),False,,,,,,,,,,,,,,,,,,,
SOUTH SAN FRANCISCO HS,2010,43.0,34.0,13.0,0.7906976744186046,0.38235294117647056,South San Francisco,San Mateo,South San Francisco Unified,41690704137279,High Schools (Public),False,,,,,,,,,,,,,,,,,,,
SOUTH SAN FRANCISCO HS,2011,45.0,31.0,22.0,0.6888888888888889,0.7096774193548387,South San Francisco,San Mateo,South San Francisco Unified,41690704137279,High Schools (Public),False,,,,,,,,,,,,,,,,,,,
SOUTH SAN FRANCISCO HS,2012,61.0,41.0,23.0,0.6721311475409836,0.5609756097560976,South San Francisco,San Mateo,South San Francisco Unified,41690704137279,High Schools (Public),False,,,,,,,,,,,,,,,,,,,
SOUTH SAN FRANCISCO HS,2013,65.0,26.0,16.0,0.4,0.6153846153846154,South San Francisco,San Mateo,South San Francisco Unified,41690704137279,High Schools (Public),False,,,,,,,,,,,,,,,,,,,
SOUTH SAN FRANCISCO HS,2014,62.0,36.0,22.0,0.5806451612903226,0.6111111111111112,South San Francisco,San Mateo,South San Francisco Unified,41690704137279,High Schools (Public),False,,,,,,,,,,,,,1471.0,,,,,,
SOUTH SAN FRANCISCO HS,2015,44.0,20.0,13.0,0.45454545454545453,0.65,South San Francisco,San Mateo,South San Francisco Unified,41690704137279,High Schools (Public),False,,,,,,275.0,76.7,13.0,45.0,125.0,19.0,9.0,1403.0,593.0,0.4226657163221667,,,,
SOUTH SAN FRANCISCO HS,2016,52.0,35.0,18.0,0.6730769230769231,0.5142857142857142,South San Francisco,San Mateo,South San Francisco Unified,41690704137279,High Schools (Public),False,,,,,,255.0,79.2,17.0,32.0,137.0,13.0,3.0,1363.0,589.0,0.4321349963316214,2603.8,2565.5,63.0,30.0
SOUTH SAN FRANCISCO HS,2017,66.0,33.0,26.0,0.5,0.7878787878787878,South San Francisco,San Mateo,South San Francisco Unified,41690704137279,High Schools (Public),False,321.0,275.0,85.7,139.0,50.5,275.0,80.4,23.0,27.0,154.0,12.0,5.0,1366.0,505.0,0.369692532942899,2610.3,2572.2,64.0,34.0
SOUTH SAN FRANCISCO HS,2018,69.0,29.0,18.0,0.42028985507246375,0.6206896551724138,South San Francisco,San Mateo,South San Francisco Unified,41690704137279,High Schools (Public),False,348.0,273.0,78.4,133.0,48.7,289.0,73.7,16.0,21.0,157.0,10.0,9.0,1388.0,634.0,0.4567723342939481,2563.4,2548.6,46.77,23.64
SOUTH SAN FRANCISCO HS,2019,52.0,31.0,14.0,0.5961538461538461,0.45161290322580644,South San Francisco,San Mateo,South San Francisco Unified,41690704137279,High Schools (Public),False,287.0,225.0,78.4,30.0,13.3,228.0,75.4,12.0,18.0,133.0,6.0,3.0,1321.0,581.0,0.4398183194549583,2572.9,2543.3,51.89,27.72
SOUTH SAN FRANCISCO HS,2020,52.0,25.0,16.0,0.4807692307692308,0.64,South San Francisco,San Mateo,South San Francisco Unified,41690704137279,High Schools (Public),False,301.0,248.0,82.4,90.0,36.3,249.0,77.9,17.0,30.0,135.0,4.0,8.0,1294.0,522.0,0.4034003091190108,2573.7,2556.2,53.57,27.15
SOUTH SAN FRANCISCO HS,2021,72.0,48.0,27.0,0.6666666666666666,0.5625,South San Francisco,San Mateo,South San Francisco Unified,41690704137279,High Schools (Public),False,282.0,250.0,88.7,114.0,45.6,253.0,71.1,27.0,30.0,110.0,7.0,6.0,1303.0,491.0,0.3768227168073676,,,,
SOUTH SAN FRANCISCO HS,2022,69.0,32.0,16.0,0.463768115942029,0.5,South San Francisco,San Mateo,South San Francisco Unified,41690704137279,High Schools (Public),False,295.0,267.0,90.5,132.0,49.4,273.0,69.6,14.0,47.0,116.0,3.0,10.0,,,,2619.3,2585.8,64.02,37.38
SOUTH SAN FRANCISCO HS,2023,69.0,34.0,12.0,0.4927536231884058,0.35294117647058826,South San Francisco,San Mateo,South San Francisco Unified,41690704137279,High Schools (Public),False,296.0,260.0,87.8,121.0,46.5,257.0,77.8,10.0,35.0,141.0,8.0,6.0,1280.0,522.0,0.4078125,2614.2,2546.7,65.35,25.79
SOUTH SAN FRANCISCO HS,2024,77.0,41.0,20.0,0.5324675324675324,0.4878048780487805,South San Francisco,San Mateo,South San Francisco Unified,41690704137279,High Schools (Public),False,329.0,310.0,94.2,141.0,45.5,,,,,,,,1287.0,541.0,0.4203574203574203,2595.9,2541.2,58.22,25.08
SOUTH SAN FRANCISCO HS,2025,56.0,36.0,18.0,0.6428571428571429,0.5,South San Francisco,San Mateo,South San Francisco Unified,41690704137279,High Schools (Public),False,310.0,286.0,92.3,117.0,40.9,,,,,,,,1239.0,518.0,0.4180790960451977,2593.0,2542.1,60.59,23.66
SUMMIT PREPARATORY CHARTER HIG,2007,20.0,19.0,7.0,0.95,0.3684210526315789,Redwood City,San Mateo,Sequoia Union High,41690620112722,High Schools (Public),True,,,,,,,,,,,,,,,,,,,
SUMMIT PREPARATORY CHARTER HIG,2008,49.0,42.0,21.0,0.8571428571428571,0.5,Redwood City,San Mateo,Sequoia Union High,41690620112722,High Schools (Public),True,,,,,,,,,,,,,,,,,,,
SUMMIT PREPARATORY CHARTER HIG,2009,39.0,37.0,13.0,0.9487179487179487,0.35135135135135137,Redwood City,San Mateo,Sequoia Union High,41690620112722,High Schools (Public),True,,,,,,,,,,,,,,,,,,,
SUMMIT PREPARATORY CHARTER HIG,2010,42.0,37.0,10.0,0.8809523809523809,0.2702702702702703,Redwood City,San Mateo,Sequoia Union High,41690620112722,High Schools (Public),True,,,,,,,,,,,,,,,,,,,
SUMMIT PREPARATORY CHARTER HIG,2011,51.0,35.0,11.0,0.6862745098039216,0.3142857142857143,Redwood City,San Mateo,Sequoia Union High,41690620112722,High Schools (Public),True,,,,,,,,,,,,,,,,,,,
SUMMIT PREPARATORY CHARTER HIG,2012,40.0,29.0,14.0,0.725,0.4827586206896552,Redwood City,San Mateo,Sequoia Union High,41690620112722,High Schools (Public),True,,,,,,,,,,,,,,,,,,,
SUMMIT PREPARATORY CHARTER HIG,2013,42.0,29.0,8.0,0.6904761904761905,0.27586206896551724,Redwood City,San Mateo,Sequoia Union High,41690620112722,High Schools (Public),True,,,,,,,,,,,,,,,,,,,
SUMMIT PREPARATORY CHARTER HIG,2014,51.0,39.0,20.0,0.7647058823529411,0.5128205128205128,Redwood City,San Mateo,Sequoia Union High,41690620112722,High Schools (Public),True,,,,,,,,,,,,,401.0,,,,,,
SUMMIT PREPARATORY CHARTER HIG,2015,51.0,31.0,13.0,0.6078431372549019,0.41935483870967744,Redwood City,San Mateo,Sequoia Union High,41690620112722,High Schools (Public),True,,,,,,83.0,77.1,11.0,18.0,12.0,7.0,16.0,388.0,183.0,0.4716494845360824,,,,
SUMMIT PREPARATORY CHARTER HIG,2016,46.0,38.0,24.0,0.8260869565217391,0.631578947368421,Redwood City,San Mateo,Sequoia Union High,41690620112722,High Schools (Public),True,,,,,,70.0,91.4,23.0,14.0,14.0,4.0,9.0,412.0,228.0,0.5533980582524272,2672.7,2626.3,82.0,49.0
SUMMIT PREPARATORY CHARTER HIG,2017,60.0,42.0,18.0,0.7,0.42857142857142855,Redwood City,San Mateo,Sequoia Union High,41690620112722,High Schools (Public),True,94.0,89.0,94.7,89.0,100.0,97.0,84.5,17.0,28.0,19.0,10.0,8.0,428.0,210.0,0.4906542056074766,2685.2,2628.6,90.0,47.0
SUMMIT PREPARATORY CHARTER HIG,2018,68.0,36.0,24.0,0.5294117647058824,0.6666666666666666,Redwood City,San Mateo,Sequoia Union High,41690620112722,High Schools (Public),True,101.0,99.0,98.0,95.0,96.0,99.0,84.8,22.0,30.0,15.0,12.0,5.0,417.0,217.0,0.5203836930455635,2675.9,,91.0,
SUMMIT PREPARATORY CHARTER HIG,2019,48.0,37.0,15.0,0.7708333333333334,0.40540540540540543,Redwood City,San Mateo,Sequoia Union High,41690620112722,High Schools (Public),True,98.0,90.0,91.8,85.0,94.4,91.0,79.1,13.0,13.0,24.0,15.0,7.0,454.0,241.0,0.5308370044052864,2651.4,2590.3,78.49,39.78
SUMMIT PREPARATORY CHARTER HIG,2020,45.0,36.0,15.0,0.8,0.4166666666666667,Redwood City,San Mateo,Sequoia Union High,41690620112722,High Schools (Public),True,113.0,107.0,94.7,102.0,95.3,108.0,76.9,15.0,16.0,35.0,6.0,11.0,442.0,248.0,0.5610859728506787,2631.9,2567.1,67.59,32.41
SUMMIT PREPARATORY CHARTER HIG,2021,44.0,35.0,17.0,0.7954545454545454,0.4857142857142857,Redwood City,San Mateo,Sequoia Union High,41690620112722,High Schools (Public),True,107.0,100.0,93.5,97.0,97.0,103.0,75.7,16.0,21.0,27.0,4.0,10.0,436.0,252.0,0.5779816513761468,,,,
SUMMIT PREPARATORY CHARTER HIG,2022,52.0,39.0,15.0,0.75,0.38461538461538464,Redwood City,San Mateo,Sequoia Union High,41690620112722,High Schools (Public),True,106.0,99.0,93.4,98.0,99.0,103.0,75.7,15.0,26.0,26.0,5.0,6.0,,,,,,,
SUMMIT PREPARATORY CHARTER HIG,2023,34.0,23.0,10.0,0.6764705882352942,0.43478260869565216,Redwood City,San Mateo,Sequoia Union High,41690620112722,High Schools (Public),True,96.0,94.0,97.9,94.0,100.0,97.0,70.1,10.0,21.0,30.0,4.0,3.0,389.0,234.0,0.6015424164524421,2560.1,2496.9,41.41,12.12
SUMMIT PREPARATORY CHARTER HIG,2024,49.0,39.0,23.0,0.7959183673469388,0.5897435897435898,Redwood City,San Mateo,Sequoia Union High,41690620112722,High Schools (Public),True,110.0,103.0,93.6,103.0,100.0,,,,,,,,379.0,209.0,0.5514511873350924,2549.9,2524.0,46.32,16.84
SUMMIT PREPARATORY CHARTER HIG,2025,42.0,34.0,14.0,0.8095238095238095,0.4117647058823529,Redwood City,San Mateo,Sequoia Union High,41690620112722,High Schools (Public),True,101.0,95.0,94.1,95.0,100.0,,,,,,,,293.0,210.0,0.7167235494880546,2605.4,2528.2,63.64,25.51
SUMMIT PUBLIC SCHOOL DENALI,2020,50.0,40.0,20.0,0.8,0.5,Sunnyvale,Santa Clara,,,,,,,,,,,,,,,,,,,,,,,
SUMMIT PUBLIC SCHOOL DENALI,2021,46.0,37.0,19.0,0.8043478260869565,0.5135135135135135,Sunnyvale,Santa Clara,,,,,,,,,,,,,,,,,,,,,,,
SUMMIT PUBLIC SCHOOL DENALI,2022,49.0,34.0,13.0,0.6938775510204082,0.38235294117647056,Sunnyvale,Santa Clara,,,,,,,,,,,,,,,,,,,,,,,
SUMMIT PUBLIC SCHOOL DENALI,2023,45.0,34.0,16.0,0.7555555555555555,0.47058823529411764,Sunnyvale,Santa Clara,,,,,,,,,,,,,,,,,,,,,,,
SUMMIT PUBLIC SCHOOL K2,2020,37.0,28.0,15.0,0.7567567567567568,0.5357142857142857,El Cerrito,Contra Costa,Contra Costa County Office of Education,07100740129684,High Schools (Public),True,87.0,80.0,92.0,78.0,97.5,80.0,75.0,14.0,19.0,18.0,3.0,6.0,602.0,382.0,0.6345514950166113,2651.5,2598.8,73.17,37.04
SUMMIT PUBLIC SCHOOL K2,2021,51.0,32.0,20.0,0.6274509803921569,0.625,El Cerrito,Contra Costa,Contra Costa County Office of Education,07100740129684,High Schools (Public),True,84.0,79.0,94.0,79.0,100.0,84.0,78.6,19.0,23.0,17.0,3.0,4.0,565.0,386.0,0.6831858407079646,,,,
SUMMIT PUBLIC SCHOOL K2,2022,45.0,26.0,7.0,0.5777777777777777,0.2692307692307692,El Cerrito,Contra Costa,Contra Costa County Office of Education,07100740129684,High Schools (Public),True,93.0,90.0,96.8,89.0,98.9,89.0,73.0,7.0,35.0,17.0,4.0,2.0,,,,,,,
SUMMIT PUBLIC SCHOOL K2,2023,43.0,30.0,19.0,0.6976744186046512,0.6333333333333333,El Cerrito,Contra Costa,Contra Costa County Office of Education,07100740129684,High Schools (Public),True,86.0,80.0,93.0,80.0,100.0,81.0,70.4,18.0,14.0,21.0,1.0,3.0,506.0,365.0,0.7213438735177866,2629.0,2528.6,72.5,13.58
SUMMIT PUBLIC SCHOOL K2,2024,42.0,28.0,10.0,0.6666666666666666,0.35714285714285715,El Cerrito,Contra Costa,Contra Costa County Office of Education,07100740129684,High Schools (Public),True,71.0,66.0,93.0,66.0,100.0,,,,,,,,554.0,417.0,0.7527075812274369,2613.0,2521.4,61.9,15.38
SUMMIT PUBLIC SCHOOL K2,2025,45.0,23.0,8.0,0.5111111111111111,0.34782608695652173,El Cerrito,Contra Costa,Contra Costa County Office of Education,07100740129684,High Schools (Public),True,85.0,75.0,88.2,74.0,98.7,,,,,,,,554.0,454.0,0.8194945848375451,2595.6,2500.9,58.75,12.5
SUMMIT PUBLIC SCHOOL TAMALPAIS,2022,53.0,31.0,14.0,0.5849056603773585,0.45161290322580644,San Pablo,Contra Costa,,,,,,,,,,,,,,,,,,,,,,,
SUMMIT PUBLIC SCHOOL TAMALPAIS,2023,39.0,24.0,11.0,0.6153846153846154,0.4583333333333333,San Pablo,Contra Costa,,,,,,,,,,,,,,,,,,,,,,,
SUMMIT PUBLIC SCHOOL TAMALPAIS,2024,48.0,31.0,9.0,0.6458333333333334,0.2903225806451613,San Pablo,Contra Costa,,,,,,,,,,,,,,,,,,,,,,,
SUMMIT PUBLIC SCHOOL TAMALPAIS,2025,46.0,36.0,13.0,0.782608695652174,0.3611111111111111,San Pablo,Contra Costa,,,,,,,,,,,,,,,,,,,,,,,
SUMMIT PUBLIC SCHOOL-RAINIER,2015,20.0,13.0,5.0,0.65,0.38461538461538464,San Jose,Santa Clara,,,,,,,,,,,,,,,,,,,,,,,
SUMMIT PUBLIC SCHOOL-RAINIER,2016,29.0,23.0,11.0,0.7931034482758621,0.4782608695652174,San Jose,Santa Clara,,,,,,,,,,,,,,,,,,,,,,,
SUMMIT PUBLIC SCHOOL-RAINIER,2017,44.0,33.0,21.0,0.75,0.6363636363636364,San Jose,Santa Clara,,,,,,,,,,,,,,,,,,,,,,,
SUMMIT PUBLIC SCHOOL-RAINIER,2018,48.0,32.0,22.0,0.6666666666666666,0.6875,San Jose,Santa Clara,,,,,,,,,,,,,,,,,,,,,,,
SUMMIT PUBLIC SCHOOL-RAINIER,2019,54.0,38.0,26.0,0.7037037037037037,0.6842105263157895,San Jose,Santa Clara,,,,,,,,,,,,,,,,,,,,,,,
SUMMIT PUBLIC SCHOOL-RAINIER,2020,33.0,27.0,13.0,0.8181818181818182,0.48148148148148145,San Jose,Santa Clara,,,,,,,,,,,,,,,,,,,,,,,
SUMMIT PUBLIC SCHOOL-TAHOMA,2015,35.0,27.0,10.0,0.7714285714285715,0.37037037037037035,San Jose,Santa Clara,Santa Clara County Office of Education,43104390123794,High Schools (Public),True,,,,,,74.0,86.5,8.0,26.0,10.0,10.0,10.0,326.0,154.0,0.4723926380368098,,,,
SUMMIT PUBLIC SCHOOL-TAHOMA,2016,37.0,25.0,14.0,0.6756756756756757,0.56,San Jose,Santa Clara,Santa Clara County Office of Education,43104390123794,High Schools (Public),True,,,,,,71.0,90.1,14.0,22.0,18.0,4.0,6.0,275.0,134.0,0.4872727272727272,2651.7,2595.0,81.0,37.0
SUMMIT PUBLIC SCHOOL-TAHOMA,2017,26.0,19.0,11.0,0.7307692307692307,0.5789473684210527,San Jose,Santa Clara,Santa Clara County Office of Education,43104390123794,High Schools (Public),True,58.0,47.0,81.0,45.0,95.7,52.0,92.3,10.0,15.0,13.0,8.0,2.0,301.0,127.0,0.4219269102990033,2665.1,2597.1,81.0,31.0
SUMMIT PUBLIC SCHOOL-TAHOMA,2018,36.0,20.0,12.0,0.5555555555555556,0.6,San Jose,Santa Clara,Santa Clara County Office of Education,43104390123794,High Schools (Public),True,67.0,56.0,83.6,52.0,92.9,59.0,89.8,12.0,14.0,21.0,4.0,2.0,342.0,108.0,0.3157894736842105,2675.5,2604.6,82.46,45.61
SUMMIT PUBLIC SCHOOL-TAHOMA,2019,41.0,28.0,19.0,0.6829268292682927,0.6785714285714286,San Jose,Santa Clara,Santa Clara County Office of Education,43104390123794,High Schools (Public),True,98.0,88.0,89.8,80.0,90.9,96.0,83.3,16.0,23.0,26.0,6.0,9.0,379.0,131.0,0.3456464379947229,2656.0,2594.2,75.79,39.58
SUMMIT PUBLIC SCHOOL-TAHOMA,2020,31.0,25.0,13.0,0.8064516129032258,0.52,San Jose,Santa Clara,Santa Clara County Office of Education,43104390123794,High Schools (Public),True,81.0,78.0,96.3,70.0,89.7,83.0,75.9,11.0,20.0,22.0,3.0,7.0,340.0,101.0,0.2970588235294117,2625.2,2590.6,62.5,37.93
SUMMIT PUBLIC SCHOOL-TAHOMA,2021,65.0,48.0,18.0,0.7384615384615385,0.375,San Jose,Santa Clara,Santa Clara County Office of Education,43104390123794,High Schools (Public),True,142.0,136.0,95.8,132.0,97.1,139.0,82.0,17.0,34.0,42.0,12.0,9.0,470.0,153.0,0.325531914893617,,,,
SUMMIT PUBLIC SCHOOL-TAHOMA,2022,48.0,32.0,14.0,0.6666666666666666,0.4375,San Jose,Santa Clara,Santa Clara County Office of Education,43104390123794,High Schools (Public),True,122.0,116.0,95.1,109.0,94.0,119.0,74.8,12.0,35.0,33.0,1.0,8.0,,,,,,,
SUMMIT PUBLIC SCHOOL-TAHOMA,2023,37.0,28.0,16.0,0.7567567567567568,0.5714285714285714,San Jose,Santa Clara,Santa Clara County Office of Education,43104390123794,High Schools (Public),True,85.0,80.0,94.1,74.0,92.5,82.0,81.7,14.0,18.0,28.0,2.0,5.0,314.0,73.0,0.232484076433121,2646.7,2594.6,69.14,41.46
SUMMIT PUBLIC SCHOOL-TAHOMA,2024,61.0,49.0,22.0,0.8032786885245902,0.4489795918367347,San Jose,Santa Clara,Santa Clara County Office of Education,43104390123794,High Schools (Public),True,113.0,110.0,97.3,109.0,99.1,,,,,,,,427.0,114.0,0.2669789227166276,2633.7,2608.4,65.33,45.95
SUMMIT PUBLIC SCHOOL-TAHOMA,2025,55.0,53.0,21.0,0.9636363636363636,0.39622641509433965,San Jose,Santa Clara,Santa Clara County Office of Education,43104390123794,High Schools (Public),True,101.0,98.0,97.0,97.0,99.0,,,,,,,,383.0,111.0,0.2898172323759791,2651.7,2623.8,74.49,48.98
SUMMIT PUBLIC SCHOOLS SHASTA,2017,56.0,41.0,27.0,0.7321428571428571,0.6585365853658537,Daly City,San Mateo,Jefferson Union High,41689240127548,High Schools (Public),True,99.0,96.0,97.0,95.0,99.0,96.0,84.4,22.0,23.0,18.0,7.0,11.0,425.0,97.0,0.228235294117647,2698.8,2674.7,90.0,66.0
SUMMIT PUBLIC SCHOOLS SHASTA,2018,57.0,31.0,20.0,0.543859649122807,0.6451612903225806,Daly City,San Mateo,Jefferson Union High,41689240127548,High Schools (Public),True,106.0,104.0,98.1,99.0,95.2,105.0,84.8,20.0,32.0,16.0,8.0,13.0,452.0,108.0,0.2389380530973451,2703.9,2648.0,87.27,51.38
SUMMIT PUBLIC SCHOOLS SHASTA,2019,50.0,33.0,23.0,0.66,0.696969696969697,Daly City,San Mateo,Jefferson Union High,41689240127548,High Schools (Public),True,105.0,99.0,94.3,97.0,98.0,100.0,84.0,20.0,21.0,23.0,12.0,8.0,491.0,90.0,0.1832993890020366,2684.5,2642.5,83.17,59.41
SUMMIT PUBLIC SCHOOLS SHASTA,2020,41.0,35.0,19.0,0.8536585365853658,0.5428571428571428,Daly City,San Mateo,Jefferson Union High,41689240127548,High Schools (Public),True,92.0,86.0,93.5,84.0,97.7,89.0,80.9,19.0,18.0,19.0,4.0,12.0,469.0,102.0,0.2174840085287846,2696.7,2683.0,86.27,69.61
SUMMIT PUBLIC SCHOOLS SHASTA,2021,84.0,54.0,22.0,0.6428571428571429,0.4074074074074074,Daly City,San Mateo,Jefferson Union High,41689240127548,High Schools (Public),True,115.0,113.0,98.3,113.0,100.0,116.0,85.3,21.0,43.0,15.0,8.0,12.0,469.0,112.0,0.2388059701492537,,,,
SUMMIT PUBLIC SCHOOLS SHASTA,2022,83.0,58.0,35.0,0.6987951807228916,0.603448275862069,Daly City,San Mateo,Jefferson Union High,41689240127548,High Schools (Public),True,133.0,125.0,94.0,125.0,100.0,125.0,92.8,34.0,47.0,21.0,5.0,9.0,,,,,,,
SUMMIT PUBLIC SCHOOLS SHASTA,2023,69.0,46.0,24.0,0.6666666666666666,0.5217391304347826,Daly City,San Mateo,Jefferson Union High,41689240127548,High Schools (Public),True,113.0,104.0,92.0,104.0,100.0,105.0,93.3,22.0,39.0,16.0,10.0,11.0,442.0,115.0,0.2601809954751131,2660.6,2610.8,84.26,45.37
SUMMIT PUBLIC SCHOOLS SHASTA,2024,59.0,38.0,21.0,0.6440677966101694,0.5526315789473685,Daly City,San Mateo,Jefferson Union High,41689240127548,High Schools (Public),True,103.0,102.0,99.0,102.0,100.0,,,,,,,,449.0,147.0,0.3273942093541203,2652.4,2610.8,76.42,49.06
SUMMIT PUBLIC SCHOOLS SHASTA,2025,64.0,47.0,23.0,0.734375,0.48936170212765956,Daly City,San Mateo,Jefferson Union High,41689240127548,High Schools (Public),True,111.0,110.0,99.1,110.0,100.0,,,,,,,,458.0,150.0,0.3275109170305676,2648.6,2611.0,75.23,44.76
TAMALPAIS HIGH SCHOOL,2005,116.0,107.0,51.0,0.9224137931034483,0.4766355140186916,Mill Valley,Marin,Tamalpais Union High,21654822133692,High Schools (Public),False,,,,,,,,,,,,,,,,,,,
TAMALPAIS HIGH SCHOOL,2006,101.0,91.0,40.0,0.900990099009901,0.43956043956043955,Mill Valley,Marin,Tamalpais Union High,21654822133692,High Schools (Public),False,,,,,,,,,,,,,,,,,,,
TAMALPAIS HIGH SCHOOL,2007,133.0,126.0,63.0,0.9473684210526315,0.5,Mill Valley,Marin,Tamalpais Union High,21654822133692,High Schools (Public),False,,,,,,,,,,,,,,,,,,,
TAMALPAIS HIGH SCHOOL,2008,112.0,105.0,53.0,0.9375,0.5047619047619047,Mill Valley,Marin,Tamalpais Union High,21654822133692,High Schools (Public),False,,,,,,,,,,,,,,,,,,,
TAMALPAIS HIGH SCHOOL,2009,125.0,117.0,35.0,0.936,0.29914529914529914,Mill Valley,Marin,Tamalpais Union High,21654822133692,High Schools (Public),False,,,,,,,,,,,,,,,,,,,
TAMALPAIS HIGH SCHOOL,2010,134.0,126.0,44.0,0.9402985074626866,0.3492063492063492,Mill Valley,Marin,Tamalpais Union High,21654822133692,High Schools (Public),False,,,,,,,,,,,,,,,,,,,
TAMALPAIS HIGH SCHOOL,2011,102.0,78.0,26.0,0.7647058823529411,0.3333333333333333,Mill Valley,Marin,Tamalpais Union High,21654822133692,High Schools (Public),False,,,,,,,,,,,,,,,,,,,
TAMALPAIS HIGH SCHOOL,2012,137.0,96.0,34.0,0.7007299270072993,0.3541666666666667,Mill Valley,Marin,Tamalpais Union High,21654822133692,High Schools (Public),False,,,,,,,,,,,,,,,,,,,
TAMALPAIS HIGH SCHOOL,2013,148.0,95.0,26.0,0.6418918918918919,0.2736842105263158,Mill Valley,Marin,Tamalpais Union High,21654822133692,High Schools (Public),False,,,,,,,,,,,,,,,,,,,
TAMALPAIS HIGH SCHOOL,2014,161.0,108.0,47.0,0.6708074534161491,0.4351851851851852,Mill Valley,Marin,Tamalpais Union High,21654822133692,High Schools (Public),False,,,,,,,,,,,,,1281.0,,,,,,
TAMALPAIS HIGH SCHOOL,2015,136.0,80.0,27.0,0.5882352941176471,0.3375,Mill Valley,Marin,Tamalpais Union High,21654822133692,High Schools (Public),False,,,,,,274.0,75.5,18.0,23.0,61.0,13.0,92.0,1321.0,105.0,0.0794852384557153,,,,
TAMALPAIS HIGH SCHOOL,2016,152.0,114.0,61.0,0.75,0.5350877192982456,Mill Valley,Marin,Tamalpais Union High,21654822133692,High Schools (Public),False,,,,,,283.0,80.2,59.0,17.0,48.0,21.0,82.0,1419.0,122.0,0.0859760394644115,2640.0,2629.8,71.0,52.0
TAMALPAIS HIGH SCHOOL,2017,159.0,110.0,48.0,0.6918238993710691,0.43636363636363634,Mill Valley,Marin,Tamalpais Union High,21654822133692,High Schools (Public),False,328.0,316.0,96.3,222.0,70.3,320.0,80.0,44.0,28.0,68.0,22.0,94.0,1527.0,114.0,0.074656188605108,2610.5,2607.5,66.0,49.0
TAMALPAIS HIGH SCHOOL,2018,200.0,99.0,34.0,0.495,0.3434343434343434,Mill Valley,Marin,Tamalpais Union High,21654822133692,High Schools (Public),False,363.0,356.0,98.1,272.0,76.4,358.0,79.6,36.0,35.0,76.0,30.0,108.0,1584.0,181.0,0.1142676767676767,2660.8,2645.0,79.83,57.23
TAMALPAIS HIGH SCHOOL,2019,195.0,117.0,57.0,0.6,0.48717948717948717,Mill Valley,Marin,Tamalpais Union High,21654822133692,High Schools (Public),False,376.0,367.0,97.6,301.0,82.0,374.0,81.6,51.0,37.0,76.0,23.0,118.0,1591.0,155.0,0.0974230043997485,2640.6,2632.6,76.96,56.22
TAMALPAIS HIGH SCHOOL,2020,202.0,136.0,54.0,0.6732673267326733,0.39705882352941174,Mill Valley,Marin,Tamalpais Union High,21654822133692,High Schools (Public),False,373.0,357.0,95.7,309.0,86.6,360.0,80.6,53.0,36.0,75.0,24.0,102.0,1590.0,158.0,0.0993710691823899,2632.5,2638.4,71.35,53.72
TAMALPAIS HIGH SCHOOL,2021,217.0,132.0,41.0,0.6082949308755761,0.3106060606060606,Mill Valley,Marin,Tamalpais Union High,21654822133692,High Schools (Public),False,381.0,375.0,98.4,297.0,79.2,378.0,79.9,36.0,33.0,59.0,14.0,160.0,1610.0,176.0,0.1093167701863354,,,,
TAMALPAIS HIGH SCHOOL,2022,247.0,131.0,65.0,0.5303643724696356,0.4961832061068702,Mill Valley,Marin,Tamalpais Union High,21654822133692,High Schools (Public),False,417.0,412.0,98.8,296.0,71.8,412.0,85.2,61.0,45.0,80.0,30.0,135.0,,,,2654.4,2655.9,76.18,62.54
TAMALPAIS HIGH SCHOOL,2023,208.0,149.0,57.0,0.7163461538461539,0.3825503355704698,Mill Valley,Marin,Tamalpais Union High,21654822133692,High Schools (Public),False,366.0,361.0,98.6,266.0,73.7,367.0,83.9,57.0,48.0,62.0,26.0,115.0,1540.0,154.0,0.1,2658.6,2657.7,78.73,59.67
TAMALPAIS HIGH SCHOOL,2024,222.0,134.0,57.0,0.6036036036036037,0.4253731343283582,Mill Valley,Marin,Tamalpais Union High,21654822133692,High Schools (Public),False,376.0,370.0,98.4,306.0,82.7,,,,,,,,1544.0,175.0,0.1133419689119171,2660.0,2654.4,78.44,60.94
TAMALPAIS HIGH SCHOOL,2025,271.0,199.0,70.0,0.7343173431734318,0.35175879396984927,Mill Valley,Marin,Tamalpais Union High,21654822133692,High Schools (Public),False,420.0,414.0,98.6,360.0,87.0,,,,,,,,1470.0,173.0,0.1176870748299319,2648.6,2629.4,77.44,55.92
TAMISCAL HIGH SCHOOL,2005,11.0,10.0,4.0,0.9090909090909091,0.4,Larkspur,Marin,Tamalpais Union High,21654822130078,Alternative Schools of Choice,False,,,,,,,,,,,,,,,,,,,
TAMISCAL HIGH SCHOOL,2006,14.0,13.0,3.0,0.9285714285714286,0.23076923076923078,Larkspur,Marin,Tamalpais Union High,21654822130078,Alternative Schools of Choice,False,,,,,,,,,,,,,,,,,,,
TAMISCAL HIGH SCHOOL,2007,16.0,14.0,8.0,0.875,0.5714285714285714,Larkspur,Marin,Tamalpais Union High,21654822130078,Alternative Schools of Choice,False,,,,,,,,,,,,,,,,,,,
TAMISCAL HIGH SCHOOL,2008,15.0,14.0,8.0,0.9333333333333333,0.5714285714285714,Larkspur,Marin,Tamalpais Union High,21654822130078,Alternative Schools of Choice,False,,,,,,,,,,,,,,,,,,,
TAMISCAL HIGH SCHOOL,2009,14.0,13.0,3.0,0.9285714285714286,0.23076923076923078,Larkspur,Marin,Tamalpais Union High,21654822130078,Alternative Schools of Choice,False,,,,,,,,,,,,,,,,,,,
TAMISCAL HIGH SCHOOL,2010,14.0,12.0,5.0,0.8571428571428571,0.4166666666666667,Larkspur,Marin,Tamalpais Union High,21654822130078,Alternative Schools of Choice,False,,,,,,,,,,,,,,,,,,,
TAMISCAL HIGH SCHOOL,2011,12.0,10.0,3.0,0.8333333333333334,0.3,Larkspur,Marin,Tamalpais Union High,21654822130078,Alternative Schools of Choice,False,,,,,,,,,,,,,,,,,,,
TAMISCAL HIGH SCHOOL,2012,8.0,6.0,4.0,0.75,0.6666666666666666,Larkspur,Marin,Tamalpais Union High,21654822130078,Alternative Schools of Choice,False,,,,,,,,,,,,,,,,,,,
TAMISCAL HIGH SCHOOL,2013,12.0,9.0,4.0,0.75,0.4444444444444444,Larkspur,Marin,Tamalpais Union High,21654822130078,Alternative Schools of Choice,False,,,,,,,,,,,,,,,,,,,
TAMISCAL HIGH SCHOOL,2014,9.0,4,,0.4444444444444444,,Larkspur,Marin,Tamalpais Union High,21654822130078,Alternative Schools of Choice,False,,,,,,,,,,,,,106.0,,,,,,
TAMISCAL HIGH SCHOOL,2015,10.0,8,,0.8,,Larkspur,Marin,Tamalpais Union High,21654822130078,Alternative Schools of Choice,False,,,,,,41.0,65.9,1.0,4.0,11.0,1.0,10.0,123.0,10.0,0.08130081300813,,,,
TAMISCAL HIGH SCHOOL,2016,18.0,14.0,4.0,0.7777777777777778,0.2857142857142857,Larkspur,Marin,Tamalpais Union High,21654822130078,Alternative Schools of Choice,False,,,,,,47.0,63.8,3.0,6.0,11.0,4.0,6.0,117.0,8.0,0.0683760683760683,2690.8,2655.5,100.0,63.0
TAMISCAL HIGH SCHOOL,2017,11.0,8.0,7.0,0.7272727272727273,0.875,Larkspur,Marin,Tamalpais Union High,21654822130078,Alternative Schools of Choice,False,43.0,42.0,97.7,17.0,40.5,44.0,77.3,7.0,3.0,15.0,2.0,7.0,108.0,8.0,0.074074074074074,2628.7,2603.5,70.0,45.0
TAMISCAL HIGH SCHOOL,2018,13.0,7.0,5.0,0.5384615384615384,0.7142857142857143,Larkspur,Marin,Tamalpais Union High,21654822130078,Alternative Schools of Choice,False,49.0,47.0,95.9,37.0,78.7,50.0,82.0,5.0,4.0,14.0,2.0,16.0,107.0,17.0,0.1588785046728972,2664.9,2632.1,79.17,52.08
TAMISCAL HIGH SCHOOL,2019,10.0,4,,0.4,,Larkspur,Marin,Tamalpais Union High,21654822130078,Alternative Schools of Choice,False,51.0,45.0,88.2,35.0,77.8,49.0,71.4,2.0,5.0,18.0,3.0,7.0,124.0,8.0,0.064516129032258,2606.9,2592.8,65.85,38.1
TAMISCAL HIGH SCHOOL,2020,19.0,9.0,6.0,0.47368421052631576,0.6666666666666666,Larkspur,Marin,Tamalpais Union High,21654822130078,Alternative Schools of Choice,False,81.0,76.0,93.8,64.0,84.2,79.0,82.3,6.0,5.0,27.0,6.0,21.0,147.0,9.0,0.0612244897959183,2614.0,2569.6,64.29,34.55
TAMISCAL HIGH SCHOOL,2021,22.0,12.0,4.0,0.5454545454545454,0.3333333333333333,Larkspur,Marin,Tamalpais Union High,21654822130078,Alternative Schools of Choice,False,66.0,61.0,92.4,48.0,78.7,63.0,88.9,3.0,6.0,23.0,3.0,21.0,116.0,10.0,0.0862068965517241,,,,
TAMISCAL HIGH SCHOOL,2022,33.0,22.0,8.0,0.6666666666666666,0.36363636363636365,Larkspur,Marin,Tamalpais Union High,21654822130078,Alternative Schools of Choice,False,70.0,68.0,97.1,43.0,63.2,69.0,69.6,9.0,3.0,11.0,6.0,19.0,,,,2623.5,2565.6,70.59,37.5
TAMISCAL HIGH SCHOOL,2023,30.0,21.0,8.0,0.7,0.38095238095238093,Larkspur,Marin,Tamalpais Union High,21654822130078,Alternative Schools of Choice,False,78.0,77.0,98.7,36.0,46.8,79.0,65.8,6.0,8.0,17.0,7.0,14.0,128.0,15.0,0.1171875,2641.2,2550.3,75.0,25.0
TAMISCAL HIGH SCHOOL,2024,35.0,25.0,10.0,0.7142857142857143,0.4,Larkspur,Marin,Tamalpais Union High,21654822130078,Alternative Schools of Choice,False,78.0,75.0,96.2,56.0,74.7,,,,,,,,134.0,24.0,0.1791044776119403,2648.5,2564.1,70.0,22.73
TAMISCAL HIGH SCHOOL,2025,25.0,15.0,4.0,0.6,0.26666666666666666,Larkspur,Marin,Tamalpais Union High,21654822130078,Alternative Schools of Choice,False,68.0,64.0,94.1,45.0,70.3,,,,,,,,124.0,21.0,0.1693548387096774,2506.6,2512.0,26.09,13.64
TECHNOLOGY HIGH SCHOOL,2006,13.0,10.0,7.0,0.7692307692307693,0.7,Rohnert Park,Sonoma,Cotati-Rohnert Park Unified,49738824930384,Alternative Schools of Choice,False,,,,,,,,,,,,,,,,,,,
TECHNOLOGY HIGH SCHOOL,2007,15.0,13.0,8.0,0.8666666666666667,0.6153846153846154,Rohnert Park,Sonoma,Cotati-Rohnert Park Unified,49738824930384,Alternative Schools of Choice,False,,,,,,,,,,,,,,,,,,,
TECHNOLOGY HIGH SCHOOL,2008,22.0,18.0,11.0,0.8181818181818182,0.6111111111111112,Rohnert Park,Sonoma,Cotati-Rohnert Park Unified,49738824930384,Alternative Schools of Choice,False,,,,,,,,,,,,,,,,,,,
TECHNOLOGY HIGH SCHOOL,2009,17.0,16.0,5.0,0.9411764705882353,0.3125,Rohnert Park,Sonoma,Cotati-Rohnert Park Unified,49738824930384,Alternative Schools of Choice,False,,,,,,,,,,,,,,,,,,,
TECHNOLOGY HIGH SCHOOL,2010,15.0,14.0,10.0,0.9333333333333333,0.7142857142857143,Rohnert Park,Sonoma,Cotati-Rohnert Park Unified,49738824930384,Alternative Schools of Choice,False,,,,,,,,,,,,,,,,,,,
TECHNOLOGY HIGH SCHOOL,2011,8.0,6,,0.75,,Rohnert Park,Sonoma,Cotati-Rohnert Park Unified,49738824930384,Alternative Schools of Choice,False,,,,,,,,,,,,,,,,,,,
TECHNOLOGY HIGH SCHOOL,2012,14.0,11.0,8.0,0.7857142857142857,0.7272727272727273,Rohnert Park,Sonoma,Cotati-Rohnert Park Unified,49738824930384,Alternative Schools of Choice,False,,,,,,,,,,,,,,,,,,,
TECHNOLOGY HIGH SCHOOL,2013,18.0,13.0,5.0,0.7222222222222222,0.38461538461538464,Rohnert Park,Sonoma,Cotati-Rohnert Park Unified,49738824930384,Alternative Schools of Choice,False,,,,,,,,,,,,,,,,,,,
TECHNOLOGY HIGH SCHOOL,2014,30.0,13.0,7.0,0.43333333333333335,0.5384615384615384,Rohnert Park,Sonoma,Cotati-Rohnert Park Unified,49738824930384,Alternative Schools of Choice,False,,,,,,,,,,,,,295.0,,,,,,
TECHNOLOGY HIGH SCHOOL,2015,28.0,12.0,7.0,0.42857142857142855,0.5833333333333334,Rohnert Park,Sonoma,Cotati-Rohnert Park Unified,49738824930384,Alternative Schools of Choice,False,,,,,,54.0,77.8,6.0,8.0,24.0,1.0,3.0,313.0,32.0,0.1022364217252396,,,,
TECHNOLOGY HIGH SCHOOL,2016,32.0,24.0,15.0,0.75,0.625,Rohnert Park,Sonoma,Cotati-Rohnert Park Unified,49738824930384,Alternative Schools of Choice,False,,,,,,71.0,80.3,15.0,10.0,23.0,4.0,5.0,342.0,37.0,0.1081871345029239,2690.8,2699.2,93.0,77.0
TECHNOLOGY HIGH SCHOOL,2017,39.0,25.0,10.0,0.6410256410256411,0.4,Rohnert Park,Sonoma,Cotati-Rohnert Park Unified,49738824930384,Alternative Schools of Choice,False,85.0,81.0,95.3,60.0,74.1,83.0,73.5,9.0,15.0,27.0,1.0,9.0,348.0,30.0,0.0862068965517241,2696.8,2710.9,92.0,85.0
TECHNOLOGY HIGH SCHOOL,2018,35.0,18.0,11.0,0.5142857142857142,0.6111111111111112,Rohnert Park,Sonoma,Cotati-Rohnert Park Unified,49738824930384,Alternative Schools of Choice,False,143.0,76.0,53.1,62.0,81.6,78.0,87.2,11.0,16.0,28.0,1.0,12.0,326.0,50.0,0.1533742331288343,2716.3,2717.0,97.5,86.42
TECHNOLOGY HIGH SCHOOL,2019,26.0,9.0,4.0,0.34615384615384615,0.4444444444444444,Rohnert Park,Sonoma,Cotati-Rohnert Park Unified,49738824930384,Alternative Schools of Choice,False,13.0,13.0,100.0,12.0,92.3,77.0,79.2,3.0,15.0,30.0,2.0,11.0,326.0,53.0,0.1625766871165644,2688.8,2687.5,90.91,80.0
TECHNOLOGY HIGH SCHOOL,2020,32.0,15.0,8.0,0.46875,0.5333333333333333,Rohnert Park,Sonoma,Cotati-Rohnert Park Unified,49738824930384,Alternative Schools of Choice,False,79.0,73.0,92.4,6.0,8.2,73.0,89.0,7.0,8.0,44.0,3.0,3.0,322.0,53.0,0.1645962732919254,2715.3,2709.2,96.05,81.58
TECHNOLOGY HIGH SCHOOL,2021,28.0,14.0,6.0,0.5,0.42857142857142855,Rohnert Park,Sonoma,Cotati-Rohnert Park Unified,49738824930384,Alternative Schools of Choice,False,75.0,71.0,94.7,71.0,100.0,71.0,76.1,6.0,8.0,29.0,3.0,8.0,339.0,54.0,0.1592920353982301,,,,
TECHNOLOGY HIGH SCHOOL,2022,39.0,31.0,19.0,0.7948717948717948,0.6129032258064516,Rohnert Park,Sonoma,Cotati-Rohnert Park Unified,49738824930384,Alternative Schools of Choice,False,92.0,88.0,95.7,87.0,98.9,92.0,83.7,17.0,10.0,39.0,3.0,8.0,,,,2678.8,2635.3,89.53,55.56
TECHNOLOGY HIGH SCHOOL,2023,40.0,24.0,18.0,0.6,0.75,Rohnert Park,Sonoma,Cotati-Rohnert Park Unified,49738824930384,Alternative Schools of Choice,False,81.0,74.0,91.4,72.0,97.3,75.0,81.3,18.0,7.0,24.0,3.0,9.0,329.0,52.0,0.1580547112462006,2694.4,2665.5,88.75,62.5
TECHNOLOGY HIGH SCHOOL,2024,33.0,23.0,15.0,0.696969696969697,0.6521739130434783,Rohnert Park,Sonoma,Cotati-Rohnert Park Unified,49738824930384,Alternative Schools of Choice,False,81.0,75.0,92.6,69.0,92.0,,,,,,,,338.0,69.0,0.2041420118343195,2701.2,2686.3,93.67,77.22
TECHNOLOGY HIGH SCHOOL,2025,34.0,25.0,11.0,0.7352941176470589,0.44,Rohnert Park,Sonoma,Cotati-Rohnert Park Unified,49738824930384,Alternative Schools of Choice,False,82.0,78.0,95.1,64.0,82.1,,,,,,,,343.0,71.0,0.2069970845481049,2694.0,2681.8,96.3,67.9
TENNYSON HIGH SCHOOL,2005,38.0,28.0,19.0,0.7368421052631579,0.6785714285714286,Hayward,Alameda,Hayward Unified,01611920138339,High Schools (Public),False,,,,,,,,,,,,,,,,,,,
TENNYSON HIGH SCHOOL,2006,36.0,27.0,17.0,0.75,0.6296296296296297,Hayward,Alameda,Hayward Unified,01611920138339,High Schools (Public),False,,,,,,,,,,,,,,,,,,,
TENNYSON HIGH SCHOOL,2007,47.0,38.0,24.0,0.8085106382978723,0.631578947368421,Hayward,Alameda,Hayward Unified,01611920138339,High Schools (Public),False,,,,,,,,,,,,,,,,,,,
TENNYSON HIGH SCHOOL,2008,49.0,38.0,21.0,0.7755102040816326,0.5526315789473685,Hayward,Alameda,Hayward Unified,01611920138339,High Schools (Public),False,,,,,,,,,,,,,,,,,,,
TENNYSON HIGH SCHOOL,2009,50.0,45.0,20.0,0.9,0.4444444444444444,Hayward,Alameda,Hayward Unified,01611920138339,High Schools (Public),False,,,,,,,,,,,,,,,,,,,
TENNYSON HIGH SCHOOL,2010,55.0,40.0,24.0,0.7272727272727273,0.6,Hayward,Alameda,Hayward Unified,01611920138339,High Schools (Public),False,,,,,,,,,,,,,,,,,,,
TENNYSON HIGH SCHOOL,2011,38.0,28.0,19.0,0.7368421052631579,0.6785714285714286,Hayward,Alameda,Hayward Unified,01611920138339,High Schools (Public),False,,,,,,,,,,,,,,,,,,,
TENNYSON HIGH SCHOOL,2012,44.0,18.0,12.0,0.4090909090909091,0.6666666666666666,Hayward,Alameda,Hayward Unified,01611920138339,High Schools (Public),False,,,,,,,,,,,,,,,,,,,
TENNYSON HIGH SCHOOL,2013,45.0,21.0,12.0,0.4666666666666667,0.5714285714285714,Hayward,Alameda,Hayward Unified,01611920138339,High Schools (Public),False,,,,,,,,,,,,,,,,,,,
TENNYSON HIGH SCHOOL,2014,45.0,20.0,12.0,0.4444444444444444,0.6,Hayward,Alameda,Hayward Unified,01611920138339,High Schools (Public),False,,,,,,,,,,,,,1339.0,,,,,,
TENNYSON HIGH SCHOOL,2015,45.0,30.0,19.0,0.6666666666666666,0.6333333333333333,Hayward,Alameda,Hayward Unified,01611920138339,High Schools (Public),False,,,,,,240.0,65.4,15.0,36.0,98.0,4.0,4.0,1324.0,1078.0,0.8141993957703928,,,,
TENNYSON HIGH SCHOOL,2016,38.0,22.0,11.0,0.5789473684210527,0.5,Hayward,Alameda,Hayward Unified,01611920138339,High Schools (Public),False,,,,,,225.0,60.4,10.0,28.0,91.0,4.0,3.0,1294.0,1073.0,0.8292117465224111,2534.4,2505.9,33.0,13.0
TENNYSON HIGH SCHOOL,2017,51.0,28.0,17.0,0.5490196078431373,0.6071428571428571,Hayward,Alameda,Hayward Unified,01611920138339,High Schools (Public),False,333.0,251.0,75.4,101.0,40.2,258.0,59.3,12.0,40.0,94.0,4.0,3.0,1394.0,1064.0,0.763271162123386,2521.9,2500.6,33.0,16.0
TENNYSON HIGH SCHOOL,2018,38.0,28.0,18.0,0.7368421052631579,0.6428571428571429,Hayward,Alameda,Hayward Unified,01611920138339,High Schools (Public),False,363.0,245.0,67.5,95.0,38.8,262.0,55.3,18.0,27.0,91.0,5.0,4.0,1446.0,1088.0,0.7524204702627939,2538.7,2490.0,36.91,15.58
TENNYSON HIGH SCHOOL,2019,33.0,23.0,14.0,0.696969696969697,0.6086956521739131,Hayward,Alameda,Hayward Unified,01611920138339,High Schools (Public),False,325.0,223.0,68.6,76.0,34.1,239.0,55.6,13.0,35.0,80.0,2.0,3.0,1423.0,1086.0,0.7631763879128601,2512.8,2480.6,30.91,11.18
TENNYSON HIGH SCHOOL,2020,31.0,19.0,6.0,0.6129032258064516,0.3157894736842105,Hayward,Alameda,Hayward Unified,01611920138339,High Schools (Public),False,368.0,271.0,73.6,98.0,36.2,283.0,49.8,7.0,43.0,79.0,5.0,7.0,1518.0,1179.0,0.7766798418972332,2526.9,2478.0,34.76,10.71
TENNYSON HIGH SCHOOL,2021,47.0,31.0,17.0,0.6595744680851063,0.5483870967741935,Hayward,Alameda,Hayward Unified,01611920138339,High Schools (Public),False,380.0,241.0,63.4,93.0,38.6,256.0,56.3,16.0,35.0,87.0,3.0,3.0,1501.0,966.0,0.6435709526982012,,,,
TENNYSON HIGH SCHOOL,2022,24.0,16.0,7.0,0.6666666666666666,0.4375,Hayward,Alameda,Hayward Unified,01611920138339,High Schools (Public),False,371.0,231.0,62.3,40.0,17.3,245.0,42.9,7.0,18.0,72.0,3.0,5.0,,,,,,,
TENNYSON HIGH SCHOOL,2023,42.0,37.0,18.0,0.8809523809523809,0.4864864864864865,Hayward,Alameda,Hayward Unified,01611920138339,High Schools (Public),False,443.0,253.0,57.1,76.0,30.0,279.0,54.8,17.0,31.0,90.0,9.0,6.0,1551.0,1004.0,0.647324306898775,2489.3,2454.2,24.6,7.16
TENNYSON HIGH SCHOOL,2024,28.0,22.0,7.0,0.7857142857142857,0.3181818181818182,Hayward,Alameda,Hayward Unified,01611920138339,High Schools (Public),False,412.0,259.0,62.9,90.0,34.7,,,,,,,,1558.0,1318.0,0.8459563543003851,2502.4,2456.4,29.23,9.07
TENNYSON HIGH SCHOOL,2025,30.0,25.0,11.0,0.8333333333333334,0.44,Hayward,Alameda,Hayward Unified,01611920138339,High Schools (Public),False,390.0,264.0,67.7,78.0,29.5,,,,,,,,1511.0,1267.0,0.8385175380542687,2487.9,2460.1,25.16,6.61
TERRA LINDA HIGH SCHOOL,2005,69.0,62.0,41.0,0.8985507246376812,0.6612903225806451,San Rafael,Marin,San Rafael City High,21654662134005,High Schools (Public),False,,,,,,,,,,,,,,,,,,,
TERRA LINDA HIGH SCHOOL,2006,78.0,75.0,41.0,0.9615384615384616,0.5466666666666666,San Rafael,Marin,San Rafael City High,21654662134005,High Schools (Public),False,,,,,,,,,,,,,,,,,,,
TERRA LINDA HIGH SCHOOL,2007,86.0,77.0,41.0,0.8953488372093024,0.5324675324675324,San Rafael,Marin,San Rafael City High,21654662134005,High Schools (Public),False,,,,,,,,,,,,,,,,,,,
TERRA LINDA HIGH SCHOOL,2008,83.0,79.0,47.0,0.9518072289156626,0.5949367088607594,San Rafael,Marin,San Rafael City High,21654662134005,High Schools (Public),False,,,,,,,,,,,,,,,,,,,
TERRA LINDA HIGH SCHOOL,2009,103.0,96.0,52.0,0.9320388349514563,0.5416666666666666,San Rafael,Marin,San Rafael City High,21654662134005,High Schools (Public),False,,,,,,,,,,,,,,,,,,,
TERRA LINDA HIGH SCHOOL,2010,74.0,69.0,28.0,0.9324324324324325,0.4057971014492754,San Rafael,Marin,San Rafael City High,21654662134005,High Schools (Public),False,,,,,,,,,,,,,,,,,,,
TERRA LINDA HIGH SCHOOL,2011,76.0,61.0,22.0,0.8026315789473685,0.36065573770491804,San Rafael,Marin,San Rafael City High,21654662134005,High Schools (Public),False,,,,,,,,,,,,,,,,,,,
TERRA LINDA HIGH SCHOOL,2012,80.0,65.0,34.0,0.8125,0.5230769230769231,San Rafael,Marin,San Rafael City High,21654662134005,High Schools (Public),False,,,,,,,,,,,,,,,,,,,
TERRA LINDA HIGH SCHOOL,2013,86.0,59.0,30.0,0.686046511627907,0.5084745762711864,San Rafael,Marin,San Rafael City High,21654662134005,High Schools (Public),False,,,,,,,,,,,,,,,,,,,
TERRA LINDA HIGH SCHOOL,2014,83.0,59.0,31.0,0.7108433734939759,0.5254237288135594,San Rafael,Marin,San Rafael City High,21654662134005,High Schools (Public),False,,,,,,,,,,,,,1039.0,,,,,,
TERRA LINDA HIGH SCHOOL,2015,79.0,38.0,19.0,0.4810126582278481,0.5,San Rafael,Marin,San Rafael City High,21654662134005,High Schools (Public),False,,,,,,229.0,79.5,12.0,36.0,84.0,17.0,33.0,1096.0,304.0,0.2773722627737226,,,,
TERRA LINDA HIGH SCHOOL,2016,90.0,66.0,33.0,0.7333333333333333,0.5,San Rafael,Marin,San Rafael City High,21654662134005,High Schools (Public),False,,,,,,238.0,77.3,31.0,36.0,68.0,16.0,33.0,1117.0,360.0,0.3222918531781558,2610.2,2560.2,65.0,32.0
TERRA LINDA HIGH SCHOOL,2017,71.0,36.0,21.0,0.5070422535211268,0.5833333333333334,San Rafael,Marin,San Rafael City High,21654662134005,High Schools (Public),False,289.0,227.0,78.5,115.0,50.7,239.0,75.7,20.0,34.0,78.0,13.0,36.0,1155.0,376.0,0.3255411255411255,2578.1,2558.9,53.0,31.0
TERRA LINDA HIGH SCHOOL,2018,75.0,40.0,21.0,0.5333333333333333,0.525,San Rafael,Marin,San Rafael City High,21654662134005,High Schools (Public),False,300.0,247.0,82.3,128.0,51.8,259.0,78.8,21.0,34.0,100.0,11.0,38.0,1241.0,484.0,0.3900080580177276,2600.7,2542.3,60.9,27.48
TERRA LINDA HIGH SCHOOL,2019,90.0,67.0,30.0,0.7444444444444445,0.44776119402985076,San Rafael,Marin,San Rafael City High,21654662134005,High Schools (Public),False,302.0,266.0,88.1,184.0,69.2,273.0,76.2,30.0,54.0,75.0,12.0,37.0,1230.0,477.0,0.3878048780487805,2609.7,2602.8,62.64,45.09
TERRA LINDA HIGH SCHOOL,2020,108.0,77.0,43.0,0.7129629629629629,0.5584415584415584,San Rafael,Marin,San Rafael City High,21654662134005,High Schools (Public),False,340.0,283.0,83.2,199.0,70.3,293.0,77.5,41.0,42.0,93.0,16.0,35.0,1317.0,519.0,0.3940774487471526,2608.3,2605.5,62.18,44.91
TERRA LINDA HIGH SCHOOL,2021,141.0,97.0,51.0,0.6879432624113475,0.5257731958762887,San Rafael,Marin,San Rafael City High,21654662134005,High Schools (Public),False,342.0,315.0,92.1,214.0,67.9,326.0,78.2,52.0,50.0,90.0,14.0,49.0,1247.0,482.0,0.3865276663993585,,,,
TERRA LINDA HIGH SCHOOL,2022,111.0,70.0,35.0,0.6306306306306306,0.5,San Rafael,Marin,San Rafael City High,21654662134005,High Schools (Public),False,305.0,284.0,93.1,179.0,63.0,285.0,76.1,33.0,42.0,86.0,16.0,40.0,,,,2591.1,2616.6,58.16,47.77
TERRA LINDA HIGH SCHOOL,2023,122.0,78.0,40.0,0.639344262295082,0.5128205128205128,San Rafael,Marin,San Rafael City High,21654662134005,High Schools (Public),False,317.0,279.0,88.0,177.0,63.4,284.0,83.1,40.0,45.0,94.0,18.0,39.0,1189.0,572.0,0.48107653490328,2594.0,2566.5,57.54,36.88
TERRA LINDA HIGH SCHOOL,2024,115.0,85.0,40.0,0.7391304347826086,0.47058823529411764,San Rafael,Marin,San Rafael City High,21654662134005,High Schools (Public),False,305.0,280.0,91.8,186.0,66.4,,,,,,,,1205.0,604.0,0.5012448132780083,2619.9,2565.6,67.57,31.94
TERRA LINDA HIGH SCHOOL,2025,135.0,104.0,42.0,0.7703703703703704,0.40384615384615385,San Rafael,Marin,San Rafael City High,21654662134005,High Schools (Public),False,327.0,305.0,93.3,210.0,68.9,,,,,,,,1248.0,617.0,0.4943910256410256,2623.7,2588.5,70.85,38.83
TERRA NOVA HIGH SCHOOL,2005,52.0,50.0,28.0,0.9615384615384616,0.56,Pacifica,San Mateo,Jefferson Union High,41689244137535,High Schools (Public),False,,,,,,,,,,,,,,,,,,,
TERRA NOVA HIGH SCHOOL,2006,54.0,53.0,30.0,0.9814814814814815,0.5660377358490566,Pacifica,San Mateo,Jefferson Union High,41689244137535,High Schools (Public),False,,,,,,,,,,,,,,,,,,,
TERRA NOVA HIGH SCHOOL,2007,53.0,50.0,29.0,0.9433962264150944,0.58,Pacifica,San Mateo,Jefferson Union High,41689244137535,High Schools (Public),False,,,,,,,,,,,,,,,,,,,
TERRA NOVA HIGH SCHOOL,2008,60.0,56.0,30.0,0.9333333333333333,0.5357142857142857,Pacifica,San Mateo,Jefferson Union High,41689244137535,High Schools (Public),False,,,,,,,,,,,,,,,,,,,
TERRA NOVA HIGH SCHOOL,2009,43.0,39.0,19.0,0.9069767441860465,0.48717948717948717,Pacifica,San Mateo,Jefferson Union High,41689244137535,High Schools (Public),False,,,,,,,,,,,,,,,,,,,
TERRA NOVA HIGH SCHOOL,2010,33.0,26.0,18.0,0.7878787878787878,0.6923076923076923,Pacifica,San Mateo,Jefferson Union High,41689244137535,High Schools (Public),False,,,,,,,,,,,,,,,,,,,
TERRA NOVA HIGH SCHOOL,2011,48.0,33.0,23.0,0.6875,0.696969696969697,Pacifica,San Mateo,Jefferson Union High,41689244137535,High Schools (Public),False,,,,,,,,,,,,,,,,,,,
TERRA NOVA HIGH SCHOOL,2012,70.0,42.0,24.0,0.6,0.5714285714285714,Pacifica,San Mateo,Jefferson Union High,41689244137535,High Schools (Public),False,,,,,,,,,,,,,,,,,,,
TERRA NOVA HIGH SCHOOL,2013,58.0,33.0,20.0,0.5689655172413793,0.6060606060606061,Pacifica,San Mateo,Jefferson Union High,41689244137535,High Schools (Public),False,,,,,,,,,,,,,,,,,,,
TERRA NOVA HIGH SCHOOL,2014,42.0,25.0,14.0,0.5952380952380952,0.56,Pacifica,San Mateo,Jefferson Union High,41689244137535,High Schools (Public),False,,,,,,,,,,,,,1079.0,,,,,,
TERRA NOVA HIGH SCHOOL,2015,46.0,29.0,24.0,0.6304347826086957,0.8275862068965517,Pacifica,San Mateo,Jefferson Union High,41689244137535,High Schools (Public),False,,,,,,236.0,78.4,19.0,28.0,113.0,5.0,20.0,1037.0,195.0,0.1880424300867888,,,,
TERRA NOVA HIGH SCHOOL,2016,48.0,30.0,12.0,0.625,0.4,Pacifica,San Mateo,Jefferson Union High,41689244137535,High Schools (Public),False,,,,,,208.0,79.8,10.0,32.0,106.0,7.0,11.0,1012.0,196.0,0.1936758893280632,2607.9,2599.9,64.0,46.0
TERRA NOVA HIGH SCHOOL,2017,36.0,24.0,14.0,0.6666666666666666,0.5833333333333334,Pacifica,San Mateo,Jefferson Union High,41689244137535,High Schools (Public),False,206.0,193.0,93.7,78.0,40.4,194.0,73.2,15.0,21.0,93.0,4.0,9.0,982.0,186.0,0.1894093686354379,2619.8,2588.5,68.0,44.0
TERRA NOVA HIGH SCHOOL,2018,55.0,27.0,17.0,0.4909090909090909,0.6296296296296297,Pacifica,San Mateo,Jefferson Union High,41689244137535,High Schools (Public),False,235.0,222.0,94.5,64.0,28.8,225.0,83.6,17.0,28.0,121.0,7.0,15.0,914.0,201.0,0.2199124726477024,2616.0,2579.4,67.09,38.36
TERRA NOVA HIGH SCHOOL,2019,37.0,27.0,16.0,0.7297297297297297,0.5925925925925926,Pacifica,San Mateo,Jefferson Union High,41689244137535,High Schools (Public),False,208.0,197.0,94.7,84.0,42.6,198.0,82.3,15.0,30.0,93.0,5.0,20.0,812.0,133.0,0.1637931034482758,2600.9,2588.3,58.67,42.05
TERRA NOVA HIGH SCHOOL,2020,41.0,28.0,15.0,0.6829268292682927,0.5357142857142857,Pacifica,San Mateo,Jefferson Union High,41689244137535,High Schools (Public),False,217.0,208.0,95.9,104.0,50.0,209.0,79.9,15.0,26.0,109.0,4.0,13.0,808.0,136.0,0.1683168316831683,2589.6,2588.7,56.31,36.67
TERRA NOVA HIGH SCHOOL,2021,52.0,35.0,21.0,0.6730769230769231,0.6,Pacifica,San Mateo,Jefferson Union High,41689244137535,High Schools (Public),False,190.0,176.0,92.6,116.0,65.9,176.0,78.4,20.0,24.0,83.0,3.0,8.0,746.0,152.0,0.2037533512064343,,,,
TERRA NOVA HIGH SCHOOL,2022,47.0,31.0,13.0,0.6595744680851063,0.41935483870967744,Pacifica,San Mateo,Jefferson Union High,41689244137535,High Schools (Public),False,175.0,163.0,93.1,85.0,52.1,166.0,81.3,11.0,27.0,86.0,2.0,9.0,,,,2658.5,2674.6,80.56,78.79
TERRA NOVA HIGH SCHOOL,2023,37.0,25.0,13.0,0.6756756756756757,0.52,Pacifica,San Mateo,Jefferson Union High,41689244137535,High Schools (Public),False,191.0,171.0,89.5,101.0,59.1,174.0,83.9,13.0,26.0,85.0,8.0,14.0,739.0,149.0,0.2016238159675236,2637.4,2590.3,71.27,38.8
TERRA NOVA HIGH SCHOOL,2024,38.0,31.0,15.0,0.8157894736842105,0.4838709677419355,Pacifica,San Mateo,Jefferson Union High,41689244137535,High Schools (Public),False,166.0,155.0,93.4,86.0,55.5,,,,,,,,697.0,125.0,0.1793400286944046,2596.4,2571.4,58.97,34.64
TERRA NOVA HIGH SCHOOL,2025,48.0,36.0,13.0,0.75,0.3611111111111111,Pacifica,San Mateo,Jefferson Union High,41689244137535,High Schools (Public),False,171.0,163.0,95.3,103.0,63.2,,,,,,,,740.0,110.0,0.1486486486486486,2589.5,2584.5,54.07,40.94
THURGOOD MARSHALL ACADEMIC HS,2005,79.0,65.0,49.0,0.8227848101265823,0.7538461538461538,San Francisco,San Francisco,San Francisco Unified,38684783830403,High Schools (Public),False,,,,,,,,,,,,,,,,,,,
THURGOOD MARSHALL ACADEMIC HS,2006,82.0,72.0,48.0,0.8780487804878049,0.6666666666666666,San Francisco,San Francisco,San Francisco Unified,38684783830403,High Schools (Public),False,,,,,,,,,,,,,,,,,,,
THURGOOD MARSHALL ACADEMIC HS,2007,65.0,59.0,38.0,0.9076923076923077,0.6440677966101694,San Francisco,San Francisco,San Francisco Unified,38684783830403,High Schools (Public),False,,,,,,,,,,,,,,,,,,,
THURGOOD MARSHALL ACADEMIC HS,2008,55.0,45.0,30.0,0.8181818181818182,0.6666666666666666,San Francisco,San Francisco,San Francisco Unified,38684783830403,High Schools (Public),False,,,,,,,,,,,,,,,,,,,
THURGOOD MARSHALL ACADEMIC HS,2009,50.0,42.0,31.0,0.84,0.7380952380952381,San Francisco,San Francisco,San Francisco Unified,38684783830403,High Schools (Public),False,,,,,,,,,,,,,,,,,,,
THURGOOD MARSHALL ACADEMIC HS,2010,74.0,65.0,50.0,0.8783783783783784,0.7692307692307693,San Francisco,San Francisco,San Francisco Unified,38684783830403,High Schools (Public),False,,,,,,,,,,,,,,,,,,,
THURGOOD MARSHALL ACADEMIC HS,2011,41.0,30.0,20.0,0.7317073170731707,0.6666666666666666,San Francisco,San Francisco,San Francisco Unified,38684783830403,High Schools (Public),False,,,,,,,,,,,,,,,,,,,
THURGOOD MARSHALL ACADEMIC HS,2012,51.0,38.0,27.0,0.7450980392156863,0.7105263157894737,San Francisco,San Francisco,San Francisco Unified,38684783830403,High Schools (Public),False,,,,,,,,,,,,,,,,,,,
THURGOOD MARSHALL ACADEMIC HS,2013,54.0,40.0,30.0,0.7407407407407407,0.75,San Francisco,San Francisco,San Francisco Unified,38684783830403,High Schools (Public),False,,,,,,,,,,,,,,,,,,,
THURGOOD MARSHALL ACADEMIC HS,2014,55.0,38.0,29.0,0.6909090909090909,0.7631578947368421,San Francisco,San Francisco,San Francisco Unified,38684783830403,High Schools (Public),False,,,,,,,,,,,,,496.0,,,,,,
THURGOOD MARSHALL ACADEMIC HS,2015,42.0,20.0,13.0,0.47619047619047616,0.65,San Francisco,San Francisco,San Francisco Unified,38684783830403,High Schools (Public),False,,,,,,105.0,74.3,11.0,23.0,42.0,1.0,1.0,450.0,382.0,0.8488888888888889,,,,
THURGOOD MARSHALL ACADEMIC HS,2016,22.0,17.0,16.0,0.7727272727272727,0.9411764705882353,San Francisco,San Francisco,San Francisco Unified,38684783830403,High Schools (Public),False,,,,,,102.0,80.4,13.0,23.0,46.0,0.0,0.0,444.0,356.0,0.8018018018018018,2490.1,2514.3,26.0,17.0
THURGOOD MARSHALL ACADEMIC HS,2017,23.0,17.0,9.0,0.7391304347826086,0.5294117647058824,San Francisco,San Francisco,San Francisco Unified,38684783830403,High Schools (Public),False,108.0,80.0,74.1,38.0,47.5,86.0,68.6,8.0,20.0,28.0,2.0,1.0,463.0,293.0,0.6328293736501079,2469.7,2493.9,11.0,20.0
THURGOOD MARSHALL ACADEMIC HS,2018,23.0,16.0,11.0,0.6956521739130435,0.6875,San Francisco,San Francisco,San Francisco Unified,38684783830403,High Schools (Public),False,146.0,81.0,55.5,28.0,34.6,84.0,59.5,11.0,13.0,25.0,0.0,1.0,441.0,283.0,0.6417233560090703,2482.1,2492.7,20.0,21.52
THURGOOD MARSHALL ACADEMIC HS,2019,17.0,10.0,8.0,0.5882352941176471,0.8,San Francisco,San Francisco,San Francisco Unified,38684783830403,High Schools (Public),False,115.0,58.0,50.4,8.0,13.8,70.0,48.6,7.0,7.0,20.0,0.0,0.0,452.0,282.0,0.6238938053097345,2458.3,2487.7,15.79,11.25
THURGOOD MARSHALL ACADEMIC HS,2020,16.0,8,,0.5,,San Francisco,San Francisco,San Francisco Unified,38684783830403,High Schools (Public),False,107.0,70.0,65.4,18.0,25.7,86.0,47.7,2.0,17.0,19.0,2.0,1.0,509.0,294.0,0.5776031434184676,2461.4,2465.2,12.66,10.13
THURGOOD MARSHALL ACADEMIC HS,2021,21.0,14.0,6.0,0.6666666666666666,0.42857142857142855,San Francisco,San Francisco,San Francisco Unified,38684783830403,High Schools (Public),False,114.0,75.0,65.8,42.0,56.0,87.0,35.6,5.0,10.0,14.0,1.0,1.0,526.0,327.0,0.6216730038022814,,,,
THURGOOD MARSHALL ACADEMIC HS,2022,36.0,27.0,15.0,0.75,0.5555555555555556,San Francisco,San Francisco,San Francisco Unified,38684783830403,High Schools (Public),False,146.0,105.0,71.9,43.0,41.0,111.0,58.6,15.0,18.0,30.0,1.0,1.0,,,,,,,
THURGOOD MARSHALL ACADEMIC HS,2023,16.0,9.0,8.0,0.5625,0.8888888888888888,San Francisco,San Francisco,San Francisco Unified,38684783830403,High Schools (Public),False,116.0,88.0,75.9,40.0,45.5,93.0,57.0,7.0,14.0,31.0,0.0,1.0,457.0,303.0,0.6630196936542669,2442.2,2402.7,16.67,2.5
THURGOOD MARSHALL ACADEMIC HS,2024,12.0,10.0,5.0,0.8333333333333334,0.5,San Francisco,San Francisco,San Francisco Unified,38684783830403,High Schools (Public),False,90.0,61.0,67.8,24.0,39.3,,,,,,,,477.0,393.0,0.8238993710691824,2427.4,2420.9,13.24,5.88
THURGOOD MARSHALL ACADEMIC HS,2025,21.0,15.0,5.0,0.7142857142857143,0.3333333333333333,San Francisco,San Francisco,San Francisco Unified,38684783830403,High Schools (Public),False,140.0,86.0,61.4,30.0,34.9,,,,,,,,475.0,375.0,0.7894736842105263,2440.9,2397.2,12.5,2.6
TIDE ACADEMY,2023,34.0,24.0,11.0,0.7058823529411765,0.4583333333333333,Menlo Park,San Mateo,,,,,,,,,,,,,,,,,,,,,,,
TIDE ACADEMY,2024,12.0,8.0,3.0,0.6666666666666666,0.375,Menlo Park,San Mateo,,,,,,,,,,,,,,,,,,,,,,,
TIDE ACADEMY,2025,26.0,18.0,6.0,0.6923076923076923,0.3333333333333333,Menlo Park,San Mateo,,,,,,,,,,,,,,,,,,,,,,,
TOMALES HIGH SCHOOL,2006,7.0,7.0,3.0,1.0,0.42857142857142855,Tomales,Marin,Shoreline Unified,21733612134310,High Schools (Public),False,,,,,,,,,,,,,,,,,,,
TOMALES HIGH SCHOOL,2007,8.0,8.0,5.0,1.0,0.625,Tomales,Marin,Shoreline Unified,21733612134310,High Schools (Public),False,,,,,,,,,,,,,,,,,,,
TOMALES HIGH SCHOOL,2013,6.0,4,,0.6666666666666666,,Tomales,Marin,Shoreline Unified,21733612134310,High Schools (Public),False,,,,,,,,,,,,,,,,,,,
TOMALES HIGH SCHOOL,2014,5.0,,,,,Tomales,Marin,Shoreline Unified,21733612134310,High Schools (Public),False,,,,,,,,,,,,,172.0,,,,,,
TOMALES HIGH SCHOOL,2015,8.0,7,,0.875,,Tomales,Marin,Shoreline Unified,21733612134310,High Schools (Public),False,,,,,,50.0,78.0,1.0,10.0,24.0,1.0,3.0,171.0,110.0,0.6432748538011696,,,,
TOMALES HIGH SCHOOL,2016,11.0,6.0,5.0,0.5454545454545454,0.8333333333333334,Tomales,Marin,Shoreline Unified,21733612134310,High Schools (Public),False,,,,,,36.0,80.6,5.0,6.0,17.0,1.0,0.0,156.0,75.0,0.4807692307692308,2585.7,2607.3,52.0,52.0
TOMALES HIGH SCHOOL,2017,13.0,10,,0.7692307692307693,,Tomales,Marin,Shoreline Unified,21733612134310,High Schools (Public),False,41.0,39.0,95.1,19.0,48.7,39.0,64.1,1.0,11.0,12.0,1.0,0.0,155.0,97.0,0.6258064516129033,2577.8,2599.0,56.0,38.0
TOMALES HIGH SCHOOL,2018,10.0,7.0,3.0,0.7,0.42857142857142855,Tomales,Marin,Shoreline Unified,21733612134310,High Schools (Public),False,30.0,28.0,93.3,23.0,82.1,28.0,60.7,3.0,8.0,5.0,0.0,1.0,138.0,29.0,0.2101449275362318,2623.4,2580.0,60.71,40.0
TOMALES HIGH SCHOOL,2019,12.0,5,,0.4166666666666667,,Tomales,Marin,Shoreline Unified,21733612134310,High Schools (Public),False,35.0,33.0,94.3,22.0,66.7,33.0,66.7,0.0,14.0,7.0,0.0,1.0,156.0,105.0,0.6730769230769231,2588.9,2596.3,58.33,39.47
TOMALES HIGH SCHOOL,2020,6.0,6,,1.0,,Tomales,Marin,Shoreline Unified,21733612134310,High Schools (Public),False,33.0,33.0,100.0,17.0,51.5,33.0,54.5,1.0,11.0,6.0,0.0,0.0,165.0,89.0,0.5393939393939394,2527.3,2602.0,36.36,45.45
TOMALES HIGH SCHOOL,2021,10.0,9.0,4.0,0.9,0.4444444444444444,Tomales,Marin,Shoreline Unified,21733612134310,High Schools (Public),False,36.0,34.0,94.4,18.0,52.9,34.0,61.8,3.0,7.0,10.0,0.0,1.0,166.0,107.0,0.6445783132530121,,,,
TOMALES HIGH SCHOOL,2022,6.0,4.0,3.0,0.6666666666666666,0.75,Tomales,Marin,Shoreline Unified,21733612134310,High Schools (Public),False,41.0,38.0,92.7,15.0,39.5,38.0,71.1,3.0,5.0,17.0,0.0,2.0,,,,2524.0,2462.9,43.48,0.0
TOMALES HIGH SCHOOL,2023,13.0,9.0,5.0,0.6923076923076923,0.5555555555555556,Tomales,Marin,Shoreline Unified,21733612134310,High Schools (Public),False,42.0,39.0,92.9,20.0,51.3,41.0,73.2,5.0,13.0,11.0,1.0,0.0,143.0,89.0,0.6223776223776224,2572.1,2526.5,46.15,17.95
TOMALES HIGH SCHOOL,2024,9.0,7.0,3.0,0.7777777777777778,0.42857142857142855,Tomales,Marin,Shoreline Unified,21733612134310,High Schools (Public),False,36.0,34.0,94.4,12.0,35.3,,,,,,,,132.0,72.0,0.5454545454545454,2587.6,2555.8,41.38,30.0
TOMALES HIGH SCHOOL,2025,7.0,4,,0.5714285714285714,,Tomales,Marin,Shoreline Unified,21733612134310,High Schools (Public),False,28.0,27.0,96.4,11.0,40.7,,,,,,,,127.0,93.0,0.7322834645669292,2596.6,2524.7,66.67,22.22
UNIVERSITY PREP ACADEMY,2011,10.0,6.0,4.0,0.6,0.6666666666666666,San Jose,Santa Clara,Santa Clara County Office of Education,43104390113431,High Schools (Public),True,,,,,,,,,,,,,,,,,,,
UNIVERSITY PREP ACADEMY,2012,18.0,9,,0.5,,San Jose,Santa Clara,Santa Clara County Office of Education,43104390113431,High Schools (Public),True,,,,,,,,,,,,,,,,,,,
UNIVERSITY PREP ACADEMY,2013,17.0,11.0,5.0,0.6470588235294118,0.45454545454545453,San Jose,Santa Clara,Santa Clara County Office of Education,43104390113431,High Schools (Public),True,,,,,,,,,,,,,,,,,,,
UNIVERSITY PREP ACADEMY,2014,43.0,31.0,17.0,0.7209302325581395,0.5483870967741935,San Jose,Santa Clara,Santa Clara County Office of Education,43104390113431,High Schools (Public),True,,,,,,,,,,,,,560.0,,,,,,
UNIVERSITY PREP ACADEMY,2015,49.0,26.0,14.0,0.5306122448979592,0.5384615384615384,San Jose,Santa Clara,Santa Clara County Office of Education,43104390113431,High Schools (Public),True,,,,,,70.0,74.3,10.0,18.0,9.0,6.0,9.0,573.0,89.0,0.1553228621291448,,,,
UNIVERSITY PREP ACADEMY,2016,57.0,47.0,25.0,0.8245614035087719,0.5319148936170213,San Jose,Santa Clara,Santa Clara County Office of Education,43104390113431,High Schools (Public),True,,,,,,83.0,90.4,24.0,29.0,4.0,6.0,12.0,593.0,64.0,0.1079258010118043,2705.2,2696.3,97.0,72.0
UNIVERSITY PREP ACADEMY,2017,43.0,34.0,16.0,0.7906976744186046,0.47058823529411764,San Jose,Santa Clara,Santa Clara County Office of Education,43104390113431,High Schools (Public),True,86.0,80.0,93.0,80.0,100.0,82.0,90.2,13.0,26.0,20.0,7.0,8.0,616.0,113.0,0.1834415584415584,2673.5,2672.2,79.0,64.0
UNIVERSITY PREP ACADEMY,2018,57.0,41.0,29.0,0.7192982456140351,0.7073170731707317,San Jose,Santa Clara,Santa Clara County Office of Education,43104390113431,High Schools (Public),True,87.0,87.0,100.0,87.0,100.0,90.0,92.2,29.0,18.0,18.0,6.0,12.0,656.0,165.0,0.2515243902439024,2675.9,2672.7,80.9,66.67
UNIVERSITY PREP ACADEMY,2019,70.0,54.0,27.0,0.7714285714285715,0.5,San Jose,Santa Clara,Santa Clara County Office of Education,43104390113431,High Schools (Public),True,98.0,98.0,100.0,98.0,100.0,99.0,90.9,28.0,21.0,24.0,6.0,11.0,684.0,112.0,0.1637426900584795,2713.8,2698.7,90.72,72.16
UNIVERSITY PREP ACADEMY,2020,74.0,57.0,27.0,0.7702702702702703,0.47368421052631576,San Jose,Santa Clara,Santa Clara County Office of Education,43104390113431,High Schools (Public),True,108.0,106.0,98.1,106.0,100.0,106.0,88.7,26.0,31.0,20.0,8.0,9.0,698.0,206.0,0.2951289398280802,2684.9,2695.3,88.79,77.57
UNIVERSITY PREP ACADEMY,2021,65.0,46.0,23.0,0.7076923076923077,0.5,San Jose,Santa Clara,Santa Clara County Office of Education,43104390113431,High Schools (Public),True,95.0,90.0,94.7,88.0,97.8,91.0,94.5,22.0,25.0,27.0,4.0,8.0,702.0,236.0,0.3361823361823361,,,,
UNIVERSITY PREP ACADEMY,2022,82.0,47.0,21.0,0.573170731707317,0.44680851063829785,San Jose,Santa Clara,Santa Clara County Office of Education,43104390113431,High Schools (Public),True,111.0,102.0,91.9,102.0,100.0,113.0,93.8,20.0,28.0,29.0,10.0,19.0,,,,2709.3,2714.3,86.67,77.14
UNIVERSITY PREP ACADEMY,2023,82.0,54.0,29.0,0.6585365853658537,0.5370370370370371,San Jose,Santa Clara,Santa Clara County Office of Education,43104390113431,High Schools (Public),True,116.0,114.0,98.3,114.0,100.0,115.0,89.6,28.0,41.0,13.0,10.0,11.0,713.0,214.0,0.3001402524544179,2670.3,2667.0,80.34,62.18
UNIVERSITY PREP ACADEMY,2024,75.0,62.0,36.0,0.8266666666666667,0.5806451612903226,San Jose,Santa Clara,Santa Clara County Office of Education,43104390113431,High Schools (Public),True,102.0,100.0,98.0,100.0,100.0,,,,,,,,713.0,218.0,0.305750350631136,2672.3,2673.7,84.91,64.15
UNIVERSITY PREP ACADEMY,2025,83.0,62.0,28.0,0.7469879518072289,0.45161290322580644,San Jose,Santa Clara,Santa Clara County Office of Education,43104390113431,High Schools (Public),True,115.0,115.0,100.0,115.0,100.0,,,,,,,,727.0,202.0,0.2778541953232462,2667.7,2641.9,78.63,57.76
UNIVERSITY PREPARATORY CHARTER,2006,9.0,6,,0.6666666666666666,,Oakland,Alameda,,,,,,,,,,,,,,,,,,,,,,,
UNIVERSITY PREPARATORY CHARTER,2007,5.0,3,,0.6,,Oakland,Alameda,,,,,,,,,,,,,,,,,,,,,,,
VACAVILLE HIGH SCHOOL,2005,60.0,50.0,22.0,0.8333333333333334,0.44,Vacaville,Solano,Vacaville Unified,48705734837803,High Schools (Public),False,,,,,,,,,,,,,,,,,,,
VACAVILLE HIGH SCHOOL,2006,61.0,53.0,27.0,0.8688524590163934,0.5094339622641509,Vacaville,Solano,Vacaville Unified,48705734837803,High Schools (Public),False,,,,,,,,,,,,,,,,,,,
VACAVILLE HIGH SCHOOL,2007,56.0,52.0,22.0,0.9285714285714286,0.4230769230769231,Vacaville,Solano,Vacaville Unified,48705734837803,High Schools (Public),False,,,,,,,,,,,,,,,,,,,
VACAVILLE HIGH SCHOOL,2008,49.0,43.0,22.0,0.8775510204081632,0.5116279069767442,Vacaville,Solano,Vacaville Unified,48705734837803,High Schools (Public),False,,,,,,,,,,,,,,,,,,,
VACAVILLE HIGH SCHOOL,2009,72.0,62.0,36.0,0.8611111111111112,0.5806451612903226,Vacaville,Solano,Vacaville Unified,48705734837803,High Schools (Public),False,,,,,,,,,,,,,,,,,,,
VACAVILLE HIGH SCHOOL,2010,85.0,77.0,34.0,0.9058823529411765,0.44155844155844154,Vacaville,Solano,Vacaville Unified,48705734837803,High Schools (Public),False,,,,,,,,,,,,,,,,,,,
VACAVILLE HIGH SCHOOL,2011,66.0,37.0,19.0,0.5606060606060606,0.5135135135135135,Vacaville,Solano,Vacaville Unified,48705734837803,High Schools (Public),False,,,,,,,,,,,,,,,,,,,
VACAVILLE HIGH SCHOOL,2012,71.0,45.0,28.0,0.6338028169014085,0.6222222222222222,Vacaville,Solano,Vacaville Unified,48705734837803,High Schools (Public),False,,,,,,,,,,,,,,,,,,,
VACAVILLE HIGH SCHOOL,2013,69.0,42.0,28.0,0.6086956521739131,0.6666666666666666,Vacaville,Solano,Vacaville Unified,48705734837803,High Schools (Public),False,,,,,,,,,,,,,,,,,,,
VACAVILLE HIGH SCHOOL,2014,81.0,54.0,26.0,0.6666666666666666,0.48148148148148145,Vacaville,Solano,Vacaville Unified,48705734837803,High Schools (Public),False,,,,,,,,,,,,,1994.0,,,,,,
VACAVILLE HIGH SCHOOL,2015,89.0,50.0,37.0,0.5617977528089888,0.74,Vacaville,Solano,Vacaville Unified,48705734837803,High Schools (Public),False,,,,,,485.0,69.9,33.0,68.0,188.0,8.0,42.0,2005.0,577.0,0.2877805486284289,,,,
VACAVILLE HIGH SCHOOL,2016,88.0,62.0,40.0,0.7045454545454546,0.6451612903225806,Vacaville,Solano,Vacaville Unified,48705734837803,High Schools (Public),False,,,,,,465.0,65.4,38.0,56.0,168.0,13.0,29.0,1987.0,618.0,0.3110216406643181,2595.3,2584.3,59.0,37.0
VACAVILLE HIGH SCHOOL,2017,71.0,37.0,26.0,0.5211267605633803,0.7027027027027027,Vacaville,Solano,Vacaville Unified,48705734837803,High Schools (Public),False,446.0,422.0,94.6,248.0,58.8,419.0,63.7,25.0,61.0,124.0,7.0,50.0,1903.0,622.0,0.3268523384130321,2628.6,2584.8,70.0,36.0
VACAVILLE HIGH SCHOOL,2018,78.0,37.0,21.0,0.47435897435897434,0.5675675675675675,Vacaville,Solano,Vacaville Unified,48705734837803,High Schools (Public),False,451.0,435.0,96.5,267.0,61.4,436.0,70.4,21.0,60.0,174.0,10.0,42.0,1913.0,648.0,0.3387349712493466,2636.3,2605.8,72.77,43.71
VACAVILLE HIGH SCHOOL,2019,52.0,30.0,23.0,0.5769230769230769,0.7666666666666667,Vacaville,Solano,Vacaville Unified,48705734837803,High Schools (Public),False,442.0,421.0,95.2,263.0,62.5,426.0,68.1,22.0,62.0,153.0,8.0,45.0,1943.0,664.0,0.3417395779722079,2619.0,2597.0,64.18,40.73
VACAVILLE HIGH SCHOOL,2020,64.0,43.0,25.0,0.671875,0.5813953488372093,Vacaville,Solano,Vacaville Unified,48705734837803,High Schools (Public),False,453.0,435.0,96.0,283.0,65.1,438.0,66.0,25.0,42.0,182.0,13.0,27.0,1924.0,670.0,0.3482328482328482,2628.3,2601.7,69.17,40.24
VACAVILLE HIGH SCHOOL,2021,76.0,41.0,23.0,0.5394736842105263,0.5609756097560976,Vacaville,Solano,Vacaville Unified,48705734837803,High Schools (Public),False,429.0,407.0,94.9,262.0,64.4,406.0,61.6,22.0,51.0,133.0,7.0,37.0,1940.0,653.0,0.3365979381443299,,,,
VACAVILLE HIGH SCHOOL,2022,97.0,64.0,26.0,0.6597938144329897,0.40625,Vacaville,Solano,Vacaville Unified,48705734837803,High Schools (Public),False,515.0,499.0,96.9,298.0,59.7,499.0,62.3,24.0,50.0,173.0,9.0,55.0,,,,,,,
VACAVILLE HIGH SCHOOL,2023,79.0,50.0,21.0,0.6329113924050633,0.42,Vacaville,Solano,Vacaville Unified,48705734837803,High Schools (Public),False,430.0,409.0,95.1,239.0,58.4,410.0,66.1,21.0,54.0,159.0,11.0,26.0,1994.0,713.0,0.3575727181544634,2574.6,2533.8,46.6,23.47
VACAVILLE HIGH SCHOOL,2024,96.0,69.0,24.0,0.71875,0.34782608695652173,Vacaville,Solano,Vacaville Unified,48705734837803,High Schools (Public),False,512.0,487.0,95.1,298.0,61.2,,,,,,,,2027.0,812.0,0.4005920078934386,2587.1,2556.1,54.45,29.07
VACAVILLE HIGH SCHOOL,2025,79.0,61.0,32.0,0.7721518987341772,0.5245901639344263,Vacaville,Solano,Vacaville Unified,48705734837803,High Schools (Public),False,525.0,492.0,93.7,296.0,60.2,,,,,,,,2044.0,928.0,0.4540117416829745,2570.6,2543.1,50.32,24.09
VALLEJO HIGH SCHOOL,2005,36.0,28.0,19.0,0.7777777777777778,0.6785714285714286,Vallejo,Solano,Vallejo City Unified,48705814838504,High Schools (Public),False,,,,,,,,,,,,,,,,,,,
VALLEJO HIGH SCHOOL,2006,22.0,19.0,11.0,0.8636363636363636,0.5789473684210527,Vallejo,Solano,Vallejo City Unified,48705814838504,High Schools (Public),False,,,,,,,,,,,,,,,,,,,
VALLEJO HIGH SCHOOL,2007,30.0,28.0,23.0,0.9333333333333333,0.8214285714285714,Vallejo,Solano,Vallejo City Unified,48705814838504,High Schools (Public),False,,,,,,,,,,,,,,,,,,,
VALLEJO HIGH SCHOOL,2008,23.0,19.0,14.0,0.8260869565217391,0.7368421052631579,Vallejo,Solano,Vallejo City Unified,48705814838504,High Schools (Public),False,,,,,,,,,,,,,,,,,,,
VALLEJO HIGH SCHOOL,2009,22.0,17.0,8.0,0.7727272727272727,0.47058823529411764,Vallejo,Solano,Vallejo City Unified,48705814838504,High Schools (Public),False,,,,,,,,,,,,,,,,,,,
VALLEJO HIGH SCHOOL,2010,31.0,24.0,11.0,0.7741935483870968,0.4583333333333333,Vallejo,Solano,Vallejo City Unified,48705814838504,High Schools (Public),False,,,,,,,,,,,,,,,,,,,
VALLEJO HIGH SCHOOL,2011,23.0,18.0,10.0,0.782608695652174,0.5555555555555556,Vallejo,Solano,Vallejo City Unified,48705814838504,High Schools (Public),False,,,,,,,,,,,,,,,,,,,
VALLEJO HIGH SCHOOL,2012,20.0,11.0,6.0,0.55,0.5454545454545454,Vallejo,Solano,Vallejo City Unified,48705814838504,High Schools (Public),False,,,,,,,,,,,,,,,,,,,
VALLEJO HIGH SCHOOL,2013,23.0,15.0,8.0,0.6521739130434783,0.5333333333333333,Vallejo,Solano,Vallejo City Unified,48705814838504,High Schools (Public),False,,,,,,,,,,,,,,,,,,,
VALLEJO HIGH SCHOOL,2014,23.0,11.0,7.0,0.4782608695652174,0.6363636363636364,Vallejo,Solano,Vallejo City Unified,48705814838504,High Schools (Public),False,,,,,,,,,,,,,1764.0,,,,,,
VALLEJO HIGH SCHOOL,2015,28.0,12.0,8.0,0.42857142857142855,0.6666666666666666,Vallejo,Solano,Vallejo City Unified,48705814838504,High Schools (Public),False,,,,,,320.0,52.2,8.0,25.0,122.0,6.0,6.0,1792.0,1375.0,0.7672991071428571,,,,
VALLEJO HIGH SCHOOL,2016,27.0,17.0,11.0,0.6296296296296297,0.6470588235294118,Vallejo,Solano,Vallejo City Unified,48705814838504,High Schools (Public),False,,,,,,300.0,55.0,10.0,23.0,128.0,1.0,3.0,1688.0,1152.0,0.6824644549763034,2541.0,2503.6,37.0,15.0
VALLEJO HIGH SCHOOL,2017,25.0,18.0,9.0,0.72,0.5,Vallejo,Solano,Vallejo City Unified,48705814838504,High Schools (Public),False,399.0,283.0,70.9,89.0,31.4,285.0,54.0,8.0,16.0,119.0,9.0,2.0,1612.0,1148.0,0.7121588089330024,2516.4,2477.0,27.0,8.0
VALLEJO HIGH SCHOOL,2018,29.0,16.0,10.0,0.5517241379310345,0.625,Vallejo,Solano,Vallejo City Unified,48705814838504,High Schools (Public),False,414.0,292.0,70.5,104.0,35.6,294.0,52.0,9.0,21.0,118.0,2.0,3.0,1700.0,1225.0,0.7205882352941176,2519.0,2479.5,31.38,10.05
VALLEJO HIGH SCHOOL,2019,27.0,17.0,8.0,0.6296296296296297,0.47058823529411764,Vallejo,Solano,Vallejo City Unified,48705814838504,High Schools (Public),False,395.0,260.0,65.8,82.0,31.5,266.0,44.0,7.0,17.0,86.0,2.0,5.0,1643.0,1120.0,0.6816798539257456,2482.6,2465.2,19.41,9.57
VALLEJO HIGH SCHOOL,2020,12.0,7,,0.5833333333333334,,Vallejo,Solano,Vallejo City Unified,48705814838504,High Schools (Public),False,401.0,291.0,72.6,85.0,29.2,298.0,40.9,2.0,16.0,96.0,0.0,8.0,1593.0,1069.0,0.6710608913998745,2502.6,2493.6,24.79,11.58
VALLEJO HIGH SCHOOL,2021,26.0,15.0,5.0,0.5769230769230769,0.3333333333333333,Vallejo,Solano,Vallejo City Unified,48705814838504,High Schools (Public),False,366.0,262.0,71.6,99.0,37.8,259.0,48.3,4.0,20.0,92.0,2.0,7.0,1534.0,1179.0,0.7685788787483703,,,,
VALLEJO HIGH SCHOOL,2022,16.0,13.0,8.0,0.8125,0.6153846153846154,Vallejo,Solano,Vallejo City Unified,48705814838504,High Schools (Public),False,368.0,290.0,78.8,82.0,28.3,273.0,41.8,6.0,15.0,81.0,4.0,8.0,,,,2555.6,2512.7,44.83,11.54
VALLEJO HIGH SCHOOL,2023,21.0,16.0,5.0,0.7619047619047619,0.3125,Vallejo,Solano,Vallejo City Unified,48705814838504,High Schools (Public),False,335.0,235.0,70.1,63.0,26.8,241.0,44.8,5.0,10.0,86.0,3.0,4.0,1335.0,1073.0,0.80374531835206,2486.0,2486.4,22.36,10.78
VALLEJO HIGH SCHOOL,2024,27.0,17.0,10.0,0.6296296296296297,0.5882352941176471,Vallejo,Solano,Vallejo City Unified,48705814838504,High Schools (Public),False,346.0,232.0,67.1,63.0,27.2,,,,,,,,1193.0,1017.0,0.8524727577535625,2504.4,2496.4,27.54,11.99
VALLEJO HIGH SCHOOL,2025,21.0,14.0,6.0,0.6666666666666666,0.42857142857142855,Vallejo,Solano,Vallejo City Unified,48705814838504,High Schools (Public),False,319.0,230.0,72.1,50.0,21.7,,,,,,,,1146.0,966.0,0.8429319371727748,2506.0,2502.5,29.35,18.38
VANDEN HIGH SCHOOL,2005,44.0,41.0,17.0,0.9318181818181818,0.4146341463414634,Fairfield,Solano,Travis Unified,48705654838801,High Schools (Public),False,,,,,,,,,,,,,,,,,,,
VANDEN HIGH SCHOOL,2006,37.0,31.0,18.0,0.8378378378378378,0.5806451612903226,Fairfield,Solano,Travis Unified,48705654838801,High Schools (Public),False,,,,,,,,,,,,,,,,,,,
VANDEN HIGH SCHOOL,2007,49.0,37.0,20.0,0.7551020408163265,0.5405405405405406,Fairfield,Solano,Travis Unified,48705654838801,High Schools (Public),False,,,,,,,,,,,,,,,,,,,
VANDEN HIGH SCHOOL,2008,52.0,42.0,16.0,0.8076923076923077,0.38095238095238093,Fairfield,Solano,Travis Unified,48705654838801,High Schools (Public),False,,,,,,,,,,,,,,,,,,,
VANDEN HIGH SCHOOL,2009,48.0,38.0,22.0,0.7916666666666666,0.5789473684210527,Fairfield,Solano,Travis Unified,48705654838801,High Schools (Public),False,,,,,,,,,,,,,,,,,,,
VANDEN HIGH SCHOOL,2010,39.0,36.0,18.0,0.9230769230769231,0.5,Fairfield,Solano,Travis Unified,48705654838801,High Schools (Public),False,,,,,,,,,,,,,,,,,,,
VANDEN HIGH SCHOOL,2011,48.0,31.0,18.0,0.6458333333333334,0.5806451612903226,Fairfield,Solano,Travis Unified,48705654838801,High Schools (Public),False,,,,,,,,,,,,,,,,,,,
VANDEN HIGH SCHOOL,2012,63.0,43.0,29.0,0.6825396825396826,0.6744186046511628,Fairfield,Solano,Travis Unified,48705654838801,High Schools (Public),False,,,,,,,,,,,,,,,,,,,
VANDEN HIGH SCHOOL,2013,83.0,46.0,28.0,0.5542168674698795,0.6086956521739131,Fairfield,Solano,Travis Unified,48705654838801,High Schools (Public),False,,,,,,,,,,,,,,,,,,,
VANDEN HIGH SCHOOL,2014,73.0,42.0,27.0,0.5753424657534246,0.6428571428571429,Fairfield,Solano,Travis Unified,48705654838801,High Schools (Public),False,,,,,,,,,,,,,1645.0,,,,,,
VANDEN HIGH SCHOOL,2015,66.0,41.0,31.0,0.6212121212121212,0.7560975609756098,Fairfield,Solano,Travis Unified,48705654838801,High Schools (Public),False,,,,,,322.0,71.7,30.0,35.0,138.0,6.0,22.0,1633.0,434.0,0.2657685241886099,,,,
VANDEN HIGH SCHOOL,2016,62.0,34.0,26.0,0.5483870967741935,0.7647058823529411,Fairfield,Solano,Travis Unified,48705654838801,High Schools (Public),False,,,,,,374.0,78.3,26.0,49.0,170.0,6.0,42.0,1655.0,406.0,0.2453172205438066,2637.1,2580.5,75.0,31.0
VANDEN HIGH SCHOOL,2017,75.0,42.0,24.0,0.56,0.5714285714285714,Fairfield,Solano,Travis Unified,48705654838801,High Schools (Public),False,357.0,349.0,97.8,186.0,53.3,350.0,67.4,24.0,48.0,126.0,6.0,32.0,1678.0,391.0,0.233015494636472,2642.0,2600.1,77.0,41.0
VANDEN HIGH SCHOOL,2018,83.0,49.0,29.0,0.5903614457831325,0.5918367346938775,Fairfield,Solano,Travis Unified,48705654838801,High Schools (Public),False,389.0,386.0,99.2,175.0,45.3,388.0,70.4,27.0,46.0,164.0,5.0,31.0,1744.0,439.0,0.2517201834862385,2642.4,2583.9,76.9,33.33
VANDEN HIGH SCHOOL,2019,72.0,34.0,23.0,0.4722222222222222,0.6764705882352942,Fairfield,Solano,Travis Unified,48705654838801,High Schools (Public),False,363.0,358.0,98.6,185.0,51.7,359.0,72.1,21.0,61.0,140.0,3.0,34.0,1730.0,437.0,0.2526011560693642,2631.1,2597.2,72.0,39.94
VANDEN HIGH SCHOOL,2020,74.0,46.0,30.0,0.6216216216216216,0.6521739130434783,Fairfield,Solano,Travis Unified,48705654838801,High Schools (Public),False,379.0,371.0,97.9,210.0,56.6,373.0,75.9,28.0,37.0,180.0,5.0,33.0,1700.0,416.0,0.2447058823529412,2617.6,2581.8,67.59,34.6
VANDEN HIGH SCHOOL,2021,84.0,49.0,28.0,0.5833333333333334,0.5714285714285714,Fairfield,Solano,Travis Unified,48705654838801,High Schools (Public),False,389.0,382.0,98.2,203.0,53.1,386.0,70.7,26.0,49.0,166.0,12.0,20.0,1678.0,395.0,0.235399284862932,,,,
VANDEN HIGH SCHOOL,2022,75.0,46.0,28.0,0.6133333333333333,0.6086956521739131,Fairfield,Solano,Travis Unified,48705654838801,High Schools (Public),False,379.0,372.0,98.2,208.0,55.9,374.0,73.3,29.0,43.0,157.0,8.0,37.0,,,,,,,
VANDEN HIGH SCHOOL,2023,94.0,50.0,24.0,0.5319148936170213,0.48,Fairfield,Solano,Travis Unified,48705654838801,High Schools (Public),False,385.0,384.0,99.7,197.0,51.3,380.0,76.1,21.0,53.0,178.0,6.0,31.0,1640.0,657.0,0.400609756097561,2629.7,2570.5,72.27,29.79
VANDEN HIGH SCHOOL,2024,83.0,52.0,26.0,0.6265060240963856,0.5,Fairfield,Solano,Travis Unified,48705654838801,High Schools (Public),False,370.0,367.0,99.2,186.0,50.7,,,,,,,,1619.0,660.0,0.4076590487955528,2584.2,2573.9,52.38,31.46
VANDEN HIGH SCHOOL,2025,80.0,52.0,30.0,0.65,0.5769230769230769,Fairfield,Solano,Travis Unified,48705654838801,High Schools (Public),False,425.0,423.0,99.5,208.0,49.2,,,,,,,,1631.0,670.0,0.410790925812385,2591.0,2558.8,55.9,27.87
VENTURE SCHOOL,2007,11.0,9.0,6.0,0.8181818181818182,0.6666666666666666,San Ramon,Contra Costa,San Ramon Valley Unified,07618040730218,Alternative Schools of Choice,False,,,,,,,,,,,,,,,,,,,
VENTURE SCHOOL,2010,9.0,9.0,5.0,1.0,0.5555555555555556,San Ramon,Contra Costa,San Ramon Valley Unified,07618040730218,Alternative Schools of Choice,False,,,,,,,,,,,,,,,,,,,
VENTURE SCHOOL,2011,7.0,6.0,3.0,0.8571428571428571,0.5,San Ramon,Contra Costa,San Ramon Valley Unified,07618040730218,Alternative Schools of Choice,False,,,,,,,,,,,,,,,,,,,
VENTURE SCHOOL,2012,5.0,,,,,San Ramon,Contra Costa,San Ramon Valley Unified,07618040730218,Alternative Schools of Choice,False,,,,,,,,,,,,,,,,,,,
VENTURE SCHOOL,2013,6.0,3,,0.5,,San Ramon,Contra Costa,San Ramon Valley Unified,07618040730218,Alternative Schools of Choice,False,,,,,,,,,,,,,,,,,,,
VENTURE SCHOOL,2015,7.0,3,,0.42857142857142855,,San Ramon,Contra Costa,San Ramon Valley Unified,07618040730218,Alternative Schools of Choice,False,,,,,,111.0,49.5,0.0,6.0,39.0,4.0,6.0,214.0,9.0,0.0420560747663551,,,,
VENTURE SCHOOL,2016,8.0,5.0,3.0,0.625,0.6,San Ramon,Contra Costa,San Ramon Valley Unified,07618040730218,Alternative Schools of Choice,False,,,,,,74.0,56.8,3.0,4.0,28.0,4.0,3.0,182.0,9.0,0.0494505494505494,2641.4,2578.1,65.0,32.0
VENTURE SCHOOL,2018,7.0,4,,0.5714285714285714,,San Ramon,Contra Costa,San Ramon Valley Unified,07618040730218,Alternative Schools of Choice,False,82.0,54.0,65.9,10.0,18.5,79.0,64.6,1.0,2.0,37.0,3.0,8.0,176.0,13.0,0.0738636363636363,2639.6,2577.3,77.27,30.95
VENTURE SCHOOL,2020,5.0,4.0,3.0,0.8,0.75,San Ramon,Contra Costa,San Ramon Valley Unified,07618040730218,Alternative Schools of Choice,False,61.0,51.0,83.6,3.0,5.9,60.0,60.0,4.0,0.0,27.0,3.0,2.0,142.0,10.0,0.0704225352112676,2623.3,2592.2,62.75,30.0
VENTURE SCHOOL,2021,8.0,6.0,3.0,0.75,0.5,San Ramon,Contra Costa,San Ramon Valley Unified,07618040730218,Alternative Schools of Choice,False,64.0,52.0,81.3,1.0,1.9,51.0,60.8,3.0,2.0,20.0,0.0,6.0,236.0,14.0,0.059322033898305,,,,
VENTURE SCHOOL,2022,6.0,4,,0.6666666666666666,,San Ramon,Contra Costa,San Ramon Valley Unified,07618040730218,Alternative Schools of Choice,False,74.0,62.0,83.8,4.0,6.5,71.0,59.2,2.0,4.0,28.0,1.0,7.0,,,,,,,
VENTURE SCHOOL,2024,6.0,,,,,San Ramon,Contra Costa,San Ramon Valley Unified,07618040730218,Alternative Schools of Choice,False,40.0,36.0,90.0,5.0,13.9,,,,,,,,83.0,7.0,0.0843373493975903,2649.5,2565.4,84.62,15.38
VINTAGE HIGH SCHOOL,2005,67.0,54.0,31.0,0.8059701492537313,0.5740740740740741,Napa,Napa,Napa Valley Unified,28662662830016,High Schools (Public),False,,,,,,,,,,,,,,,,,,,
VINTAGE HIGH SCHOOL,2006,69.0,63.0,32.0,0.9130434782608695,0.5079365079365079,Napa,Napa,Napa Valley Unified,28662662830016,High Schools (Public),False,,,,,,,,,,,,,,,,,,,
VINTAGE HIGH SCHOOL,2007,88.0,77.0,46.0,0.875,0.5974025974025974,Napa,Napa,Napa Valley Unified,28662662830016,High Schools (Public),False,,,,,,,,,,,,,,,,,,,
VINTAGE HIGH SCHOOL,2008,55.0,49.0,25.0,0.8909090909090909,0.5102040816326531,Napa,Napa,Napa Valley Unified,28662662830016,High Schools (Public),False,,,,,,,,,,,,,,,,,,,
VINTAGE HIGH SCHOOL,2009,57.0,48.0,24.0,0.8421052631578947,0.5,Napa,Napa,Napa Valley Unified,28662662830016,High Schools (Public),False,,,,,,,,,,,,,,,,,,,
VINTAGE HIGH SCHOOL,2010,73.0,63.0,29.0,0.863013698630137,0.4603174603174603,Napa,Napa,Napa Valley Unified,28662662830016,High Schools (Public),False,,,,,,,,,,,,,,,,,,,
VINTAGE HIGH SCHOOL,2011,68.0,46.0,28.0,0.6764705882352942,0.6086956521739131,Napa,Napa,Napa Valley Unified,28662662830016,High Schools (Public),False,,,,,,,,,,,,,,,,,,,
VINTAGE HIGH SCHOOL,2012,68.0,44.0,31.0,0.6470588235294118,0.7045454545454546,Napa,Napa,Napa Valley Unified,28662662830016,High Schools (Public),False,,,,,,,,,,,,,,,,,,,
VINTAGE HIGH SCHOOL,2013,38.0,22.0,13.0,0.5789473684210527,0.5909090909090909,Napa,Napa,Napa Valley Unified,28662662830016,High Schools (Public),False,,,,,,,,,,,,,,,,,,,
VINTAGE HIGH SCHOOL,2014,71.0,37.0,19.0,0.5211267605633803,0.5135135135135135,Napa,Napa,Napa Valley Unified,28662662830016,High Schools (Public),False,,,,,,,,,,,,,1773.0,,,,,,
VINTAGE HIGH SCHOOL,2015,72.0,37.0,24.0,0.5138888888888888,0.6486486486486487,Napa,Napa,Napa Valley Unified,28662662830016,High Schools (Public),False,,,,,,368.0,74.5,24.0,34.0,177.0,12.0,27.0,1808.0,658.0,0.3639380530973451,,,,
VINTAGE HIGH SCHOOL,2016,67.0,41.0,21.0,0.6119402985074627,0.5121951219512195,Napa,Napa,Napa Valley Unified,28662662830016,High Schools (Public),False,,,,,,402.0,75.4,21.0,38.0,218.0,8.0,18.0,1845.0,739.0,0.4005420054200542,2591.4,2569.9,55.0,29.0
VINTAGE HIGH SCHOOL,2017,75.0,37.0,19.0,0.49333333333333335,0.5135135135135135,Napa,Napa,Napa Valley Unified,28662662830016,High Schools (Public),False,398.0,370.0,93.0,198.0,53.5,383.0,75.5,19.0,39.0,180.0,11.0,40.0,1815.0,728.0,0.4011019283746556,2610.4,2566.6,65.0,29.0
VINTAGE HIGH SCHOOL,2018,72.0,34.0,21.0,0.4722222222222222,0.6176470588235294,Napa,Napa,Napa Valley Unified,28662662830016,High Schools (Public),False,424.0,400.0,94.3,216.0,54.0,417.0,72.2,21.0,34.0,199.0,13.0,34.0,1782.0,735.0,0.4124579124579124,2602.1,2563.3,59.86,29.23
VINTAGE HIGH SCHOOL,2019,84.0,43.0,23.0,0.5119047619047619,0.5348837209302325,Napa,Napa,Napa Valley Unified,28662662830016,High Schools (Public),False,400.0,372.0,93.0,215.0,57.8,375.0,78.7,21.0,44.0,178.0,7.0,45.0,1801.0,716.0,0.3975569128262076,2605.9,2563.7,59.01,31.09
VINTAGE HIGH SCHOOL,2020,79.0,49.0,15.0,0.620253164556962,0.30612244897959184,Napa,Napa,Napa Valley Unified,28662662830016,High Schools (Public),False,387.0,372.0,96.1,218.0,58.6,374.0,75.1,16.0,35.0,200.0,11.0,19.0,1814.0,697.0,0.3842337375964719,2580.6,2559.0,50.13,28.28
VINTAGE HIGH SCHOOL,2021,99.0,60.0,26.0,0.6060606060606061,0.43333333333333335,Napa,Napa,Napa Valley Unified,28662662830016,High Schools (Public),False,407.0,395.0,97.1,239.0,60.5,403.0,72.7,23.0,38.0,186.0,7.0,39.0,1882.0,801.0,0.4256110520722636,,,,
VINTAGE HIGH SCHOOL,2022,111.0,69.0,25.0,0.6216216216216216,0.36231884057971014,Napa,Napa,Napa Valley Unified,28662662830016,High Schools (Public),False,415.0,402.0,96.9,227.0,56.5,404.0,75.7,21.0,38.0,185.0,15.0,47.0,,,,,,,
VINTAGE HIGH SCHOOL,2023,90.0,61.0,28.0,0.6777777777777778,0.45901639344262296,Napa,Napa,Napa Valley Unified,28662662830016,High Schools (Public),False,441.0,420.0,95.2,201.0,47.9,426.0,70.0,26.0,38.0,185.0,10.0,39.0,1753.0,935.0,0.5333713633770679,2547.4,2514.4,38.8,17.43
VINTAGE HIGH SCHOOL,2024,105.0,70.0,33.0,0.6666666666666666,0.4714285714285714,Napa,Napa,Napa Valley Unified,28662662830016,High Schools (Public),False,458.0,441.0,96.3,214.0,48.5,,,,,,,,1712.0,932.0,0.544392523364486,2567.1,2515.9,49.2,17.91
VINTAGE HIGH SCHOOL,2025,72.0,55.0,23.0,0.7638888888888888,0.41818181818181815,Napa,Napa,Napa Valley Unified,28662662830016,High Schools (Public),False,386.0,374.0,96.9,184.0,49.2,,,,,,,,1622.0,937.0,0.5776818742293465,2581.0,2536.4,54.5,22.05
VISTA HIGH SCHOOL,2025,5.0,3,,0.6,,Richmond,Contra Costa,West Contra Costa Unified,07617960730325,Alternative Schools of Choice,False,85.0,68.0,80.0,15.0,22.1,,,,,,,,420.0,221.0,0.5261904761904762,2522.0,2466.9,25.0,4.08
WASHINGTON HIGH SCHOOL,2005,90.0,80.0,50.0,0.8888888888888888,0.625,Fremont,Alameda,Fremont Unified,01611760138693,High Schools (Public),False,,,,,,,,,,,,,,,,,,,
WASHINGTON HIGH SCHOOL,2006,100.0,85.0,59.0,0.85,0.6941176470588235,Fremont,Alameda,Fremont Unified,01611760138693,High Schools (Public),False,,,,,,,,,,,,,,,,,,,
WASHINGTON HIGH SCHOOL,2007,112.0,92.0,52.0,0.8214285714285714,0.5652173913043478,Fremont,Alameda,Fremont Unified,01611760138693,High Schools (Public),False,,,,,,,,,,,,,,,,,,,
WASHINGTON HIGH SCHOOL,2008,115.0,99.0,55.0,0.8608695652173913,0.5555555555555556,Fremont,Alameda,Fremont Unified,01611760138693,High Schools (Public),False,,,,,,,,,,,,,,,,,,,
WASHINGTON HIGH SCHOOL,2009,104.0,88.0,46.0,0.8461538461538461,0.5227272727272727,Fremont,Alameda,Fremont Unified,01611760138693,High Schools (Public),False,,,,,,,,,,,,,,,,,,,
WASHINGTON HIGH SCHOOL,2010,94.0,88.0,42.0,0.9361702127659575,0.4772727272727273,Fremont,Alameda,Fremont Unified,01611760138693,High Schools (Public),False,,,,,,,,,,,,,,,,,,,
WASHINGTON HIGH SCHOOL,2011,102.0,84.0,49.0,0.8235294117647058,0.5833333333333334,Fremont,Alameda,Fremont Unified,01611760138693,High Schools (Public),False,,,,,,,,,,,,,,,,,,,
WASHINGTON HIGH SCHOOL,2012,114.0,73.0,52.0,0.6403508771929824,0.7123287671232876,Fremont,Alameda,Fremont Unified,01611760138693,High Schools (Public),False,,,,,,,,,,,,,,,,,,,
WASHINGTON HIGH SCHOOL,2013,109.0,76.0,51.0,0.6972477064220184,0.6710526315789473,Fremont,Alameda,Fremont Unified,01611760138693,High Schools (Public),False,,,,,,,,,,,,,,,,,,,
WASHINGTON HIGH SCHOOL,2014,126.0,96.0,63.0,0.7619047619047619,0.65625,Fremont,Alameda,Fremont Unified,01611760138693,High Schools (Public),False,,,,,,,,,,,,,1835.0,,,,,,
WASHINGTON HIGH SCHOOL,2015,149.0,94.0,51.0,0.6308724832214765,0.5425531914893617,Fremont,Alameda,Fremont Unified,01611760138693,High Schools (Public),False,,,,,,428.0,78.5,43.0,61.0,180.0,22.0,30.0,1833.0,388.0,0.2116748499727223,,,,
WASHINGTON HIGH SCHOOL,2016,109.0,75.0,43.0,0.6880733944954128,0.5733333333333334,Fremont,Alameda,Fremont Unified,01611760138693,High Schools (Public),False,,,,,,385.0,76.4,39.0,48.0,171.0,13.0,23.0,1822.0,532.0,0.29198682766191,2612.1,2604.2,61.0,44.0
WASHINGTON HIGH SCHOOL,2017,141.0,96.0,55.0,0.6808510638297872,0.5729166666666666,Fremont,Alameda,Fremont Unified,01611760138693,High Schools (Public),False,409.0,388.0,94.9,227.0,58.5,393.0,78.9,49.0,58.0,162.0,9.0,32.0,1897.0,422.0,0.2224565102793885,2656.0,2626.1,76.0,53.0
WASHINGTON HIGH SCHOOL,2018,169.0,110.0,64.0,0.650887573964497,0.5818181818181818,Fremont,Alameda,Fremont Unified,01611760138693,High Schools (Public),False,464.0,445.0,95.9,235.0,52.8,448.0,80.1,57.0,93.0,159.0,14.0,36.0,1940.0,519.0,0.2675257731958763,2658.9,2639.3,77.97,54.41
WASHINGTON HIGH SCHOOL,2019,156.0,100.0,60.0,0.6410256410256411,0.6,Fremont,Alameda,Fremont Unified,01611760138693,High Schools (Public),False,440.0,413.0,93.9,198.0,47.9,418.0,82.1,58.0,66.0,173.0,13.0,33.0,1918.0,568.0,0.2961418143899896,2648.0,2626.5,72.41,53.32
WASHINGTON HIGH SCHOOL,2020,171.0,139.0,83.0,0.8128654970760234,0.5971223021582733,Fremont,Alameda,Fremont Unified,01611760138693,High Schools (Public),False,464.0,424.0,91.4,271.0,63.9,428.0,78.0,76.0,58.0,152.0,15.0,33.0,1930.0,512.0,0.2652849740932642,2650.1,2635.3,72.52,56.76
WASHINGTON HIGH SCHOOL,2021,183.0,118.0,59.0,0.644808743169399,0.5,Fremont,Alameda,Fremont Unified,01611760138693,High Schools (Public),False,443.0,416.0,93.9,277.0,66.6,412.0,76.9,54.0,67.0,143.0,13.0,40.0,1911.0,545.0,0.2851909994767138,,,,
WASHINGTON HIGH SCHOOL,2022,205.0,145.0,86.0,0.7073170731707317,0.593103448275862,Fremont,Alameda,Fremont Unified,01611760138693,High Schools (Public),False,467.0,437.0,93.6,292.0,66.8,447.0,77.2,81.0,65.0,146.0,21.0,32.0,,,,2657.2,2664.7,73.68,60.87
WASHINGTON HIGH SCHOOL,2023,213.0,174.0,87.0,0.8169014084507042,0.5,Fremont,Alameda,Fremont Unified,01611760138693,High Schools (Public),False,468.0,433.0,92.5,304.0,70.2,440.0,82.0,84.0,73.0,146.0,17.0,41.0,1931.0,516.0,0.2672190574831693,2669.7,2648.4,76.96,58.65
WASHINGTON HIGH SCHOOL,2024,190.0,158.0,75.0,0.8315789473684211,0.47468354430379744,Fremont,Alameda,Fremont Unified,01611760138693,High Schools (Public),False,440.0,406.0,92.3,268.0,66.0,,,,,,,,1901.0,580.0,0.3051025775907417,2640.9,2618.1,69.03,52.0
WASHINGTON HIGH SCHOOL,2025,186.0,164.0,80.0,0.8817204301075269,0.4878048780487805,Fremont,Alameda,Fremont Unified,01611760138693,High Schools (Public),False,484.0,451.0,93.2,278.0,61.6,,,,,,,,1957.0,713.0,0.3643331630045989,2645.1,2623.1,71.88,50.0
WESTMONT HIGH SCHOOL,2005,62.0,57.0,29.0,0.9193548387096774,0.5087719298245614,Campbell,Santa Clara,Campbell Union High,43694014338505,High Schools (Public),False,,,,,,,,,,,,,,,,,,,
WESTMONT HIGH SCHOOL,2006,66.0,61.0,31.0,0.9242424242424242,0.5081967213114754,Campbell,Santa Clara,Campbell Union High,43694014338505,High Schools (Public),False,,,,,,,,,,,,,,,,,,,
WESTMONT HIGH SCHOOL,2007,59.0,55.0,25.0,0.9322033898305084,0.45454545454545453,Campbell,Santa Clara,Campbell Union High,43694014338505,High Schools (Public),False,,,,,,,,,,,,,,,,,,,
WESTMONT HIGH SCHOOL,2008,64.0,57.0,31.0,0.890625,0.543859649122807,Campbell,Santa Clara,Campbell Union High,43694014338505,High Schools (Public),False,,,,,,,,,,,,,,,,,,,
WESTMONT HIGH SCHOOL,2009,72.0,64.0,30.0,0.8888888888888888,0.46875,Campbell,Santa Clara,Campbell Union High,43694014338505,High Schools (Public),False,,,,,,,,,,,,,,,,,,,
WESTMONT HIGH SCHOOL,2010,73.0,60.0,24.0,0.821917808219178,0.4,Campbell,Santa Clara,Campbell Union High,43694014338505,High Schools (Public),False,,,,,,,,,,,,,,,,,,,
WESTMONT HIGH SCHOOL,2011,82.0,59.0,30.0,0.7195121951219512,0.5084745762711864,Campbell,Santa Clara,Campbell Union High,43694014338505,High Schools (Public),False,,,,,,,,,,,,,,,,,,,
WESTMONT HIGH SCHOOL,2012,89.0,61.0,37.0,0.6853932584269663,0.6065573770491803,Campbell,Santa Clara,Campbell Union High,43694014338505,High Schools (Public),False,,,,,,,,,,,,,,,,,,,
WESTMONT HIGH SCHOOL,2013,75.0,49.0,31.0,0.6533333333333333,0.6326530612244898,Campbell,Santa Clara,Campbell Union High,43694014338505,High Schools (Public),False,,,,,,,,,,,,,,,,,,,
WESTMONT HIGH SCHOOL,2014,106.0,66.0,41.0,0.6226415094339622,0.6212121212121212,Campbell,Santa Clara,Campbell Union High,43694014338505,High Schools (Public),False,,,,,,,,,,,,,1573.0,,,,,,
WESTMONT HIGH SCHOOL,2015,86.0,46.0,26.0,0.5348837209302325,0.5652173913043478,Campbell,Santa Clara,Campbell Union High,43694014338505,High Schools (Public),False,,,,,,313.0,68.1,21.0,33.0,112.0,11.0,36.0,1537.0,350.0,0.2277163305139883,,,,
WESTMONT HIGH SCHOOL,2016,108.0,80.0,49.0,0.7407407407407407,0.6125,Campbell,Santa Clara,Campbell Union High,43694014338505,High Schools (Public),False,,,,,,333.0,69.4,45.0,45.0,97.0,15.0,29.0,1541.0,322.0,0.208955223880597,2638.0,2614.2,74.0,48.0
WESTMONT HIGH SCHOOL,2017,105.0,68.0,43.0,0.6476190476190476,0.6323529411764706,Campbell,Santa Clara,Campbell Union High,43694014338505,High Schools (Public),False,339.0,320.0,94.4,165.0,51.6,323.0,82.7,38.0,29.0,162.0,9.0,29.0,1569.0,282.0,0.1797323135755258,2649.5,2633.5,73.0,55.0
WESTMONT HIGH SCHOOL,2018,111.0,68.0,40.0,0.6126126126126126,0.5882352941176471,Campbell,Santa Clara,Campbell Union High,43694014338505,High Schools (Public),False,350.0,336.0,96.0,198.0,58.9,343.0,84.0,37.0,39.0,162.0,13.0,37.0,1615.0,419.0,0.2594427244582043,2645.1,2611.5,71.84,44.48
WESTMONT HIGH SCHOOL,2019,108.0,59.0,34.0,0.5462962962962963,0.576271186440678,Campbell,Santa Clara,Campbell Union High,43694014338505,High Schools (Public),False,354.0,331.0,93.5,196.0,59.2,337.0,81.0,31.0,39.0,152.0,12.0,39.0,1601.0,434.0,0.2710805746408494,2643.3,2617.6,72.55,50.7
WESTMONT HIGH SCHOOL,2020,127.0,90.0,36.0,0.7086614173228346,0.4,Campbell,Santa Clara,Campbell Union High,43694014338505,High Schools (Public),False,355.0,335.0,94.4,237.0,70.7,340.0,85.3,34.0,52.0,146.0,16.0,42.0,1682.0,423.0,0.2514863258026159,2650.7,2630.2,71.79,53.62
WESTMONT HIGH SCHOOL,2021,118.0,62.0,25.0,0.5254237288135594,0.4032258064516129,Campbell,Santa Clara,Campbell Union High,43694014338505,High Schools (Public),False,388.0,361.0,93.0,226.0,62.6,363.0,80.4,22.0,42.0,175.0,7.0,46.0,1723.0,423.0,0.2455020313406848,,,,
WESTMONT HIGH SCHOOL,2022,133.0,78.0,30.0,0.5864661654135338,0.38461538461538464,Campbell,Santa Clara,Campbell Union High,43694014338505,High Schools (Public),False,363.0,351.0,96.7,215.0,61.3,359.0,82.7,25.0,53.0,155.0,14.0,50.0,,,,2665.4,2653.8,77.78,58.25
WESTMONT HIGH SCHOOL,2023,144.0,98.0,54.0,0.6805555555555556,0.5510204081632653,Campbell,Santa Clara,Campbell Union High,43694014338505,High Schools (Public),False,417.0,400.0,95.9,257.0,64.3,404.0,83.7,48.0,50.0,175.0,7.0,58.0,1741.0,638.0,0.366456059735784,2660.6,2633.8,75.78,54.72
WESTMONT HIGH SCHOOL,2024,147.0,91.0,49.0,0.6190476190476191,0.5384615384615384,Campbell,Santa Clara,Campbell Union High,43694014338505,High Schools (Public),False,398.0,384.0,96.5,263.0,68.5,,,,,,,,1726.0,684.0,0.3962920046349942,2642.9,2623.5,70.13,50.39
WESTMONT HIGH SCHOOL,2025,149.0,113.0,49.0,0.7583892617449665,0.4336283185840708,Campbell,Santa Clara,Campbell Union High,43694014338505,High Schools (Public),False,408.0,392.0,96.1,275.0,70.2,,,,,,,,1682.0,706.0,0.4197384066587395,2632.3,2616.6,70.03,48.5
WESTMOOR HIGH SCHOOL,2005,60.0,52.0,35.0,0.8666666666666667,0.6730769230769231,Daly City,San Mateo,Jefferson Union High,41689244137790,High Schools (Public),False,,,,,,,,,,,,,,,,,,,
WESTMOOR HIGH SCHOOL,2006,65.0,58.0,31.0,0.8923076923076924,0.5344827586206896,Daly City,San Mateo,Jefferson Union High,41689244137790,High Schools (Public),False,,,,,,,,,,,,,,,,,,,
WESTMOOR HIGH SCHOOL,2007,83.0,73.0,43.0,0.8795180722891566,0.589041095890411,Daly City,San Mateo,Jefferson Union High,41689244137790,High Schools (Public),False,,,,,,,,,,,,,,,,,,,
WESTMOOR HIGH SCHOOL,2008,94.0,89.0,47.0,0.9468085106382979,0.5280898876404494,Daly City,San Mateo,Jefferson Union High,41689244137790,High Schools (Public),False,,,,,,,,,,,,,,,,,,,
WESTMOOR HIGH SCHOOL,2009,80.0,72.0,35.0,0.9,0.4861111111111111,Daly City,San Mateo,Jefferson Union High,41689244137790,High Schools (Public),False,,,,,,,,,,,,,,,,,,,
WESTMOOR HIGH SCHOOL,2010,81.0,71.0,46.0,0.8765432098765432,0.647887323943662,Daly City,San Mateo,Jefferson Union High,41689244137790,High Schools (Public),False,,,,,,,,,,,,,,,,,,,
WESTMOOR HIGH SCHOOL,2011,93.0,67.0,39.0,0.7204301075268817,0.582089552238806,Daly City,San Mateo,Jefferson Union High,41689244137790,High Schools (Public),False,,,,,,,,,,,,,,,,,,,
WESTMOOR HIGH SCHOOL,2012,89.0,63.0,45.0,0.7078651685393258,0.7142857142857143,Daly City,San Mateo,Jefferson Union High,41689244137790,High Schools (Public),False,,,,,,,,,,,,,,,,,,,
WESTMOOR HIGH SCHOOL,2013,96.0,57.0,35.0,0.59375,0.6140350877192983,Daly City,San Mateo,Jefferson Union High,41689244137790,High Schools (Public),False,,,,,,,,,,,,,,,,,,,
WESTMOOR HIGH SCHOOL,2014,80.0,58.0,35.0,0.725,0.603448275862069,Daly City,San Mateo,Jefferson Union High,41689244137790,High Schools (Public),False,,,,,,,,,,,,,1651.0,,,,,,
WESTMOOR HIGH SCHOOL,2015,75.0,44.0,30.0,0.5866666666666667,0.6818181818181818,Daly City,San Mateo,Jefferson Union High,41689244137790,High Schools (Public),False,,,,,,384.0,81.3,27.0,51.0,215.0,13.0,6.0,1690.0,628.0,0.3715976331360947,,,,
WESTMOOR HIGH SCHOOL,2016,90.0,68.0,41.0,0.7555555555555555,0.6029411764705882,Daly City,San Mateo,Jefferson Union High,41689244137790,High Schools (Public),False,,,,,,377.0,82.8,41.0,48.0,205.0,14.0,4.0,1669.0,648.0,0.3882564409826243,2562.2,2569.5,44.0,33.0
WESTMOOR HIGH SCHOOL,2017,87.0,55.0,32.0,0.632183908045977,0.5818181818181818,Daly City,San Mateo,Jefferson Union High,41689244137790,High Schools (Public),False,383.0,351.0,91.6,175.0,49.9,354.0,85.3,32.0,45.0,208.0,12.0,5.0,1598.0,588.0,0.3679599499374217,2571.5,2557.8,48.0,30.0
WESTMOOR HIGH SCHOOL,2018,93.0,54.0,36.0,0.5806451612903226,0.6666666666666666,Daly City,San Mateo,Jefferson Union High,41689244137790,High Schools (Public),False,439.0,395.0,90.0,178.0,45.1,398.0,82.2,36.0,60.0,216.0,12.0,3.0,1579.0,633.0,0.4008866371120962,2640.9,2609.3,75.54,46.39
WESTMOOR HIGH SCHOOL,2019,93.0,53.0,32.0,0.5698924731182796,0.6037735849056604,Daly City,San Mateo,Jefferson Union High,41689244137790,High Schools (Public),False,399.0,367.0,92.0,152.0,41.4,370.0,78.9,31.0,38.0,202.0,14.0,7.0,1526.0,482.0,0.3158584534731323,2627.0,2606.4,70.54,45.82
WESTMOOR HIGH SCHOOL,2020,78.0,59.0,40.0,0.7564102564102564,0.6779661016949152,Daly City,San Mateo,Jefferson Union High,41689244137790,High Schools (Public),False,362.0,337.0,93.1,140.0,41.5,340.0,73.5,39.0,40.0,160.0,7.0,4.0,1432.0,484.0,0.3379888268156424,2608.1,2600.6,61.1,44.41
WESTMOOR HIGH SCHOOL,2021,73.0,43.0,24.0,0.589041095890411,0.5581395348837209,Daly City,San Mateo,Jefferson Union High,41689244137790,High Schools (Public),False,357.0,336.0,94.1,134.0,39.9,335.0,78.5,21.0,43.0,189.0,6.0,4.0,1396.0,421.0,0.3015759312320917,,,,
WESTMOOR HIGH SCHOOL,2022,85.0,50.0,26.0,0.5882352941176471,0.52,Daly City,San Mateo,Jefferson Union High,41689244137790,High Schools (Public),False,327.0,291.0,89.0,129.0,44.3,306.0,79.4,26.0,39.0,165.0,5.0,8.0,,,,2661.9,2643.1,77.27,55.91
WESTMOOR HIGH SCHOOL,2023,79.0,45.0,22.0,0.569620253164557,0.4888888888888889,Daly City,San Mateo,Jefferson Union High,41689244137790,High Schools (Public),False,313.0,290.0,92.7,133.0,45.9,297.0,74.1,20.0,37.0,148.0,12.0,3.0,1302.0,411.0,0.315668202764977,2626.4,2583.3,68.98,37.38
WESTMOOR HIGH SCHOOL,2024,93.0,58.0,33.0,0.6236559139784946,0.5689655172413793,Daly City,San Mateo,Jefferson Union High,41689244137790,High Schools (Public),False,336.0,311.0,92.6,153.0,49.2,,,,,,,,1256.0,453.0,0.3606687898089172,2623.6,2582.9,66.25,39.31
WESTMOOR HIGH SCHOOL,2025,94.0,72.0,43.0,0.7659574468085106,0.5972222222222222,Daly City,San Mateo,Jefferson Union High,41689244137790,High Schools (Public),False,333.0,310.0,93.1,146.0,47.1,,,,,,,,1278.0,522.0,0.4084507042253521,2620.9,2576.1,65.59,35.05
WILL C WOOD HIGH SCHOOL,2005,41.0,36.0,22.0,0.8780487804878049,0.6111111111111112,Vacaville,Solano,Vacaville Unified,48705734830089,High Schools (Public),False,,,,,,,,,,,,,,,,,,,
WILL C WOOD HIGH SCHOOL,2006,34.0,29.0,17.0,0.8529411764705882,0.5862068965517241,Vacaville,Solano,Vacaville Unified,48705734830089,High Schools (Public),False,,,,,,,,,,,,,,,,,,,
WILL C WOOD HIGH SCHOOL,2007,41.0,37.0,18.0,0.9024390243902439,0.4864864864864865,Vacaville,Solano,Vacaville Unified,48705734830089,High Schools (Public),False,,,,,,,,,,,,,,,,,,,
WILL C WOOD HIGH SCHOOL,2008,49.0,42.0,22.0,0.8571428571428571,0.5238095238095238,Vacaville,Solano,Vacaville Unified,48705734830089,High Schools (Public),False,,,,,,,,,,,,,,,,,,,
WILL C WOOD HIGH SCHOOL,2009,44.0,41.0,20.0,0.9318181818181818,0.4878048780487805,Vacaville,Solano,Vacaville Unified,48705734830089,High Schools (Public),False,,,,,,,,,,,,,,,,,,,
WILL C WOOD HIGH SCHOOL,2010,30.0,26.0,13.0,0.8666666666666667,0.5,Vacaville,Solano,Vacaville Unified,48705734830089,High Schools (Public),False,,,,,,,,,,,,,,,,,,,
WILL C WOOD HIGH SCHOOL,2011,34.0,23.0,15.0,0.6764705882352942,0.6521739130434783,Vacaville,Solano,Vacaville Unified,48705734830089,High Schools (Public),False,,,,,,,,,,,,,,,,,,,
WILL C WOOD HIGH SCHOOL,2012,36.0,25.0,15.0,0.6944444444444444,0.6,Vacaville,Solano,Vacaville Unified,48705734830089,High Schools (Public),False,,,,,,,,,,,,,,,,,,,
WILL C WOOD HIGH SCHOOL,2013,38.0,24.0,16.0,0.631578947368421,0.6666666666666666,Vacaville,Solano,Vacaville Unified,48705734830089,High Schools (Public),False,,,,,,,,,,,,,,,,,,,
WILL C WOOD HIGH SCHOOL,2014,36.0,25.0,17.0,0.6944444444444444,0.68,Vacaville,Solano,Vacaville Unified,48705734830089,High Schools (Public),False,,,,,,,,,,,,,1606.0,,,,,,
WILL C WOOD HIGH SCHOOL,2015,39.0,24.0,13.0,0.6153846153846154,0.5416666666666666,Vacaville,Solano,Vacaville Unified,48705734830089,High Schools (Public),False,,,,,,357.0,55.2,11.0,34.0,128.0,8.0,16.0,1695.0,602.0,0.3551622418879056,,,,
WILL C WOOD HIGH SCHOOL,2016,38.0,23.0,12.0,0.6052631578947368,0.5217391304347826,Vacaville,Solano,Vacaville Unified,48705734830089,High Schools (Public),False,,,,,,390.0,56.2,11.0,24.0,159.0,4.0,21.0,1712.0,649.0,0.379088785046729,2617.2,2575.1,66.0,36.0
WILL C WOOD HIGH SCHOOL,2017,58.0,34.0,21.0,0.5862068965517241,0.6176470588235294,Vacaville,Solano,Vacaville Unified,48705734830089,High Schools (Public),False,363.0,344.0,94.8,149.0,43.3,348.0,64.9,21.0,43.0,143.0,5.0,14.0,1646.0,655.0,0.3979343863912515,2618.9,2591.1,69.0,40.0
WILL C WOOD HIGH SCHOOL,2018,53.0,27.0,18.0,0.5094339622641509,0.6666666666666666,Vacaville,Solano,Vacaville Unified,48705734830089,High Schools (Public),False,369.0,352.0,95.4,156.0,44.3,352.0,62.5,18.0,31.0,145.0,5.0,21.0,1667.0,710.0,0.4259148170365927,2625.3,2582.0,71.18,35.47
WILL C WOOD HIGH SCHOOL,2019,52.0,32.0,23.0,0.6153846153846154,0.71875,Vacaville,Solano,Vacaville Unified,48705734830089,High Schools (Public),False,360.0,347.0,96.4,169.0,48.7,350.0,59.4,22.0,29.0,138.0,7.0,12.0,1682.0,744.0,0.4423305588585018,2598.4,2568.0,57.49,32.93
WILL C WOOD HIGH SCHOOL,2020,48.0,27.0,19.0,0.5625,0.7037037037037037,Vacaville,Solano,Vacaville Unified,48705734830089,High Schools (Public),False,416.0,393.0,94.5,187.0,47.6,400.0,53.5,19.0,40.0,141.0,5.0,9.0,1728.0,832.0,0.4814814814814814,2604.3,2555.7,63.8,25.27
WILL C WOOD HIGH SCHOOL,2021,42.0,22.0,12.0,0.5238095238095238,0.5454545454545454,Vacaville,Solano,Vacaville Unified,48705734830089,High Schools (Public),False,349.0,333.0,95.4,164.0,49.2,340.0,53.2,12.0,33.0,119.0,3.0,14.0,1680.0,688.0,0.4095238095238095,,,,
WILL C WOOD HIGH SCHOOL,2022,62.0,35.0,18.0,0.5645161290322581,0.5142857142857142,Vacaville,Solano,Vacaville Unified,48705734830089,High Schools (Public),False,405.0,391.0,96.5,185.0,47.3,387.0,50.6,16.0,40.0,111.0,4.0,25.0,,,,,,,
WILL C WOOD HIGH SCHOOL,2023,59.0,32.0,21.0,0.5423728813559322,0.65625,Vacaville,Solano,Vacaville Unified,48705734830089,High Schools (Public),False,386.0,359.0,93.0,158.0,44.0,361.0,58.7,21.0,36.0,141.0,4.0,10.0,1670.0,704.0,0.4215568862275449,2595.3,2525.0,57.97,18.29
WILL C WOOD HIGH SCHOOL,2024,65.0,43.0,23.0,0.6615384615384615,0.5348837209302325,Vacaville,Solano,Vacaville Unified,48705734830089,High Schools (Public),False,385.0,343.0,89.1,155.0,45.2,,,,,,,,1681.0,589.0,0.3503866745984533,2588.1,2513.2,52.0,18.95
WILL C WOOD HIGH SCHOOL,2025,56.0,43.0,19.0,0.7678571428571429,0.4418604651162791,Vacaville,Solano,Vacaville Unified,48705734830089,High Schools (Public),False,420.0,387.0,92.1,189.0,48.8,,,,,,,,1671.0,966.0,0.578096947935368,2582.1,2514.6,53.76,18.03
WILLIAM C OVERFELT HIGH SCHOOL,2005,17.0,14.0,11.0,0.8235294117647058,0.7857142857142857,San Jose,Santa Clara,East Side Union High,43694274335428,High Schools (Public),False,,,,,,,,,,,,,,,,,,,
WILLIAM C OVERFELT HIGH SCHOOL,2006,22.0,18.0,13.0,0.8181818181818182,0.7222222222222222,San Jose,Santa Clara,East Side Union High,43694274335428,High Schools (Public),False,,,,,,,,,,,,,,,,,,,
WILLIAM C OVERFELT HIGH SCHOOL,2007,21.0,14.0,4.0,0.6666666666666666,0.2857142857142857,San Jose,Santa Clara,East Side Union High,43694274335428,High Schools (Public),False,,,,,,,,,,,,,,,,,,,
WILLIAM C OVERFELT HIGH SCHOOL,2008,20.0,15.0,7.0,0.75,0.4666666666666667,San Jose,Santa Clara,East Side Union High,43694274335428,High Schools (Public),False,,,,,,,,,,,,,,,,,,,
WILLIAM C OVERFELT HIGH SCHOOL,2009,31.0,29.0,16.0,0.9354838709677419,0.5517241379310345,San Jose,Santa Clara,East Side Union High,43694274335428,High Schools (Public),False,,,,,,,,,,,,,,,,,,,
WILLIAM C OVERFELT HIGH SCHOOL,2010,26.0,22.0,9.0,0.8461538461538461,0.4090909090909091,San Jose,Santa Clara,East Side Union High,43694274335428,High Schools (Public),False,,,,,,,,,,,,,,,,,,,
WILLIAM C OVERFELT HIGH SCHOOL,2011,27.0,20.0,11.0,0.7407407407407407,0.55,San Jose,Santa Clara,East Side Union High,43694274335428,High Schools (Public),False,,,,,,,,,,,,,,,,,,,
WILLIAM C OVERFELT HIGH SCHOOL,2012,31.0,25.0,16.0,0.8064516129032258,0.64,San Jose,Santa Clara,East Side Union High,43694274335428,High Schools (Public),False,,,,,,,,,,,,,,,,,,,
WILLIAM C OVERFELT HIGH SCHOOL,2013,32.0,21.0,10.0,0.65625,0.47619047619047616,San Jose,Santa Clara,East Side Union High,43694274335428,High Schools (Public),False,,,,,,,,,,,,,,,,,,,
WILLIAM C OVERFELT HIGH SCHOOL,2014,65.0,43.0,20.0,0.6615384615384615,0.46511627906976744,San Jose,Santa Clara,East Side Union High,43694274335428,High Schools (Public),False,,,,,,,,,,,,,1447.0,,,,,,
WILLIAM C OVERFELT HIGH SCHOOL,2015,46.0,32.0,19.0,0.6956521739130435,0.59375,San Jose,Santa Clara,East Side Union High,43694274335428,High Schools (Public),False,,,,,,256.0,66.4,14.0,38.0,114.0,1.0,3.0,1455.0,1254.0,0.8618556701030928,,,,
WILLIAM C OVERFELT HIGH SCHOOL,2016,38.0,25.0,18.0,0.6578947368421053,0.72,San Jose,Santa Clara,East Side Union High,43694274335428,High Schools (Public),False,,,,,,242.0,71.5,16.0,34.0,118.0,1.0,4.0,1449.0,1162.0,0.8019323671497585,2564.4,2528.5,47.0,17.0
WILLIAM C OVERFELT HIGH SCHOOL,2017,61.0,39.0,23.0,0.639344262295082,0.5897435897435898,San Jose,Santa Clara,East Side Union High,43694274335428,High Schools (Public),False,336.0,268.0,79.8,101.0,37.7,280.0,67.5,21.0,44.0,113.0,5.0,6.0,1462.0,1305.0,0.8926128590971272,2558.7,2535.0,44.0,22.0
WILLIAM C OVERFELT HIGH SCHOOL,2018,82.0,41.0,13.0,0.5,0.3170731707317073,San Jose,Santa Clara,East Side Union High,43694274335428,High Schools (Public),False,356.0,295.0,82.9,143.0,48.5,304.0,77.3,13.0,85.0,127.0,6.0,4.0,1511.0,1350.0,0.8934480476505625,2585.3,2551.7,54.55,23.33
WILLIAM C OVERFELT HIGH SCHOOL,2019,64.0,34.0,14.0,0.53125,0.4117647058823529,San Jose,Santa Clara,East Side Union High,43694274335428,High Schools (Public),False,325.0,269.0,82.8,119.0,44.2,278.0,66.9,14.0,50.0,114.0,2.0,6.0,1438.0,1106.0,0.7691237830319889,2551.7,2525.4,41.37,17.15
WILLIAM C OVERFELT HIGH SCHOOL,2020,76.0,58.0,25.0,0.7631578947368421,0.43103448275862066,San Jose,Santa Clara,East Side Union High,43694274335428,High Schools (Public),False,311.0,250.0,80.4,113.0,45.2,257.0,75.5,24.0,50.0,109.0,3.0,8.0,1388.0,968.0,0.6974063400576369,2569.4,2546.5,47.43,23.91
WILLIAM C OVERFELT HIGH SCHOOL,2021,62.0,46.0,21.0,0.7419354838709677,0.45652173913043476,San Jose,Santa Clara,East Side Union High,43694274335428,High Schools (Public),False,378.0,285.0,75.4,120.0,42.1,296.0,66.9,20.0,40.0,118.0,9.0,11.0,1427.0,862.0,0.6040644709180099,,,,
WILLIAM C OVERFELT HIGH SCHOOL,2022,41.0,34.0,14.0,0.8292682926829268,0.4117647058823529,San Jose,Santa Clara,East Side Union High,43694274335428,High Schools (Public),False,317.0,274.0,86.4,70.0,25.5,299.0,63.5,12.0,48.0,121.0,4.0,5.0,,,,2560.8,2522.0,47.27,17.36
WILLIAM C OVERFELT HIGH SCHOOL,2023,44.0,34.0,5.0,0.7727272727272727,0.14705882352941177,San Jose,Santa Clara,East Side Union High,43694274335428,High Schools (Public),False,312.0,239.0,76.6,100.0,41.8,244.0,72.5,5.0,50.0,115.0,2.0,5.0,1349.0,633.0,0.469236471460341,2541.2,2493.6,38.81,11.11
WILLIAM C OVERFELT HIGH SCHOOL,2024,61.0,43.0,9.0,0.7049180327868853,0.20930232558139536,San Jose,Santa Clara,East Side Union High,43694274335428,High Schools (Public),False,329.0,277.0,84.2,103.0,37.2,,,,,,,,1367.0,749.0,0.5479151426481346,2547.5,2495.0,42.86,9.25
WILLIAM C OVERFELT HIGH SCHOOL,2025,52.0,42.0,14.0,0.8076923076923077,0.3333333333333333,San Jose,Santa Clara,East Side Union High,43694274335428,High Schools (Public),False,329.0,281.0,85.4,108.0,38.4,,,,,,,,1363.0,854.0,0.6265590608950844,2527.2,2474.0,32.53,8.93
WILLOW GLEN HIGH SCHOOL,2005,28.0,26.0,15.0,0.9285714285714286,0.5769230769230769,San Jose,Santa Clara,San Jose Unified,43696664338950,High Schools (Public),False,,,,,,,,,,,,,,,,,,,
WILLOW GLEN HIGH SCHOOL,2006,35.0,31.0,15.0,0.8857142857142857,0.4838709677419355,San Jose,Santa Clara,San Jose Unified,43696664338950,High Schools (Public),False,,,,,,,,,,,,,,,,,,,
WILLOW GLEN HIGH SCHOOL,2007,55.0,54.0,31.0,0.9818181818181818,0.5740740740740741,San Jose,Santa Clara,San Jose Unified,43696664338950,High Schools (Public),False,,,,,,,,,,,,,,,,,,,
WILLOW GLEN HIGH SCHOOL,2008,40.0,38.0,24.0,0.95,0.631578947368421,San Jose,Santa Clara,San Jose Unified,43696664338950,High Schools (Public),False,,,,,,,,,,,,,,,,,,,
WILLOW GLEN HIGH SCHOOL,2009,38.0,35.0,20.0,0.9210526315789473,0.5714285714285714,San Jose,Santa Clara,San Jose Unified,43696664338950,High Schools (Public),False,,,,,,,,,,,,,,,,,,,
WILLOW GLEN HIGH SCHOOL,2010,47.0,43.0,22.0,0.9148936170212766,0.5116279069767442,San Jose,Santa Clara,San Jose Unified,43696664338950,High Schools (Public),False,,,,,,,,,,,,,,,,,,,
WILLOW GLEN HIGH SCHOOL,2011,47.0,41.0,18.0,0.8723404255319149,0.43902439024390244,San Jose,Santa Clara,San Jose Unified,43696664338950,High Schools (Public),False,,,,,,,,,,,,,,,,,,,
WILLOW GLEN HIGH SCHOOL,2012,66.0,54.0,29.0,0.8181818181818182,0.5370370370370371,San Jose,Santa Clara,San Jose Unified,43696664338950,High Schools (Public),False,,,,,,,,,,,,,,,,,,,
WILLOW GLEN HIGH SCHOOL,2013,76.0,41.0,22.0,0.5394736842105263,0.5365853658536586,San Jose,Santa Clara,San Jose Unified,43696664338950,High Schools (Public),False,,,,,,,,,,,,,,,,,,,
WILLOW GLEN HIGH SCHOOL,2014,88.0,54.0,32.0,0.6136363636363636,0.5925925925925926,San Jose,Santa Clara,San Jose Unified,43696664338950,High Schools (Public),False,,,,,,,,,,,,,1659.0,,,,,,
WILLOW GLEN HIGH SCHOOL,2015,85.0,39.0,14.0,0.4588235294117647,0.358974358974359,San Jose,Santa Clara,San Jose Unified,43696664338950,High Schools (Public),False,,,,,,348.0,69.3,11.0,55.0,129.0,18.0,28.0,1660.0,582.0,0.3506024096385542,,,,
WILLOW GLEN HIGH SCHOOL,2016,101.0,71.0,36.0,0.7029702970297029,0.5070422535211268,San Jose,Santa Clara,San Jose Unified,43696664338950,High Schools (Public),False,,,,,,361.0,70.4,33.0,47.0,139.0,14.0,21.0,1697.0,636.0,0.374779021803182,2612.5,2567.4,65.0,33.0
WILLOW GLEN HIGH SCHOOL,2017,121.0,77.0,38.0,0.6363636363636364,0.4935064935064935,San Jose,Santa Clara,San Jose Unified,43696664338950,High Schools (Public),False,410.0,388.0,94.6,189.0,48.7,390.0,81.8,36.0,57.0,177.0,21.0,28.0,1711.0,652.0,0.3810637054354179,2593.8,2556.9,57.0,30.0
WILLOW GLEN HIGH SCHOOL,2018,88.0,45.0,24.0,0.5113636363636364,0.5333333333333333,San Jose,Santa Clara,San Jose Unified,43696664338950,High Schools (Public),False,396.0,371.0,93.7,161.0,43.4,372.0,81.5,24.0,54.0,172.0,12.0,41.0,1698.0,638.0,0.375736160188457,2582.2,2561.6,50.96,30.03
WILLOW GLEN HIGH SCHOOL,2019,103.0,59.0,27.0,0.5728155339805825,0.4576271186440678,San Jose,Santa Clara,San Jose Unified,43696664338950,High Schools (Public),False,394.0,381.0,96.7,0.0,0.0,387.0,77.8,24.0,50.0,175.0,17.0,35.0,1737.0,646.0,0.3719055843408175,2572.5,2562.8,49.07,29.79
WILLOW GLEN HIGH SCHOOL,2020,109.0,82.0,49.0,0.7522935779816514,0.5975609756097561,San Jose,Santa Clara,San Jose Unified,43696664338950,High Schools (Public),False,376.0,364.0,96.8,204.0,56.0,366.0,79.0,45.0,52.0,137.0,14.0,41.0,1703.0,626.0,0.367586611861421,2600.3,2580.4,54.72,37.53
WILLOW GLEN HIGH SCHOOL,2021,127.0,78.0,41.0,0.6141732283464567,0.5256410256410257,San Jose,Santa Clara,San Jose Unified,43696664338950,High Schools (Public),False,399.0,381.0,95.5,228.0,59.8,383.0,78.3,39.0,67.0,135.0,8.0,51.0,1697.0,517.0,0.304655274012964,,,,
WILLOW GLEN HIGH SCHOOL,2022,140.0,82.0,38.0,0.5857142857142857,0.4634146341463415,San Jose,Santa Clara,San Jose Unified,43696664338950,High Schools (Public),False,409.0,395.0,96.6,228.0,57.7,395.0,80.5,36.0,57.0,169.0,10.0,46.0,,,,2620.7,2596.2,62.76,38.58
WILLOW GLEN HIGH SCHOOL,2023,114.0,76.0,38.0,0.6666666666666666,0.5,San Jose,Santa Clara,San Jose Unified,43696664338950,High Schools (Public),False,378.0,351.0,92.9,181.0,51.6,351.0,81.5,37.0,57.0,143.0,11.0,38.0,1656.0,573.0,0.3460144927536231,2597.2,2553.7,57.29,30.13
WILLOW GLEN HIGH SCHOOL,2024,121.0,80.0,38.0,0.6611570247933884,0.475,San Jose,Santa Clara,San Jose Unified,43696664338950,High Schools (Public),False,365.0,340.0,93.2,182.0,53.5,,,,,,,,1580.0,622.0,0.3936708860759493,2600.5,2566.6,56.58,32.11
WILLOW GLEN HIGH SCHOOL,2025,129.0,96.0,46.0,0.7441860465116279,0.4791666666666667,San Jose,Santa Clara,San Jose Unified,43696664338950,High Schools (Public),False,375.0,351.0,93.6,184.0,52.4,,,,,,,,1543.0,599.0,0.3882047958522359,2588.7,2564.7,55.85,32.18
WINDSOR HIGH SCHOOL,2005,37.0,32.0,16.0,0.8648648648648649,0.5,Windsor,Sonoma,Windsor Unified,49753584930228,High Schools (Public),False,,,,,,,,,,,,,,,,,,,
WINDSOR HIGH SCHOOL,2006,35.0,28.0,18.0,0.8,0.6428571428571429,Windsor,Sonoma,Windsor Unified,49753584930228,High Schools (Public),False,,,,,,,,,,,,,,,,,,,
WINDSOR HIGH SCHOOL,2007,41.0,36.0,17.0,0.8780487804878049,0.4722222222222222,Windsor,Sonoma,Windsor Unified,49753584930228,High Schools (Public),False,,,,,,,,,,,,,,,,,,,
WINDSOR HIGH SCHOOL,2008,47.0,41.0,15.0,0.8723404255319149,0.36585365853658536,Windsor,Sonoma,Windsor Unified,49753584930228,High Schools (Public),False,,,,,,,,,,,,,,,,,,,
WINDSOR HIGH SCHOOL,2009,50.0,43.0,23.0,0.86,0.5348837209302325,Windsor,Sonoma,Windsor Unified,49753584930228,High Schools (Public),False,,,,,,,,,,,,,,,,,,,
WINDSOR HIGH SCHOOL,2010,46.0,36.0,13.0,0.782608695652174,0.3611111111111111,Windsor,Sonoma,Windsor Unified,49753584930228,High Schools (Public),False,,,,,,,,,,,,,,,,,,,
WINDSOR HIGH SCHOOL,2011,45.0,38.0,18.0,0.8444444444444444,0.47368421052631576,Windsor,Sonoma,Windsor Unified,49753584930228,High Schools (Public),False,,,,,,,,,,,,,,,,,,,
WINDSOR HIGH SCHOOL,2012,39.0,31.0,15.0,0.7948717948717948,0.4838709677419355,Windsor,Sonoma,Windsor Unified,49753584930228,High Schools (Public),False,,,,,,,,,,,,,,,,,,,
WINDSOR HIGH SCHOOL,2013,76.0,44.0,25.0,0.5789473684210527,0.5681818181818182,Windsor,Sonoma,Windsor Unified,49753584930228,High Schools (Public),False,,,,,,,,,,,,,,,,,,,
WINDSOR HIGH SCHOOL,2014,56.0,30.0,16.0,0.5357142857142857,0.5333333333333333,Windsor,Sonoma,Windsor Unified,49753584930228,High Schools (Public),False,,,,,,,,,,,,,1712.0,,,,,,
WINDSOR HIGH SCHOOL,2015,59.0,39.0,17.0,0.6610169491525424,0.4358974358974359,Windsor,Sonoma,Windsor Unified,49753584930228,High Schools (Public),False,,,,,,344.0,72.4,14.0,53.0,147.0,4.0,31.0,1689.0,625.0,0.3700414446417999,,,,
WINDSOR HIGH SCHOOL,2016,58.0,41.0,25.0,0.7068965517241379,0.6097560975609756,Windsor,Sonoma,Windsor Unified,49753584930228,High Schools (Public),False,,,,,,398.0,70.9,25.0,47.0,175.0,8.0,27.0,1712.0,502.0,0.2932242990654206,2613.1,2575.8,64.0,33.0
WINDSOR HIGH SCHOOL,2017,85.0,36.0,19.0,0.4235294117647059,0.5277777777777778,Windsor,Sonoma,Windsor Unified,49753584930228,High Schools (Public),False,415.0,400.0,96.4,162.0,40.5,408.0,71.1,19.0,69.0,166.0,6.0,30.0,1711.0,488.0,0.2852133255406195,2616.7,2574.1,68.0,33.0
WINDSOR HIGH SCHOOL,2018,44.0,30.0,15.0,0.6818181818181818,0.5,Windsor,Sonoma,Windsor Unified,49753584930228,High Schools (Public),False,400.0,365.0,91.3,128.0,35.1,371.0,66.0,14.0,34.0,157.0,14.0,26.0,1707.0,532.0,0.3116578793204452,2614.0,2550.2,67.76,21.94
WINDSOR HIGH SCHOOL,2019,71.0,34.0,19.0,0.4788732394366197,0.5588235294117647,Windsor,Sonoma,Windsor Unified,49753584930228,High Schools (Public),False,397.0,373.0,94.0,155.0,41.6,377.0,65.0,17.0,42.0,140.0,18.0,28.0,1742.0,556.0,0.3191733639494833,2602.1,2565.2,57.67,27.2
WINDSOR HIGH SCHOOL,2020,77.0,52.0,24.0,0.6753246753246753,0.46153846153846156,Windsor,Sonoma,Windsor Unified,49753584930228,High Schools (Public),False,414.0,393.0,94.9,162.0,41.2,394.0,67.5,23.0,46.0,162.0,5.0,30.0,1656.0,764.0,0.4613526570048309,2596.7,2562.8,53.75,29.75
WINDSOR HIGH SCHOOL,2021,58.0,31.0,19.0,0.5344827586206896,0.6129032258064516,Windsor,Sonoma,Windsor Unified,49753584930228,High Schools (Public),False,382.0,360.0,94.2,149.0,41.4,366.0,58.5,16.0,35.0,119.0,12.0,32.0,1581.0,743.0,0.4699557242251739,,,,
WINDSOR HIGH SCHOOL,2022,76.0,45.0,18.0,0.5921052631578947,0.4,Windsor,Sonoma,Windsor Unified,49753584930228,High Schools (Public),False,417.0,401.0,96.2,169.0,42.1,402.0,66.4,18.0,44.0,165.0,7.0,33.0,,,,,,,
WINDSOR HIGH SCHOOL,2023,63.0,39.0,19.0,0.6190476190476191,0.48717948717948717,Windsor,Sonoma,Windsor Unified,49753584930228,High Schools (Public),False,351.0,341.0,97.2,128.0,37.5,350.0,70.6,19.0,38.0,165.0,4.0,21.0,1603.0,744.0,0.4641297567061759,2603.7,2554.0,56.76,26.89
WINDSOR HIGH SCHOOL,2024,52.0,29.0,16.0,0.5576923076923077,0.5517241379310345,Windsor,Sonoma,Windsor Unified,49753584930228,High Schools (Public),False,384.0,371.0,96.6,148.0,39.9,,,,,,,,1638.0,723.0,0.4413919413919414,2592.1,2533.2,54.78,22.97
WINDSOR HIGH SCHOOL,2025,82.0,59.0,26.0,0.7195121951219512,0.4406779661016949,Windsor,Sonoma,Windsor Unified,49753584930228,High Schools (Public),False,417.0,399.0,95.7,159.0,39.8,,,,,,,,1700.0,822.0,0.4835294117647059,2598.3,2542.2,59.57,22.17
WOODSIDE HIGH SCHOOL,2005,84.0,65.0,35.0,0.7738095238095238,0.5384615384615384,Woodside,San Mateo,Sequoia Union High,41690624138053,High Schools (Public),False,,,,,,,,,,,,,,,,,,,
WOODSIDE HIGH SCHOOL,2006,74.0,65.0,38.0,0.8783783783783784,0.5846153846153846,Woodside,San Mateo,Sequoia Union High,41690624138053,High Schools (Public),False,,,,,,,,,,,,,,,,,,,
WOODSIDE HIGH SCHOOL,2007,88.0,79.0,39.0,0.8977272727272727,0.4936708860759494,Woodside,San Mateo,Sequoia Union High,41690624138053,High Schools (Public),False,,,,,,,,,,,,,,,,,,,
WOODSIDE HIGH SCHOOL,2008,92.0,77.0,40.0,0.8369565217391305,0.5194805194805194,Woodside,San Mateo,Sequoia Union High,41690624138053,High Schools (Public),False,,,,,,,,,,,,,,,,,,,
WOODSIDE HIGH SCHOOL,2009,89.0,74.0,34.0,0.8314606741573034,0.4594594594594595,Woodside,San Mateo,Sequoia Union High,41690624138053,High Schools (Public),False,,,,,,,,,,,,,,,,,,,
WOODSIDE HIGH SCHOOL,2010,96.0,79.0,36.0,0.8229166666666666,0.45569620253164556,Woodside,San Mateo,Sequoia Union High,41690624138053,High Schools (Public),False,,,,,,,,,,,,,,,,,,,
WOODSIDE HIGH SCHOOL,2011,79.0,52.0,25.0,0.6582278481012658,0.4807692307692308,Woodside,San Mateo,Sequoia Union High,41690624138053,High Schools (Public),False,,,,,,,,,,,,,,,,,,,
WOODSIDE HIGH SCHOOL,2012,100.0,76.0,33.0,0.76,0.4342105263157895,Woodside,San Mateo,Sequoia Union High,41690624138053,High Schools (Public),False,,,,,,,,,,,,,,,,,,,
WOODSIDE HIGH SCHOOL,2013,101.0,61.0,22.0,0.6039603960396039,0.36065573770491804,Woodside,San Mateo,Sequoia Union High,41690624138053,High Schools (Public),False,,,,,,,,,,,,,,,,,,,
WOODSIDE HIGH SCHOOL,2014,90.0,52.0,33.0,0.5777777777777777,0.6346153846153846,Woodside,San Mateo,Sequoia Union High,41690624138053,High Schools (Public),False,,,,,,,,,,,,,1780.0,,,,,,
WOODSIDE HIGH SCHOOL,2015,107.0,63.0,36.0,0.5887850467289719,0.5714285714285714,Woodside,San Mateo,Sequoia Union High,41690624138053,High Schools (Public),False,,,,,,344.0,68.3,31.0,52.0,107.0,19.0,26.0,1815.0,779.0,0.4292011019283746,,,,
WOODSIDE HIGH SCHOOL,2016,121.0,87.0,43.0,0.71900826446281,0.4942528735632184,Woodside,San Mateo,Sequoia Union High,41690624138053,High Schools (Public),False,,,,,,381.0,79.5,40.0,53.0,153.0,18.0,39.0,1781.0,735.0,0.4126895002807411,2600.5,2574.3,59.0,32.0
WOODSIDE HIGH SCHOOL,2017,131.0,69.0,29.0,0.5267175572519084,0.42028985507246375,Woodside,San Mateo,Sequoia Union High,41690624138053,High Schools (Public),False,413.0,369.0,89.3,231.0,62.6,377.0,73.7,27.0,70.0,132.0,13.0,36.0,1790.0,585.0,0.3268156424581006,2590.6,2573.0,57.0,35.0
WOODSIDE HIGH SCHOOL,2018,139.0,71.0,31.0,0.5107913669064749,0.43661971830985913,Woodside,San Mateo,Sequoia Union High,41690624138053,High Schools (Public),False,400.0,360.0,90.0,254.0,70.6,369.0,79.4,29.0,50.0,121.0,29.0,64.0,1848.0,702.0,0.3798701298701298,2632.1,2599.6,70.15,44.39
WOODSIDE HIGH SCHOOL,2019,130.0,75.0,31.0,0.5769230769230769,0.41333333333333333,Woodside,San Mateo,Sequoia Union High,41690624138053,High Schools (Public),False,428.0,376.0,87.9,247.0,65.7,380.0,78.9,31.0,52.0,144.0,18.0,55.0,1964.0,755.0,0.3844195519348269,2610.3,2582.9,61.41,36.67
WOODSIDE HIGH SCHOOL,2020,145.0,103.0,41.0,0.7103448275862069,0.39805825242718446,Woodside,San Mateo,Sequoia Union High,41690624138053,High Schools (Public),False,427.0,377.0,88.3,250.0,66.3,385.0,74.5,37.0,44.0,135.0,20.0,51.0,1922.0,655.0,0.3407908428720083,2616.5,2592.1,64.34,39.55
WOODSIDE HIGH SCHOOL,2021,190.0,118.0,42.0,0.6210526315789474,0.3559322033898305,Woodside,San Mateo,Sequoia Union High,41690624138053,High Schools (Public),False,483.0,442.0,91.5,309.0,69.9,449.0,80.8,40.0,57.0,150.0,25.0,91.0,1909.0,525.0,0.2750130958617077,,,,
WOODSIDE HIGH SCHOOL,2022,178.0,98.0,48.0,0.550561797752809,0.4897959183673469,Woodside,San Mateo,Sequoia Union High,41690624138053,High Schools (Public),False,502.0,463.0,92.2,344.0,74.3,466.0,80.9,48.0,67.0,166.0,19.0,77.0,,,,,,,
WOODSIDE HIGH SCHOOL,2023,163.0,102.0,36.0,0.6257668711656442,0.35294117647058826,Woodside,San Mateo,Sequoia Union High,41690624138053,High Schools (Public),False,433.0,392.0,90.5,265.0,67.6,402.0,79.9,35.0,41.0,152.0,18.0,75.0,1694.0,420.0,0.2479338842975206,2621.6,2589.1,65.68,41.04
WOODSIDE HIGH SCHOOL,2024,182.0,135.0,69.0,0.7417582417582418,0.5111111111111111,Woodside,San Mateo,Sequoia Union High,41690624138053,High Schools (Public),False,447.0,410.0,91.7,287.0,70.0,,,,,,,,1646.0,463.0,0.2812879708383961,2613.5,2588.3,64.19,44.11
WOODSIDE HIGH SCHOOL,2025,166.0,123.0,46.0,0.7409638554216867,0.37398373983739835,Woodside,San Mateo,Sequoia Union High,41690624138053,High Schools (Public),False,420.0,382.0,91.0,261.0,68.3,,,,,,,,1660.0,476.0,0.2867469879518072,2602.5,2592.8,60.99,39.63
YERBA BUENA HIGH SCHOOL,2005,38.0,36.0,22.0,0.9473684210526315,0.6111111111111112,San Jose,Santa Clara,East Side Union High,43694274330015,High Schools (Public),False,,,,,,,,,,,,,,,,,,,
YERBA BUENA HIGH SCHOOL,2006,35.0,31.0,17.0,0.8857142857142857,0.5483870967741935,San Jose,Santa Clara,East Side Union High,43694274330015,High Schools (Public),False,,,,,,,,,,,,,,,,,,,
YERBA BUENA HIGH SCHOOL,2007,23.0,21.0,17.0,0.9130434782608695,0.8095238095238095,San Jose,Santa Clara,East Side Union High,43694274330015,High Schools (Public),False,,,,,,,,,,,,,,,,,,,
YERBA BUENA HIGH SCHOOL,2008,38.0,33.0,21.0,0.868421052631579,0.6363636363636364,San Jose,Santa Clara,East Side Union High,43694274330015,High Schools (Public),False,,,,,,,,,,,,,,,,,,,
YERBA BUENA HIGH SCHOOL,2009,43.0,39.0,25.0,0.9069767441860465,0.6410256410256411,San Jose,Santa Clara,East Side Union High,43694274330015,High Schools (Public),False,,,,,,,,,,,,,,,,,,,
YERBA BUENA HIGH SCHOOL,2010,44.0,41.0,26.0,0.9318181818181818,0.6341463414634146,San Jose,Santa Clara,East Side Union High,43694274330015,High Schools (Public),False,,,,,,,,,,,,,,,,,,,
YERBA BUENA HIGH SCHOOL,2011,44.0,36.0,24.0,0.8181818181818182,0.6666666666666666,San Jose,Santa Clara,East Side Union High,43694274330015,High Schools (Public),False,,,,,,,,,,,,,,,,,,,
YERBA BUENA HIGH SCHOOL,2012,41.0,30.0,21.0,0.7317073170731707,0.7,San Jose,Santa Clara,East Side Union High,43694274330015,High Schools (Public),False,,,,,,,,,,,,,,,,,,,
YERBA BUENA HIGH SCHOOL,2013,59.0,38.0,25.0,0.6440677966101694,0.6578947368421053,San Jose,Santa Clara,East Side Union High,43694274330015,High Schools (Public),False,,,,,,,,,,,,,,,,,,,
YERBA BUENA HIGH SCHOOL,2014,56.0,36.0,24.0,0.6428571428571429,0.6666666666666666,San Jose,Santa Clara,East Side Union High,43694274330015,High Schools (Public),False,,,,,,,,,,,,,1692.0,,,,,,
YERBA BUENA HIGH SCHOOL,2015,73.0,48.0,32.0,0.6575342465753424,0.6666666666666666,San Jose,Santa Clara,East Side Union High,43694274330015,High Schools (Public),False,,,,,,342.0,66.7,26.0,50.0,145.0,1.0,6.0,1782.0,1390.0,0.7800224466891134,,,,
YERBA BUENA HIGH SCHOOL,2016,82.0,54.0,31.0,0.6585365853658537,0.5740740740740741,San Jose,Santa Clara,East Side Union High,43694274330015,High Schools (Public),False,,,,,,363.0,67.2,29.0,54.0,154.0,2.0,5.0,1788.0,1226.0,0.685682326621924,2584.3,2566.3,52.0,30.0
YERBA BUENA HIGH SCHOOL,2017,116.0,76.0,43.0,0.6551724137931034,0.5657894736842105,San Jose,Santa Clara,East Side Union High,43694274330015,High Schools (Public),False,438.0,357.0,81.5,136.0,38.1,367.0,70.3,40.0,57.0,158.0,1.0,2.0,1791.0,1367.0,0.7632607481853713,2581.3,2570.9,51.0,38.0
YERBA BUENA HIGH SCHOOL,2018,109.0,70.0,47.0,0.6422018348623854,0.6714285714285714,San Jose,Santa Clara,East Side Union High,43694274330015,High Schools (Public),False,470.0,388.0,82.6,167.0,43.0,400.0,74.5,43.0,68.0,182.0,3.0,2.0,1824.0,1344.0,0.7368421052631579,2584.5,2575.1,51.92,31.48
YERBA BUENA HIGH SCHOOL,2019,108.0,64.0,42.0,0.5925925925925926,0.65625,San Jose,Santa Clara,East Side Union High,43694274330015,High Schools (Public),False,424.0,360.0,84.9,144.0,40.0,370.0,68.4,41.0,44.0,164.0,2.0,2.0,1706.0,1123.0,0.6582649472450176,2581.2,2559.8,52.66,30.0
YERBA BUENA HIGH SCHOOL,2020,100.0,75.0,48.0,0.75,0.64,San Jose,Santa Clara,East Side Union High,43694274330015,High Schools (Public),False,426.0,365.0,85.7,186.0,51.0,377.0,72.7,44.0,56.0,161.0,6.0,7.0,1784.0,1126.0,0.6311659192825112,2588.2,2561.0,55.44,30.29
YERBA BUENA HIGH SCHOOL,2021,105.0,80.0,28.0,0.7619047619047619,0.35,San Jose,Santa Clara,East Side Union High,43694274330015,High Schools (Public),False,466.0,397.0,85.2,212.0,53.4,404.0,72.5,29.0,74.0,174.0,7.0,9.0,1722.0,1048.0,0.6085946573751452,,,,
YERBA BUENA HIGH SCHOOL,2022,110.0,76.0,36.0,0.6909090909090909,0.47368421052631576,San Jose,Santa Clara,East Side Union High,43694274330015,High Schools (Public),False,393.0,343.0,87.3,177.0,51.6,354.0,74.6,35.0,68.0,145.0,10.0,6.0,,,,2601.0,2603.0,56.0,40.71
YERBA BUENA HIGH SCHOOL,2023,139.0,113.0,57.0,0.8129496402877698,0.504424778761062,San Jose,Santa Clara,East Side Union High,43694274330015,High Schools (Public),False,462.0,414.0,89.6,235.0,56.8,421.0,76.7,56.0,83.0,170.0,10.0,4.0,1724.0,761.0,0.441415313225058,2584.9,2551.2,54.36,30.65
YERBA BUENA HIGH SCHOOL,2024,79.0,61.0,34.0,0.7721518987341772,0.5573770491803278,San Jose,Santa Clara,East Side Union High,43694274330015,High Schools (Public),False,370.0,334.0,90.3,167.0,50.0,,,,,,,,1621.0,889.0,0.5484268969771746,2572.8,2540.0,51.18,28.57
YERBA BUENA HIGH SCHOOL,2025,118.0,98.0,43.0,0.8305084745762712,0.4387755102040816,San Jose,Santa Clara,East Side Union High,43694274330015,High Schools (Public),False,437.0,413.0,94.5,224.0,54.2,,,,,,,,1612.0,998.0,0.6191066997518611,2580.9,2535.6,55.09,27.0
YGNACIO VALLEY HIGH SCHOOL,2005,48.0,41.0,21.0,0.8541666666666666,0.5121951219512195,Concord,Contra Costa,Mt. Diablo Unified,07617540737809,High Schools (Public),False,,,,,,,,,,,,,,,,,,,
YGNACIO VALLEY HIGH SCHOOL,2006,43.0,36.0,21.0,0.8372093023255814,0.5833333333333334,Concord,Contra Costa,Mt. Diablo Unified,07617540737809,High Schools (Public),False,,,,,,,,,,,,,,,,,,,
YGNACIO VALLEY HIGH SCHOOL,2007,38.0,37.0,22.0,0.9736842105263158,0.5945945945945946,Concord,Contra Costa,Mt. Diablo Unified,07617540737809,High Schools (Public),False,,,,,,,,,,,,,,,,,,,
YGNACIO VALLEY HIGH SCHOOL,2008,36.0,34.0,20.0,0.9444444444444444,0.5882352941176471,Concord,Contra Costa,Mt. Diablo Unified,07617540737809,High Schools (Public),False,,,,,,,,,,,,,,,,,,,
YGNACIO VALLEY HIGH SCHOOL,2009,29.0,26.0,17.0,0.896551724137931,0.6538461538461539,Concord,Contra Costa,Mt. Diablo Unified,07617540737809,High Schools (Public),False,,,,,,,,,,,,,,,,,,,
YGNACIO VALLEY HIGH SCHOOL,2010,30.0,27.0,16.0,0.9,0.5925925925925926,Concord,Contra Costa,Mt. Diablo Unified,07617540737809,High Schools (Public),False,,,,,,,,,,,,,,,,,,,
YGNACIO VALLEY HIGH SCHOOL,2011,36.0,33.0,22.0,0.9166666666666666,0.6666666666666666,Concord,Contra Costa,Mt. Diablo Unified,07617540737809,High Schools (Public),False,,,,,,,,,,,,,,,,,,,
YGNACIO VALLEY HIGH SCHOOL,2012,21.0,15.0,8.0,0.7142857142857143,0.5333333333333333,Concord,Contra Costa,Mt. Diablo Unified,07617540737809,High Schools (Public),False,,,,,,,,,,,,,,,,,,,
YGNACIO VALLEY HIGH SCHOOL,2013,30.0,22.0,9.0,0.7333333333333333,0.4090909090909091,Concord,Contra Costa,Mt. Diablo Unified,07617540737809,High Schools (Public),False,,,,,,,,,,,,,,,,,,,
YGNACIO VALLEY HIGH SCHOOL,2014,22.0,13.0,10.0,0.5909090909090909,0.7692307692307693,Concord,Contra Costa,Mt. Diablo Unified,07617540737809,High Schools (Public),False,,,,,,,,,,,,,1158.0,,,,,,
YGNACIO VALLEY HIGH SCHOOL,2015,27.0,12.0,8.0,0.4444444444444444,0.6666666666666666,Concord,Contra Costa,Mt. Diablo Unified,07617540737809,High Schools (Public),False,,,,,,237.0,55.7,7.0,12.0,102.0,3.0,8.0,1134.0,857.0,0.7557319223985891,,,,
YGNACIO VALLEY HIGH SCHOOL,2016,26.0,15.0,6.0,0.5769230769230769,0.4,Concord,Contra Costa,Mt. Diablo Unified,07617540737809,High Schools (Public),False,,,,,,186.0,57.5,6.0,14.0,79.0,1.0,7.0,1139.0,851.0,0.7471466198419666,2546.8,2512.6,38.0,15.0
YGNACIO VALLEY HIGH SCHOOL,2017,19.0,13.0,9.0,0.6842105263157895,0.6923076923076923,Concord,Contra Costa,Mt. Diablo Unified,07617540737809,High Schools (Public),False,249.0,201.0,80.7,45.0,22.4,208.0,51.0,7.0,5.0,81.0,3.0,10.0,1246.0,908.0,0.7287319422150883,2558.1,2524.1,40.0,15.0
YGNACIO VALLEY HIGH SCHOOL,2018,27.0,21.0,13.0,0.7777777777777778,0.6190476190476191,Concord,Contra Costa,Mt. Diablo Unified,07617540737809,High Schools (Public),False,270.0,246.0,91.1,47.0,19.1,249.0,52.2,13.0,13.0,98.0,0.0,6.0,1246.0,913.0,0.7327447833065811,2536.2,2489.7,31.3,7.6
YGNACIO VALLEY HIGH SCHOOL,2019,40.0,24.0,15.0,0.6,0.625,Concord,Contra Costa,Mt. Diablo Unified,07617540737809,High Schools (Public),False,268.0,243.0,90.7,61.0,25.1,245.0,53.9,13.0,17.0,95.0,3.0,4.0,1220.0,966.0,0.7918032786885246,2526.1,2503.6,29.21,13.48
YGNACIO VALLEY HIGH SCHOOL,2020,43.0,28.0,12.0,0.6511627906976745,0.42857142857142855,Concord,Contra Costa,Mt. Diablo Unified,07617540737809,High Schools (Public),False,293.0,247.0,84.3,86.0,34.8,251.0,55.4,12.0,12.0,103.0,5.0,7.0,1285.0,893.0,0.6949416342412451,2534.5,2500.8,34.08,13.33
YGNACIO VALLEY HIGH SCHOOL,2021,33.0,24.0,10.0,0.7272727272727273,0.4166666666666667,Concord,Contra Costa,Mt. Diablo Unified,07617540737809,High Schools (Public),False,261.0,218.0,83.5,89.0,40.8,220.0,57.3,9.0,16.0,86.0,13.0,2.0,1265.0,853.0,0.6743083003952569,,,,
YGNACIO VALLEY HIGH SCHOOL,2022,36.0,27.0,11.0,0.75,0.4074074074074074,Concord,Contra Costa,Mt. Diablo Unified,07617540737809,High Schools (Public),False,260.0,229.0,88.1,73.0,31.9,232.0,48.3,9.0,15.0,79.0,8.0,1.0,,,,2539.9,2484.7,33.53,14.37
YGNACIO VALLEY HIGH SCHOOL,2023,27.0,26.0,13.0,0.9629629629629629,0.5,Concord,Contra Costa,Mt. Diablo Unified,07617540737809,High Schools (Public),False,279.0,242.0,86.7,94.0,38.8,244.0,59.8,12.0,10.0,114.0,3.0,7.0,1172.0,955.0,0.8148464163822525,2574.5,2496.7,47.51,11.11
YGNACIO VALLEY HIGH SCHOOL,2024,45.0,29.0,10.0,0.6444444444444445,0.3448275862068966,Concord,Contra Costa,Mt. Diablo Unified,07617540737809,High Schools (Public),False,286.0,256.0,89.5,65.0,25.4,,,,,,,,1111.0,957.0,0.8613861386138614,2534.2,2465.4,36.14,6.37
YGNACIO VALLEY HIGH SCHOOL,2025,43.0,28.0,9.0,0.6511627906976745,0.32142857142857145,Concord,Contra Costa,Mt. Diablo Unified,07617540737809,High Schools (Public),False,250.0,225.0,90.0,50.0,22.2,,,,,,,,1059.0,863.0,0.8149197355996223,2535.0,2468.7,39.06,8.05
YOUTH EMPOWERMENT SCHOOL,2008,6.0,,,,,Oakland,Alameda,,,,,,,,,,,,,,,,,,,,,,,
YOUTH EMPOWERMENT SCHOOL,2009,6.0,4,,0.6666666666666666,,Oakland,Alameda,,,,,,,,,,,,,,,,,,,,,,,
YOUTH EMPOWERMENT SCHOOL,2010,9.0,8,,0.8888888888888888,,Oakland,Alameda,,,,,,,,,,,,,,,,,,,,,,,
YOUTH EMPOWERMENT SCHOOL,2011,9.0,7.0,5.0,0.7777777777777778,0.7142857142857143,Oakland,Alameda,,,,,,,,,,,,,,,,,,,,,,,
